*** Default configuration is based on 'defconfig'
#
# configuration written to .config
#
Using .config as base
Merging ./arch/arm64/configs/sm8250.config
Value of CONFIG_LOCALVERSION is redefined by fragment ./arch/arm64/configs/sm8250.config:
Previous value: CONFIG_LOCALVERSION=""
New value: CONFIG_LOCALVERSION="-sm8250"

Value of CONFIG_LOCALVERSION_AUTO is redefined by fragment ./arch/arm64/configs/sm8250.config:
Previous value: CONFIG_LOCALVERSION_AUTO=y
New value: CONFIG_LOCALVERSION_AUTO=n

Value of CONFIG_DRM_PANEL_SAMSUNG_AMS667XX01 is redefined by fragment ./arch/arm64/configs/sm8250.config:
Previous value: # CONFIG_DRM_PANEL_SAMSUNG_AMS667XX01 is not set
New value: CONFIG_DRM_PANEL_SAMSUNG_AMS667XX01=m

Value of CONFIG_DRM_PANEL_SAMSUNG_AMS667UU01 is redefined by fragment ./arch/arm64/configs/sm8250.config:
Previous value: # CONFIG_DRM_PANEL_SAMSUNG_AMS667UU01 is not set
New value: CONFIG_DRM_PANEL_SAMSUNG_AMS667UU01=y

Value of CONFIG_TOUCHSCREEN_FOCALTECH_FTS5452 is redefined by fragment ./arch/arm64/configs/sm8250.config:
Previous value: # CONFIG_TOUCHSCREEN_FOCALTECH_FTS5452 is not set
New value: CONFIG_TOUCHSCREEN_FOCALTECH_FTS5452=m

Value of CONFIG_TOUCHSCREEN_FTS is redefined by fragment ./arch/arm64/configs/sm8250.config:
Previous value: # CONFIG_TOUCHSCREEN_FTS is not set
New value: CONFIG_TOUCHSCREEN_FTS=m

Value of CONFIG_TOUCHSCREEN_FT8756 is redefined by fragment ./arch/arm64/configs/sm8250.config:
Previous value: # CONFIG_TOUCHSCREEN_FT8756 is not set
New value: CONFIG_TOUCHSCREEN_FT8756=y

Value of CONFIG_BATTERY_QCOM_FG is redefined by fragment ./arch/arm64/configs/sm8250.config:
Previous value: # CONFIG_BATTERY_QCOM_FG is not set
New value: CONFIG_BATTERY_QCOM_FG=y

Value of CONFIG_CHARGER_QCOM_SMB5 is redefined by fragment ./arch/arm64/configs/sm8250.config:
Previous value: # CONFIG_CHARGER_QCOM_SMB5 is not set
New value: CONFIG_CHARGER_QCOM_SMB5=y

Value of CONFIG_SND_SOC_CS35L41_I2C is redefined by fragment ./arch/arm64/configs/sm8250.config:
Previous value: # CONFIG_SND_SOC_CS35L41_I2C is not set
New value: CONFIG_SND_SOC_CS35L41_I2C=m

Value of CONFIG_MFD_QCOM_PM8008 is redefined by fragment ./arch/arm64/configs/sm8250.config:
Previous value: # CONFIG_MFD_QCOM_PM8008 is not set
New value: CONFIG_MFD_QCOM_PM8008=y

Value of CONFIG_TYPEC_MUX_FSA4480 is redefined by fragment ./arch/arm64/configs/sm8250.config:
Previous value: CONFIG_TYPEC_MUX_FSA4480=m
New value: CONFIG_TYPEC_MUX_FSA4480=y CONFIG_TYPEC_MUX_FSA4480=y

Value of CONFIG_NFC_NXP_NCI is redefined by fragment ./arch/arm64/configs/sm8250.config:
Previous value: # CONFIG_NFC_NXP_NCI is not set
New value: CONFIG_NFC_NXP_NCI=m

Value of CONFIG_VIDEO_S5K5E9 is redefined by fragment ./arch/arm64/configs/sm8250.config:
Previous value: # CONFIG_VIDEO_S5K5E9 is not set
New value: CONFIG_VIDEO_S5K5E9=m

Value of CONFIG_VIDEO_IMX355 is redefined by fragment ./arch/arm64/configs/sm8250.config:
Previous value: # CONFIG_VIDEO_IMX355 is not set
New value: CONFIG_VIDEO_IMX355=m

Value of CONFIG_VIDEO_IMX582 is redefined by fragment ./arch/arm64/configs/sm8250.config:
Previous value: # CONFIG_VIDEO_IMX582 is not set
New value: CONFIG_VIDEO_IMX582=m

Value of CONFIG_VIDEO_DW9800 is redefined by fragment ./arch/arm64/configs/sm8250.config:
Previous value: # CONFIG_VIDEO_DW9800 is not set
New value: CONFIG_VIDEO_DW9800=m

Value of CONFIG_LIRC is redefined by fragment ./arch/arm64/configs/sm8250.config:
Previous value: # CONFIG_LIRC is not set
New value: CONFIG_LIRC=y

Value of CONFIG_NR_CPUS is redefined by fragment ./arch/arm64/configs/sm8250.config:
Previous value: CONFIG_NR_CPUS=512
New value: CONFIG_NR_CPUS=8

Value of CONFIG_SCHED_CLUSTER is redefined by fragment ./arch/arm64/configs/sm8250.config:
Previous value: # CONFIG_SCHED_CLUSTER is not set
New value: CONFIG_SCHED_CLUSTER=y

Value of CONFIG_SCSI_UFS_QCOM is redefined by fragment ./arch/arm64/configs/sm8250.config:
Previous value: CONFIG_SCSI_UFS_QCOM=m
New value: CONFIG_SCSI_UFS_QCOM=y

Value of CONFIG_QCOM_LLCC is redefined by fragment ./arch/arm64/configs/sm8250.config:
Previous value: CONFIG_QCOM_LLCC=m
New value: CONFIG_QCOM_LLCC=y

Value of CONFIG_QCOM_RMTFS_MEM is redefined by fragment ./arch/arm64/configs/sm8250.config:
Previous value: CONFIG_QCOM_RMTFS_MEM=m
New value: CONFIG_QCOM_RMTFS_MEM=y

Value of CONFIG_QCOM_SOCINFO is redefined by fragment ./arch/arm64/configs/sm8250.config:
Previous value: CONFIG_QCOM_SOCINFO=m
New value: CONFIG_QCOM_SOCINFO=y

Value of CONFIG_QCOM_APR is redefined by fragment ./arch/arm64/configs/sm8250.config:
Previous value: CONFIG_QCOM_APR=m
New value: CONFIG_QCOM_APR=y

Value of CONFIG_POWER_RESET_QCOM_PON is redefined by fragment ./arch/arm64/configs/sm8250.config:
Previous value: CONFIG_POWER_RESET_QCOM_PON=m
New value: CONFIG_POWER_RESET_QCOM_PON=y

Value of CONFIG_QCOM_SPMI_TEMP_ALARM is redefined by fragment ./arch/arm64/configs/sm8250.config:
Previous value: CONFIG_QCOM_SPMI_TEMP_ALARM=m
New value: CONFIG_QCOM_SPMI_TEMP_ALARM=y

Value of CONFIG_QCOM_SPMI_ADC5 is redefined by fragment ./arch/arm64/configs/sm8250.config:
Previous value: CONFIG_QCOM_SPMI_ADC5=m
New value: CONFIG_QCOM_SPMI_ADC5=y

Value of CONFIG_QCOM_GPI_DMA is redefined by fragment ./arch/arm64/configs/sm8250.config:
Previous value: CONFIG_QCOM_GPI_DMA=m
New value: CONFIG_QCOM_GPI_DMA=y

Value of CONFIG_I2C_QCOM_GENI is redefined by fragment ./arch/arm64/configs/sm8250.config:
Previous value: CONFIG_I2C_QCOM_GENI=m
New value: CONFIG_I2C_QCOM_GENI=y

Value of CONFIG_QCOM_ICC_BWMON is redefined by fragment ./arch/arm64/configs/sm8250.config:
Previous value: CONFIG_QCOM_ICC_BWMON=m
New value: CONFIG_QCOM_ICC_BWMON=y

Value of CONFIG_QCOM_OCMEM is redefined by fragment ./arch/arm64/configs/sm8250.config:
Previous value: CONFIG_QCOM_OCMEM=m
New value: CONFIG_QCOM_OCMEM=y

Value of CONFIG_PINCTRL_LPASS_LPI is redefined by fragment ./arch/arm64/configs/sm8250.config:
Previous value: CONFIG_PINCTRL_LPASS_LPI=m
New value: CONFIG_PINCTRL_LPASS_LPI=y

Value of CONFIG_PINCTRL_SM8250_LPASS_LPI is redefined by fragment ./arch/arm64/configs/sm8250.config:
Previous value: CONFIG_PINCTRL_SM8250_LPASS_LPI=m
New value: CONFIG_PINCTRL_SM8250_LPASS_LPI=y

Value of CONFIG_SM_CAMCC_8250 is redefined by fragment ./arch/arm64/configs/sm8250.config:
Previous value: CONFIG_SM_CAMCC_8250=m
New value: CONFIG_SM_CAMCC_8250=y

Value of CONFIG_CLK_GFM_LPASS_SM8250 is redefined by fragment ./arch/arm64/configs/sm8250.config:
Previous value: CONFIG_CLK_GFM_LPASS_SM8250=m
New value: CONFIG_CLK_GFM_LPASS_SM8250=y

Value of CONFIG_SPI_QCOM_QSPI is redefined by fragment ./arch/arm64/configs/sm8250.config:
Previous value: CONFIG_SPI_QCOM_QSPI=m
New value: CONFIG_SPI_QCOM_QSPI=y

Value of CONFIG_SPI_QCOM_GENI is redefined by fragment ./arch/arm64/configs/sm8250.config:
Previous value: CONFIG_SPI_QCOM_GENI=m
New value: CONFIG_SPI_QCOM_GENI=y

Value of CONFIG_EFI_ZBOOT is redefined by fragment ./arch/arm64/configs/sm8250.config:
Previous value: # CONFIG_EFI_ZBOOT is not set
New value: CONFIG_EFI_ZBOOT=y

Value of CONFIG_FB_EFI is redefined by fragment ./arch/arm64/configs/sm8250.config:
Previous value: CONFIG_FB_EFI=y
New value: CONFIG_FB_EFI=n

Value of CONFIG_SND_SOC_QCOM is redefined by fragment ./arch/arm64/configs/sm8250.config:
Previous value: CONFIG_SND_SOC_QCOM=m
New value: CONFIG_SND_SOC_QCOM=y

Value of CONFIG_SND_SOC_LPASS_CPU is redefined by fragment ./arch/arm64/configs/sm8250.config:
Previous value: CONFIG_SND_SOC_LPASS_CPU=m
New value: CONFIG_SND_SOC_LPASS_CPU=y

Value of CONFIG_SND_SOC_LPASS_PLATFORM is redefined by fragment ./arch/arm64/configs/sm8250.config:
Previous value: CONFIG_SND_SOC_LPASS_PLATFORM=m
New value: CONFIG_SND_SOC_LPASS_PLATFORM=y

Value of CONFIG_SND_SOC_QCOM_COMMON is redefined by fragment ./arch/arm64/configs/sm8250.config:
Previous value: CONFIG_SND_SOC_QCOM_COMMON=m
New value: CONFIG_SND_SOC_QCOM_COMMON=y

Value of CONFIG_SND_SOC_QCOM_SDW is redefined by fragment ./arch/arm64/configs/sm8250.config:
Previous value: CONFIG_SND_SOC_QCOM_SDW=m
New value: CONFIG_SND_SOC_QCOM_SDW=y

Value of CONFIG_SND_SOC_QDSP6_COMMON is redefined by fragment ./arch/arm64/configs/sm8250.config:
Previous value: CONFIG_SND_SOC_QDSP6_COMMON=m
New value: CONFIG_SND_SOC_QDSP6_COMMON=y

Value of CONFIG_SND_SOC_QDSP6_CORE is redefined by fragment ./arch/arm64/configs/sm8250.config:
Previous value: CONFIG_SND_SOC_QDSP6_CORE=m
New value: CONFIG_SND_SOC_QDSP6_CORE=y

Value of CONFIG_SND_SOC_QDSP6_AFE is redefined by fragment ./arch/arm64/configs/sm8250.config:
Previous value: CONFIG_SND_SOC_QDSP6_AFE=m
New value: CONFIG_SND_SOC_QDSP6_AFE=y

Value of CONFIG_SND_SOC_QDSP6_AFE_DAI is redefined by fragment ./arch/arm64/configs/sm8250.config:
Previous value: CONFIG_SND_SOC_QDSP6_AFE_DAI=m
New value: CONFIG_SND_SOC_QDSP6_AFE_DAI=y

Value of CONFIG_SND_SOC_QDSP6_AFE_CLOCKS is redefined by fragment ./arch/arm64/configs/sm8250.config:
Previous value: CONFIG_SND_SOC_QDSP6_AFE_CLOCKS=m
New value: CONFIG_SND_SOC_QDSP6_AFE_CLOCKS=y

Value of CONFIG_SND_SOC_QDSP6_ADM is redefined by fragment ./arch/arm64/configs/sm8250.config:
Previous value: CONFIG_SND_SOC_QDSP6_ADM=m
New value: CONFIG_SND_SOC_QDSP6_ADM=y

Value of CONFIG_SND_SOC_QDSP6_ROUTING is redefined by fragment ./arch/arm64/configs/sm8250.config:
Previous value: CONFIG_SND_SOC_QDSP6_ROUTING=m
New value: CONFIG_SND_SOC_QDSP6_ROUTING=y

Value of CONFIG_SND_SOC_QDSP6_ASM is redefined by fragment ./arch/arm64/configs/sm8250.config:
Previous value: CONFIG_SND_SOC_QDSP6_ASM=m
New value: CONFIG_SND_SOC_QDSP6_ASM=y

Value of CONFIG_SND_SOC_QDSP6_ASM_DAI is redefined by fragment ./arch/arm64/configs/sm8250.config:
Previous value: CONFIG_SND_SOC_QDSP6_ASM_DAI=m
New value: CONFIG_SND_SOC_QDSP6_ASM_DAI=y

Value of CONFIG_SND_SOC_QDSP6_APM_DAI is redefined by fragment ./arch/arm64/configs/sm8250.config:
Previous value: CONFIG_SND_SOC_QDSP6_APM_DAI=m
New value: CONFIG_SND_SOC_QDSP6_APM_DAI=y

Value of CONFIG_SND_SOC_QDSP6_APM_LPASS_DAI is redefined by fragment ./arch/arm64/configs/sm8250.config:
Previous value: CONFIG_SND_SOC_QDSP6_APM_LPASS_DAI=m
New value: CONFIG_SND_SOC_QDSP6_APM_LPASS_DAI=y

Value of CONFIG_SND_SOC_QDSP6_APM is redefined by fragment ./arch/arm64/configs/sm8250.config:
Previous value: CONFIG_SND_SOC_QDSP6_APM=m
New value: CONFIG_SND_SOC_QDSP6_APM=y

Value of CONFIG_SND_SOC_QDSP6_PRM_LPASS_CLOCKS is redefined by fragment ./arch/arm64/configs/sm8250.config:
Previous value: CONFIG_SND_SOC_QDSP6_PRM_LPASS_CLOCKS=m
New value: CONFIG_SND_SOC_QDSP6_PRM_LPASS_CLOCKS=y

Value of CONFIG_SND_SOC_QDSP6_PRM is redefined by fragment ./arch/arm64/configs/sm8250.config:
Previous value: CONFIG_SND_SOC_QDSP6_PRM=m
New value: CONFIG_SND_SOC_QDSP6_PRM=y

Value of CONFIG_SND_SOC_QDSP6 is redefined by fragment ./arch/arm64/configs/sm8250.config:
Previous value: CONFIG_SND_SOC_QDSP6=m
New value: CONFIG_SND_SOC_QDSP6=y

Value of CONFIG_LEDS_TRIGGER_PATTERN is redefined by fragment ./arch/arm64/configs/sm8250.config:
Previous value: # CONFIG_LEDS_TRIGGER_PATTERN is not set
New value: CONFIG_LEDS_TRIGGER_PATTERN=y

Value of CONFIG_LEDS_TRIGGER_ONESHOT is redefined by fragment ./arch/arm64/configs/sm8250.config:
Previous value: # CONFIG_LEDS_TRIGGER_ONESHOT is not set
New value: CONFIG_LEDS_TRIGGER_ONESHOT=y

Value of CONFIG_LEDS_TRIGGER_BACKLIGHT is redefined by fragment ./arch/arm64/configs/sm8250.config:
Previous value: # CONFIG_LEDS_TRIGGER_BACKLIGHT is not set
New value: CONFIG_LEDS_TRIGGER_BACKLIGHT=y

Value of CONFIG_LEDS_TRIGGER_ACTIVITY is redefined by fragment ./arch/arm64/configs/sm8250.config:
Previous value: # CONFIG_LEDS_TRIGGER_ACTIVITY is not set
New value: CONFIG_LEDS_TRIGGER_ACTIVITY=y

Value of CONFIG_CMA_SIZE_MBYTES is redefined by fragment ./arch/arm64/configs/sm8250.config:
Previous value: CONFIG_CMA_SIZE_MBYTES=32
New value: CONFIG_CMA_SIZE_MBYTES=256

Value of CONFIG_LEDS_CLASS_FLASH is redefined by fragment ./arch/arm64/configs/sm8250.config:
Previous value: # CONFIG_LEDS_CLASS_FLASH is not set
New value: CONFIG_LEDS_CLASS_FLASH=y

Value of CONFIG_SLIMBUS is redefined by fragment ./arch/arm64/configs/sm8250.config:
Previous value: CONFIG_SLIMBUS=m
New value: CONFIG_SLIMBUS=y

Value of CONFIG_SLIM_QCOM_CTRL is redefined by fragment ./arch/arm64/configs/sm8250.config:
Previous value: CONFIG_SLIM_QCOM_CTRL=m
New value: CONFIG_SLIM_QCOM_CTRL=y

Value of CONFIG_SLIM_QCOM_NGD_CTRL is redefined by fragment ./arch/arm64/configs/sm8250.config:
Previous value: CONFIG_SLIM_QCOM_NGD_CTRL=m
New value: CONFIG_SLIM_QCOM_NGD_CTRL=y

Value of CONFIG_REMOTEPROC_CDEV is redefined by fragment ./arch/arm64/configs/sm8250.config:
Previous value: # CONFIG_REMOTEPROC_CDEV is not set
New value: CONFIG_REMOTEPROC_CDEV=y

Value of CONFIG_DRM is redefined by fragment ./arch/arm64/configs/sm8250.config:
Previous value: CONFIG_DRM=m
New value: CONFIG_DRM=y

Value of CONFIG_FB_SIMPLE is redefined by fragment ./arch/arm64/configs/sm8250.config:
Previous value: # CONFIG_FB_SIMPLE is not set
New value: CONFIG_FB_SIMPLE=y

Value of CONFIG_DRM_MSM is redefined by fragment ./arch/arm64/configs/sm8250.config:
Previous value: CONFIG_DRM_MSM=m
New value: CONFIG_DRM_MSM=y

Value of CONFIG_DRM_SIMPLEDRM is redefined by fragment ./arch/arm64/configs/sm8250.config:
Previous value: # CONFIG_DRM_SIMPLEDRM is not set
New value: CONFIG_DRM_SIMPLEDRM=y

Value of CONFIG_BACKLIGHT_CLASS_DEVICE is redefined by fragment ./arch/arm64/configs/sm8250.config:
Previous value: CONFIG_BACKLIGHT_CLASS_DEVICE=m
New value: CONFIG_BACKLIGHT_CLASS_DEVICE=y

Value of CONFIG_PM_AUTOSLEEP is redefined by fragment ./arch/arm64/configs/sm8250.config:
Previous value: # CONFIG_PM_AUTOSLEEP is not set
New value: CONFIG_PM_AUTOSLEEP=y

Value of CONFIG_PM_WAKELOCKS is redefined by fragment ./arch/arm64/configs/sm8250.config:
Previous value: # CONFIG_PM_WAKELOCKS is not set
New value: CONFIG_PM_WAKELOCKS=y

Value of CONFIG_LRU_GEN is redefined by fragment ./arch/arm64/configs/sm8250.config:
Previous value: # CONFIG_LRU_GEN is not set
New value: CONFIG_LRU_GEN=y

Value of CONFIG_SCSI_SCAN_ASYNC is redefined by fragment ./arch/arm64/configs/sm8250.config:
Previous value: # CONFIG_SCSI_SCAN_ASYNC is not set
New value: CONFIG_SCSI_SCAN_ASYNC=y

Value of CONFIG_DMABUF_HEAPS is redefined by fragment ./arch/arm64/configs/sm8250.config:
Previous value: # CONFIG_DMABUF_HEAPS is not set
New value: CONFIG_DMABUF_HEAPS=y

Value of CONFIG_UDMABUF is redefined by fragment ./arch/arm64/configs/sm8250.config:
Previous value: # CONFIG_UDMABUF is not set
New value: CONFIG_UDMABUF=y

Value of CONFIG_HZ_1000 is redefined by fragment ./arch/arm64/configs/sm8250.config:
Previous value: # CONFIG_HZ_1000 is not set
New value: CONFIG_HZ_1000=y

Value of CONFIG_QFMT_V2 is redefined by fragment ./arch/arm64/configs/sm8250.config:
Previous value: # CONFIG_QFMT_V2 is not set
New value: CONFIG_QFMT_V2=y

Value of CONFIG_HID_GENERIC is redefined by fragment ./arch/arm64/configs/sm8250.config:
Previous value: CONFIG_HID_GENERIC=y
New value: CONFIG_HID_GENERIC=m

Value of CONFIG_UHID is redefined by fragment ./arch/arm64/configs/sm8250.config:
Previous value: # CONFIG_UHID is not set
New value: CONFIG_UHID=m

Value of CONFIG_USB_HID is redefined by fragment ./arch/arm64/configs/sm8250.config:
Previous value: CONFIG_USB_HID=y
New value: CONFIG_USB_HID=m

Value of CONFIG_INPUT_JOYDEV is redefined by fragment ./arch/arm64/configs/sm8250.config:
Previous value: # CONFIG_INPUT_JOYDEV is not set
New value: CONFIG_INPUT_JOYDEV=m

Value of CONFIG_PSTORE_CONSOLE is redefined by fragment ./arch/arm64/configs/sm8250.config:
Previous value: # CONFIG_PSTORE_CONSOLE is not set
New value: CONFIG_PSTORE_CONSOLE=y

Value of CONFIG_PSTORE_PMSG is redefined by fragment ./arch/arm64/configs/sm8250.config:
Previous value: # CONFIG_PSTORE_PMSG is not set
New value: CONFIG_PSTORE_PMSG=y

Value of CONFIG_PSTORE_RAM is redefined by fragment ./arch/arm64/configs/sm8250.config:
Previous value: CONFIG_PSTORE_RAM=m
New value: CONFIG_PSTORE_RAM=y

Value of CONFIG_TYPEC is redefined by fragment ./arch/arm64/configs/sm8250.config:
Previous value: CONFIG_TYPEC=m
New value: CONFIG_TYPEC=y

Value of CONFIG_TYPEC_TCPM is redefined by fragment ./arch/arm64/configs/sm8250.config:
Previous value: CONFIG_TYPEC_TCPM=m
New value: CONFIG_TYPEC_TCPM=y

Value of CONFIG_TYPEC_TCPCI is redefined by fragment ./arch/arm64/configs/sm8250.config:
Previous value: CONFIG_TYPEC_TCPCI=m
New value: CONFIG_TYPEC_TCPCI=y

Value of CONFIG_TYPEC_UCSI is redefined by fragment ./arch/arm64/configs/sm8250.config:
Previous value: CONFIG_TYPEC_UCSI=m
New value: CONFIG_TYPEC_UCSI=y

Value of CONFIG_TYPEC_QCOM_PMIC is redefined by fragment ./arch/arm64/configs/sm8250.config:
Previous value: CONFIG_TYPEC_QCOM_PMIC=m
New value: CONFIG_TYPEC_QCOM_PMIC=y

Value of CONFIG_QCOM_PMIC_GLINK is redefined by fragment ./arch/arm64/configs/sm8250.config:
Previous value: CONFIG_QCOM_PMIC_GLINK=m
New value: CONFIG_QCOM_PMIC_GLINK=y

Value of CONFIG_UCSI_PMIC_GLINK is redefined by fragment ./arch/arm64/configs/sm8250.config:
Previous value: CONFIG_UCSI_PMIC_GLINK=m
New value: CONFIG_UCSI_PMIC_GLINK=y

Value of CONFIG_USB_CONFIGFS is redefined by fragment ./arch/arm64/configs/sm8250.config:
Previous value: CONFIG_USB_CONFIGFS=m
New value: CONFIG_USB_CONFIGFS=y

Value of CONFIG_USB_CONFIGFS_F_HID is redefined by fragment ./arch/arm64/configs/sm8250.config:
Previous value: # CONFIG_USB_CONFIGFS_F_HID is not set
New value: CONFIG_USB_CONFIGFS_F_HID=y

Value of CONFIG_USB_DWC3_ULPI is redefined by fragment ./arch/arm64/configs/sm8250.config:
Previous value: # CONFIG_USB_DWC3_ULPI is not set
New value: CONFIG_USB_DWC3_ULPI=y

Value of CONFIG_USB_GADGETFS is redefined by fragment ./arch/arm64/configs/sm8250.config:
Previous value: # CONFIG_USB_GADGETFS is not set
New value: CONFIG_USB_GADGETFS=m

Value of CONFIG_PHY_QCOM_SNPS_EUSB2 is redefined by fragment ./arch/arm64/configs/sm8250.config:
Previous value: CONFIG_PHY_QCOM_SNPS_EUSB2=m
New value: CONFIG_PHY_QCOM_SNPS_EUSB2=y

Value of CONFIG_PHY_QCOM_EUSB2_REPEATER is redefined by fragment ./arch/arm64/configs/sm8250.config:
Previous value: CONFIG_PHY_QCOM_EUSB2_REPEATER=m
New value: CONFIG_PHY_QCOM_EUSB2_REPEATER=y

Value of CONFIG_PHY_QCOM_QUSB2 is redefined by fragment ./arch/arm64/configs/sm8250.config:
Previous value: CONFIG_PHY_QCOM_QUSB2=m
New value: CONFIG_PHY_QCOM_QUSB2=y

Value of CONFIG_PHY_QCOM_USB_HS is redefined by fragment ./arch/arm64/configs/sm8250.config:
Previous value: CONFIG_PHY_QCOM_USB_HS=m
New value: CONFIG_PHY_QCOM_USB_HS=y

Value of CONFIG_PHY_QCOM_USB_HS_28NM is redefined by fragment ./arch/arm64/configs/sm8250.config:
Previous value: CONFIG_PHY_QCOM_USB_HS_28NM=m
New value: CONFIG_PHY_QCOM_USB_HS_28NM=y

Value of CONFIG_PHY_QCOM_USB_SS is redefined by fragment ./arch/arm64/configs/sm8250.config:
Previous value: CONFIG_PHY_QCOM_USB_SS=m
New value: CONFIG_PHY_QCOM_USB_SS=y

Value of CONFIG_PHY_QCOM_USB_SNPS_FEMTO_V2 is redefined by fragment ./arch/arm64/configs/sm8250.config:
Previous value: CONFIG_PHY_QCOM_USB_SNPS_FEMTO_V2=m
New value: CONFIG_PHY_QCOM_USB_SNPS_FEMTO_V2=y

Value of CONFIG_TYPEC_DP_ALTMODE is redefined by fragment ./arch/arm64/configs/sm8250.config:
Previous value: CONFIG_TYPEC_DP_ALTMODE=m
New value: CONFIG_TYPEC_DP_ALTMODE=y

Value of CONFIG_USB_USBNET is redefined by fragment ./arch/arm64/configs/sm8250.config:
Previous value: CONFIG_USB_USBNET=m
New value: CONFIG_USB_USBNET=y

Value of CONFIG_USB_NET_CDC_NCM is redefined by fragment ./arch/arm64/configs/sm8250.config:
Previous value: CONFIG_USB_NET_CDC_NCM=m
New value: CONFIG_USB_NET_CDC_NCM=y

Value of CONFIG_RPMSG_CHAR is redefined by fragment ./arch/arm64/configs/sm8250.config:
Previous value: CONFIG_RPMSG_CHAR=m
New value: CONFIG_RPMSG_CHAR=y

Value of CONFIG_BT_RFCOMM is redefined by fragment ./arch/arm64/configs/sm8250.config:
Previous value: # CONFIG_BT_RFCOMM is not set
New value: CONFIG_BT_RFCOMM=y

Value of CONFIG_BT_BNEP is redefined by fragment ./arch/arm64/configs/sm8250.config:
Previous value: # CONFIG_BT_BNEP is not set
New value: CONFIG_BT_BNEP=y

Value of CONFIG_BT_LE is redefined by fragment ./arch/arm64/configs/sm8250.config:
Previous value: # CONFIG_BT_LE is not set
New value: CONFIG_BT_LE=y

Value of CONFIG_HID_BATTERY_STRENGTH is redefined by fragment ./arch/arm64/configs/sm8250.config:
Previous value: # CONFIG_HID_BATTERY_STRENGTH is not set
New value: CONFIG_HID_BATTERY_STRENGTH=y

Value of CONFIG_HIDRAW is redefined by fragment ./arch/arm64/configs/sm8250.config:
Previous value: # CONFIG_HIDRAW is not set
New value: CONFIG_HIDRAW=y

Value of CONFIG_QCOM_FASTRPC is redefined by fragment ./arch/arm64/configs/sm8250.config:
Previous value: CONFIG_QCOM_FASTRPC=m
New value: CONFIG_QCOM_FASTRPC=y

Value of CONFIG_PHY_QCOM_QMP is redefined by fragment ./arch/arm64/configs/sm8250.config:
Previous value: CONFIG_PHY_QCOM_QMP=m
New value: CONFIG_PHY_QCOM_QMP=y

Value of CONFIG_PHY_QCOM_QMP_UFS is redefined by fragment ./arch/arm64/configs/sm8250.config:
Previous value: CONFIG_PHY_QCOM_QMP_UFS=m
New value: CONFIG_PHY_QCOM_QMP_UFS=y

Value of CONFIG_PHY_QCOM_QMP_PCIE is redefined by fragment ./arch/arm64/configs/sm8250.config:
Previous value: CONFIG_PHY_QCOM_QMP_PCIE=m
New value: CONFIG_PHY_QCOM_QMP_PCIE=y

Value of CONFIG_PHY_QCOM_QMP_USB is redefined by fragment ./arch/arm64/configs/sm8250.config:
Previous value: CONFIG_PHY_QCOM_QMP_USB=m
New value: CONFIG_PHY_QCOM_QMP_USB=y

Value of CONFIG_PHY_QCOM_QMP_COMBO is redefined by fragment ./arch/arm64/configs/sm8250.config:
Previous value: CONFIG_PHY_QCOM_QMP_COMBO=m
New value: CONFIG_PHY_QCOM_QMP_COMBO=y

Value of CONFIG_TCP_CONG_ADVANCED is redefined by fragment ./arch/arm64/configs/sm8250.config:
Previous value: # CONFIG_TCP_CONG_ADVANCED is not set
New value: CONFIG_TCP_CONG_ADVANCED=y

Value of CONFIG_BLK_DEV_RAM is redefined by fragment ./arch/arm64/configs/sm8250.config:
Previous value: # CONFIG_BLK_DEV_RAM is not set
New value: CONFIG_BLK_DEV_RAM=y

Value of CONFIG_BTRFS_FS is redefined by fragment ./arch/arm64/configs/sm8250.config:
Previous value: CONFIG_BTRFS_FS=m
New value: CONFIG_BTRFS_FS=y

Value of CONFIG_F2FS_FS is redefined by fragment ./arch/arm64/configs/sm8250.config:
Previous value: # CONFIG_F2FS_FS is not set
New value: CONFIG_F2FS_FS=y

Value of CONFIG_NLS_UTF8 is redefined by fragment ./arch/arm64/configs/sm8250.config:
Previous value: # CONFIG_NLS_UTF8 is not set
New value: CONFIG_NLS_UTF8=y

Value of CONFIG_NLS_DEFAULT is redefined by fragment ./arch/arm64/configs/sm8250.config:
Previous value: CONFIG_NLS_DEFAULT="iso8859-1"
New value: CONFIG_NLS_DEFAULT="utf8"

Value of CONFIG_FAT_DEFAULT_UTF8 is redefined by fragment ./arch/arm64/configs/sm8250.config:
Previous value: # CONFIG_FAT_DEFAULT_UTF8 is not set
New value: CONFIG_FAT_DEFAULT_UTF8=y

Value of CONFIG_EXFAT_FS is redefined by fragment ./arch/arm64/configs/sm8250.config:
Previous value: # CONFIG_EXFAT_FS is not set
New value: CONFIG_EXFAT_FS=m

Value of CONFIG_CPU_FREQ_GOV_POWERSAVE is redefined by fragment ./arch/arm64/configs/sm8250.config:
Previous value: CONFIG_CPU_FREQ_GOV_POWERSAVE=m
New value: CONFIG_CPU_FREQ_GOV_POWERSAVE=y

Value of CONFIG_SYN_COOKIES is redefined by fragment ./arch/arm64/configs/sm8250.config:
Previous value: # CONFIG_SYN_COOKIES is not set
New value: CONFIG_SYN_COOKIES=y

Value of CONFIG_UEVENT_HELPER is redefined by fragment ./arch/arm64/configs/sm8250.config:
Previous value: # CONFIG_UEVENT_HELPER is not set
New value: CONFIG_UEVENT_HELPER=y

Value of CONFIG_INPUT_UINPUT is redefined by fragment ./arch/arm64/configs/sm8250.config:
Previous value: # CONFIG_INPUT_UINPUT is not set
New value: CONFIG_INPUT_UINPUT=m

Value of CONFIG_U_SERIAL_CONSOLE is redefined by fragment ./arch/arm64/configs/sm8250.config:
Previous value: # CONFIG_U_SERIAL_CONSOLE is not set
New value: CONFIG_U_SERIAL_CONSOLE=y

Value of CONFIG_USB_ANNOUNCE_NEW_DEVICES is redefined by fragment ./arch/arm64/configs/sm8250.config:
Previous value: # CONFIG_USB_ANNOUNCE_NEW_DEVICES is not set
New value: CONFIG_USB_ANNOUNCE_NEW_DEVICES=y

Value of CONFIG_BLK_INLINE_ENCRYPTION is redefined by fragment ./arch/arm64/configs/sm8250.config:
Previous value: # CONFIG_BLK_INLINE_ENCRYPTION is not set
New value: CONFIG_BLK_INLINE_ENCRYPTION=y

Value of CONFIG_FS_ENCRYPTION is redefined by fragment ./arch/arm64/configs/sm8250.config:
Previous value: # CONFIG_FS_ENCRYPTION is not set
New value: CONFIG_FS_ENCRYPTION=y

Value of CONFIG_CRYPTO_USER_API_AEAD is redefined by fragment ./arch/arm64/configs/sm8250.config:
Previous value: # CONFIG_CRYPTO_USER_API_AEAD is not set
New value: CONFIG_CRYPTO_USER_API_AEAD=y

Value of CONFIG_CRYPTO_DEV_QCE is redefined by fragment ./arch/arm64/configs/sm8250.config:
Previous value: CONFIG_CRYPTO_DEV_QCE=m
New value: CONFIG_CRYPTO_DEV_QCE=n

Value of CONFIG_BRIDGE_NETFILTER is redefined by fragment ./arch/arm64/configs/sm8250.config:
Previous value: CONFIG_BRIDGE_NETFILTER=m
New value: CONFIG_BRIDGE_NETFILTER=y

Value of CONFIG_CHECKPOINT_RESTORE is redefined by fragment ./arch/arm64/configs/sm8250.config:
Previous value: # CONFIG_CHECKPOINT_RESTORE is not set
New value: CONFIG_CHECKPOINT_RESTORE=y

Value of CONFIG_PACKET_DIAG is redefined by fragment ./arch/arm64/configs/sm8250.config:
Previous value: # CONFIG_PACKET_DIAG is not set
New value: CONFIG_PACKET_DIAG=y

Value of CONFIG_UNIX_DIAG is redefined by fragment ./arch/arm64/configs/sm8250.config:
Previous value: # CONFIG_UNIX_DIAG is not set
New value: CONFIG_UNIX_DIAG=y

Value of CONFIG_NETLINK_DIAG is redefined by fragment ./arch/arm64/configs/sm8250.config:
Previous value: # CONFIG_NETLINK_DIAG is not set
New value: CONFIG_NETLINK_DIAG=m

Value of CONFIG_NETFILTER_XT_MATCH_COMMENT is redefined by fragment ./arch/arm64/configs/sm8250.config:
Previous value: # CONFIG_NETFILTER_XT_MATCH_COMMENT is not set
New value: CONFIG_NETFILTER_XT_MATCH_COMMENT=m

Value of CONFIG_ANDROID_BINDER_IPC is redefined by fragment ./arch/arm64/configs/sm8250.config:
Previous value: # CONFIG_ANDROID_BINDER_IPC is not set
New value: CONFIG_ANDROID_BINDER_IPC=y

Value of CONFIG_SQUASHFS_XATTR is redefined by fragment ./arch/arm64/configs/sm8250.config:
Previous value: # CONFIG_SQUASHFS_XATTR is not set
New value: CONFIG_SQUASHFS_XATTR=y

Value of CONFIG_SQUASHFS_LZ4 is redefined by fragment ./arch/arm64/configs/sm8250.config:
Previous value: # CONFIG_SQUASHFS_LZ4 is not set
New value: CONFIG_SQUASHFS_LZ4=y

Value of CONFIG_SQUASHFS_LZO is redefined by fragment ./arch/arm64/configs/sm8250.config:
Previous value: # CONFIG_SQUASHFS_LZO is not set
New value: CONFIG_SQUASHFS_LZO=y

Value of CONFIG_SQUASHFS_XZ is redefined by fragment ./arch/arm64/configs/sm8250.config:
Previous value: # CONFIG_SQUASHFS_XZ is not set
New value: CONFIG_SQUASHFS_XZ=y

Value of CONFIG_PSI is redefined by fragment ./arch/arm64/configs/sm8250.config:
Previous value: # CONFIG_PSI is not set
New value: CONFIG_PSI=y

Value of CONFIG_ATH12K_DEBUG is redefined by fragment ./arch/arm64/configs/sm8250.config:
Previous value: # CONFIG_ATH12K_DEBUG is not set
New value: CONFIG_ATH12K_DEBUG=y

Value of CONFIG_CFG80211_DEBUGFS is redefined by fragment ./arch/arm64/configs/sm8250.config:
Previous value: # CONFIG_CFG80211_DEBUGFS is not set
New value: CONFIG_CFG80211_DEBUGFS=y

Value of CONFIG_NET_SCH_HTB is redefined by fragment ./arch/arm64/configs/sm8250.config:
Previous value: # CONFIG_NET_SCH_HTB is not set
New value: CONFIG_NET_SCH_HTB=y

Value of CONFIG_NET_SCH_PRIO is redefined by fragment ./arch/arm64/configs/sm8250.config:
Previous value: # CONFIG_NET_SCH_PRIO is not set
New value: CONFIG_NET_SCH_PRIO=y

Value of CONFIG_NET_SCH_MULTIQ is redefined by fragment ./arch/arm64/configs/sm8250.config:
Previous value: # CONFIG_NET_SCH_MULTIQ is not set
New value: CONFIG_NET_SCH_MULTIQ=y

Value of CONFIG_FW_LOADER_COMPRESS is redefined by fragment ./arch/arm64/configs/sm8250.config:
Previous value: # CONFIG_FW_LOADER_COMPRESS is not set
New value: CONFIG_FW_LOADER_COMPRESS=y

Value of CONFIG_CRYPTO_XTS is redefined by fragment ./arch/arm64/configs/sm8250.config:
Previous value: CONFIG_CRYPTO_XTS=m
New value: CONFIG_CRYPTO_XTS=y

Value of CONFIG_BLK_DEV_DM is redefined by fragment ./arch/arm64/configs/sm8250.config:
Previous value: CONFIG_BLK_DEV_DM=m
New value: CONFIG_BLK_DEV_DM=y

Value of CONFIG_DM_CRYPT is redefined by fragment ./arch/arm64/configs/sm8250.config:
Previous value: # CONFIG_DM_CRYPT is not set
New value: CONFIG_DM_CRYPT=y

Value of CONFIG_BINFMT_MISC is redefined by fragment ./arch/arm64/configs/sm8250.config:
Previous value: # CONFIG_BINFMT_MISC is not set
New value: CONFIG_BINFMT_MISC=m

Value of CONFIG_NLS_ASCII is redefined by fragment ./arch/arm64/configs/sm8250.config:
Previous value: # CONFIG_NLS_ASCII is not set
New value: CONFIG_NLS_ASCII=y

Value of CONFIG_NF_TABLES is redefined by fragment ./arch/arm64/configs/sm8250.config:
Previous value: # CONFIG_NF_TABLES is not set
New value: CONFIG_NF_TABLES=m

Value of CONFIG_SND_USB_AUDIO is redefined by fragment ./arch/arm64/configs/sm8250.config:
Previous value: # CONFIG_SND_USB_AUDIO is not set
New value: CONFIG_SND_USB_AUDIO=m

Value of CONFIG_CIFS is redefined by fragment ./arch/arm64/configs/sm8250.config:
Previous value: # CONFIG_CIFS is not set
New value: CONFIG_CIFS=y

Value of CONFIG_DRM_GUD is redefined by fragment ./arch/arm64/configs/sm8250.config:
Previous value: # CONFIG_DRM_GUD is not set
New value: CONFIG_DRM_GUD=m

Value of CONFIG_DUMMY is redefined by fragment ./arch/arm64/configs/sm8250.config:
Previous value: # CONFIG_DUMMY is not set
New value: CONFIG_DUMMY=m

Value of CONFIG_BLK_DEV_THROTTLING is redefined by fragment ./arch/arm64/configs/sm8250.config:
Previous value: # CONFIG_BLK_DEV_THROTTLING is not set
New value: CONFIG_BLK_DEV_THROTTLING=y

Value of CONFIG_NET_CLS_CGROUP is redefined by fragment ./arch/arm64/configs/sm8250.config:
Previous value: # CONFIG_NET_CLS_CGROUP is not set
New value: CONFIG_NET_CLS_CGROUP=m

Value of CONFIG_IP_NF_TARGET_REDIRECT is redefined by fragment ./arch/arm64/configs/sm8250.config:
Previous value: # CONFIG_IP_NF_TARGET_REDIRECT is not set
New value: CONFIG_IP_NF_TARGET_REDIRECT=m

Value of CONFIG_IP_VS_NFCT is redefined by fragment ./arch/arm64/configs/sm8250.config:
Previous value: # CONFIG_IP_VS_NFCT is not set
New value: CONFIG_IP_VS_NFCT=y

Value of CONFIG_IP_VS_PROTO_TCP is redefined by fragment ./arch/arm64/configs/sm8250.config:
Previous value: # CONFIG_IP_VS_PROTO_TCP is not set
New value: CONFIG_IP_VS_PROTO_TCP=y

Value of CONFIG_IP_VS_PROTO_UDP is redefined by fragment ./arch/arm64/configs/sm8250.config:
Previous value: # CONFIG_IP_VS_PROTO_UDP is not set
New value: CONFIG_IP_VS_PROTO_UDP=y

Value of CONFIG_IP_VS_RR is redefined by fragment ./arch/arm64/configs/sm8250.config:
Previous value: # CONFIG_IP_VS_RR is not set
New value: CONFIG_IP_VS_RR=y

Value of CONFIG_CFS_BANDWIDTH is redefined by fragment ./arch/arm64/configs/sm8250.config:
Previous value: # CONFIG_CFS_BANDWIDTH is not set
New value: CONFIG_CFS_BANDWIDTH=y

Value of CONFIG_DM_THIN_PROVISIONING is redefined by fragment ./arch/arm64/configs/sm8250.config:
Previous value: # CONFIG_DM_THIN_PROVISIONING is not set
New value: CONFIG_DM_THIN_PROVISIONING=y

Value of CONFIG_VXLAN is redefined by fragment ./arch/arm64/configs/sm8250.config:
Previous value: # CONFIG_VXLAN is not set
New value: CONFIG_VXLAN=m

Value of CONFIG_CGROUP_NET_PRIO is redefined by fragment ./arch/arm64/configs/sm8250.config:
Previous value: # CONFIG_CGROUP_NET_PRIO is not set
New value: CONFIG_CGROUP_NET_PRIO=y

Value of CONFIG_IPVLAN is redefined by fragment ./arch/arm64/configs/sm8250.config:
Previous value: # CONFIG_IPVLAN is not set
New value: CONFIG_IPVLAN=m

Value of CONFIG_ZRAM is redefined by fragment ./arch/arm64/configs/sm8250.config:
Previous value: # CONFIG_ZRAM is not set
New value: CONFIG_ZRAM=m

Value of CONFIG_CRYPTO_LZ4 is redefined by fragment ./arch/arm64/configs/sm8250.config:
Previous value: # CONFIG_CRYPTO_LZ4 is not set
New value: CONFIG_CRYPTO_LZ4=m

Value of CONFIG_CRYPTO_LZO is redefined by fragment ./arch/arm64/configs/sm8250.config:
Previous value: CONFIG_CRYPTO_LZO=y
New value: CONFIG_CRYPTO_LZO=m

Value of CONFIG_CRYPTO_USER_API_HASH is redefined by fragment ./arch/arm64/configs/sm8250.config:
Previous value: # CONFIG_CRYPTO_USER_API_HASH is not set
New value: CONFIG_CRYPTO_USER_API_HASH=m

Value of CONFIG_CRYPTO_USER_API_SKCIPHER is redefined by fragment ./arch/arm64/configs/sm8250.config:
Previous value: # CONFIG_CRYPTO_USER_API_SKCIPHER is not set
New value: CONFIG_CRYPTO_USER_API_SKCIPHER=m

Value of CONFIG_KEY_DH_OPERATIONS is redefined by fragment ./arch/arm64/configs/sm8250.config:
Previous value: # CONFIG_KEY_DH_OPERATIONS is not set
New value: CONFIG_KEY_DH_OPERATIONS=y

Value of CONFIG_CRYPTO_KPP is redefined by fragment ./arch/arm64/configs/sm8250.config:
Previous value: CONFIG_CRYPTO_KPP=m
New value: CONFIG_CRYPTO_KPP=y

Value of CONFIG_PKCS8_PRIVATE_KEY_PARSER is redefined by fragment ./arch/arm64/configs/sm8250.config:
Previous value: # CONFIG_PKCS8_PRIVATE_KEY_PARSER is not set
New value: CONFIG_PKCS8_PRIVATE_KEY_PARSER=y

Value of CONFIG_WIREGUARD is redefined by fragment ./arch/arm64/configs/sm8250.config:
Previous value: # CONFIG_WIREGUARD is not set
New value: CONFIG_WIREGUARD=m

Value of CONFIG_IP_ADVANCED_ROUTER is redefined by fragment ./arch/arm64/configs/sm8250.config:
Previous value: # CONFIG_IP_ADVANCED_ROUTER is not set
New value: CONFIG_IP_ADVANCED_ROUTER=y

Value of CONFIG_IPV6_MULTIPLE_TABLES is redefined by fragment ./arch/arm64/configs/sm8250.config:
Previous value: # CONFIG_IPV6_MULTIPLE_TABLES is not set
New value: CONFIG_IPV6_MULTIPLE_TABLES=y

Value of CONFIG_NF_CONNTRACK_MARK is redefined by fragment ./arch/arm64/configs/sm8250.config:
Previous value: # CONFIG_NF_CONNTRACK_MARK is not set
New value: CONFIG_NF_CONNTRACK_MARK=y

Value of CONFIG_NETFILTER_XT_TARGET_TCPMSS is redefined by fragment ./arch/arm64/configs/sm8250.config:
Previous value: # CONFIG_NETFILTER_XT_TARGET_TCPMSS is not set
New value: CONFIG_NETFILTER_XT_TARGET_TCPMSS=m

Value of CONFIG_NETFILTER_XT_MATCH_TCPMSS is redefined by fragment ./arch/arm64/configs/sm8250.config:
Previous value: # CONFIG_NETFILTER_XT_MATCH_TCPMSS is not set
New value: CONFIG_NETFILTER_XT_MATCH_TCPMSS=m

Value of CONFIG_HID_SONY is redefined by fragment ./arch/arm64/configs/sm8250.config:
Previous value: # CONFIG_HID_SONY is not set
New value: CONFIG_HID_SONY=m

Value of CONFIG_HID_NINTENDO is redefined by fragment ./arch/arm64/configs/sm8250.config:
Previous value: # CONFIG_HID_NINTENDO is not set
New value: CONFIG_HID_NINTENDO=m

Value of CONFIG_HIBERNATION is redefined by fragment ./arch/arm64/configs/sm8250.config:
Previous value: CONFIG_HIBERNATION=y
New value: CONFIG_HIBERNATION=n

Value of CONFIG_FW_LOADER_USER_HELPER is redefined by fragment ./arch/arm64/configs/sm8250.config:
Previous value: CONFIG_FW_LOADER_USER_HELPER=y
New value: CONFIG_FW_LOADER_USER_HELPER=n

Value of CONFIG_FW_LOADER_USER_HELPER_FALLBACK is redefined by fragment ./arch/arm64/configs/sm8250.config:
Previous value: # CONFIG_FW_LOADER_USER_HELPER_FALLBACK is not set
New value: CONFIG_FW_LOADER_USER_HELPER_FALLBACK=n

Value of CONFIG_BLK_DEV_NVME is redefined by fragment ./arch/arm64/configs/sm8250.config:
Previous value: CONFIG_BLK_DEV_NVME=m
New value: CONFIG_BLK_DEV_NVME=n

Value of CONFIG_ATA is redefined by fragment ./arch/arm64/configs/sm8250.config:
Previous value: CONFIG_ATA=y
New value: CONFIG_ATA=n

Value of CONFIG_MTD is redefined by fragment ./arch/arm64/configs/sm8250.config:
Previous value: CONFIG_MTD=y
New value: CONFIG_MTD=n

Value of CONFIG_SRAM is redefined by fragment ./arch/arm64/configs/sm8250.config:
Previous value: CONFIG_SRAM=y
New value: CONFIG_SRAM=n

Value of CONFIG_MEGARAID_SAS is redefined by fragment ./arch/arm64/configs/sm8250.config:
Previous value: CONFIG_MEGARAID_SAS=y
New value: CONFIG_MEGARAID_SAS=n

Value of CONFIG_EEPROM_AT25 is redefined by fragment ./arch/arm64/configs/sm8250.config:
Previous value: CONFIG_EEPROM_AT25=m
New value: CONFIG_EEPROM_AT25=n

Value of CONFIG_SCSI_MPT3SAS is redefined by fragment ./arch/arm64/configs/sm8250.config:
Previous value: CONFIG_SCSI_MPT3SAS=m
New value: CONFIG_SCSI_MPT3SAS=n

Value of CONFIG_BLK_DEV_MD is redefined by fragment ./arch/arm64/configs/sm8250.config:
Previous value: CONFIG_BLK_DEV_MD=m
New value: CONFIG_BLK_DEV_MD=n

Value of CONFIG_DM_MIRROR is redefined by fragment ./arch/arm64/configs/sm8250.config:
Previous value: CONFIG_DM_MIRROR=m
New value: CONFIG_DM_MIRROR=n

Value of CONFIG_DM_ZERO is redefined by fragment ./arch/arm64/configs/sm8250.config:
Previous value: CONFIG_DM_ZERO=m
New value: CONFIG_DM_ZERO=n

Value of CONFIG_EXT2_FS is redefined by fragment ./arch/arm64/configs/sm8250.config:
Previous value: # CONFIG_EXT2_FS is not set
New value: CONFIG_EXT2_FS=n

Value of CONFIG_EXT3_FS is redefined by fragment ./arch/arm64/configs/sm8250.config:
Previous value: # CONFIG_EXT3_FS is not set
New value: CONFIG_EXT3_FS=n

Value of CONFIG_USB_DWC2 is redefined by fragment ./arch/arm64/configs/sm8250.config:
Previous value: CONFIG_USB_DWC2=y
New value: CONFIG_USB_DWC2=n

Value of CONFIG_USB_CHIPIDEA is redefined by fragment ./arch/arm64/configs/sm8250.config:
Previous value: CONFIG_USB_CHIPIDEA=y
New value: CONFIG_USB_CHIPIDEA=n

Value of CONFIG_USB_MUSB_HDRC is redefined by fragment ./arch/arm64/configs/sm8250.config:
Previous value: CONFIG_USB_MUSB_HDRC=y
New value: CONFIG_USB_MUSB_HDRC=n

Value of CONFIG_USB_ISP1760 is redefined by fragment ./arch/arm64/configs/sm8250.config:
Previous value: CONFIG_USB_ISP1760=y
New value: CONFIG_USB_ISP1760=n

Value of CONFIG_USB_HSIC_USB3503 is redefined by fragment ./arch/arm64/configs/sm8250.config:
Previous value: CONFIG_USB_HSIC_USB3503=y
New value: CONFIG_USB_HSIC_USB3503=n

Value of CONFIG_USB_NET_PLUSB is redefined by fragment ./arch/arm64/configs/sm8250.config:
Previous value: CONFIG_USB_NET_PLUSB=m
New value: CONFIG_USB_NET_PLUSB=n

Value of CONFIG_TYPEC_FUSB302 is redefined by fragment ./arch/arm64/configs/sm8250.config:
Previous value: CONFIG_TYPEC_FUSB302=m
New value: CONFIG_TYPEC_FUSB302=n

Value of CONFIG_EXTCON_PTN5150 is redefined by fragment ./arch/arm64/configs/sm8250.config:
Previous value: CONFIG_EXTCON_PTN5150=m
New value: CONFIG_EXTCON_PTN5150=n

Value of CONFIG_REALTEK_PHY is redefined by fragment ./arch/arm64/configs/sm8250.config:
Previous value: CONFIG_REALTEK_PHY=y
New value: CONFIG_REALTEK_PHY=n

Value of CONFIG_NET_VENDOR_NI is redefined by fragment ./arch/arm64/configs/sm8250.config:
Previous value: CONFIG_NET_VENDOR_NI=y
New value: CONFIG_NET_VENDOR_NI=n

Value of CONFIG_NET_9P is redefined by fragment ./arch/arm64/configs/sm8250.config:
Previous value: CONFIG_NET_9P=y
New value: CONFIG_NET_9P=n

Value of CONFIG_CAN is redefined by fragment ./arch/arm64/configs/sm8250.config:
Previous value: CONFIG_CAN=m
New value: CONFIG_CAN=n

Value of CONFIG_BNX2X is redefined by fragment ./arch/arm64/configs/sm8250.config:
Previous value: CONFIG_BNX2X=m
New value: CONFIG_BNX2X=n

Value of CONFIG_MACB is redefined by fragment ./arch/arm64/configs/sm8250.config:
Previous value: CONFIG_MACB=y
New value: CONFIG_MACB=n

Value of CONFIG_IGB is redefined by fragment ./arch/arm64/configs/sm8250.config:
Previous value: CONFIG_IGB=y
New value: CONFIG_IGB=n

Value of CONFIG_IGBVF is redefined by fragment ./arch/arm64/configs/sm8250.config:
Previous value: CONFIG_IGBVF=y
New value: CONFIG_IGBVF=n

Value of CONFIG_SMC91X is redefined by fragment ./arch/arm64/configs/sm8250.config:
Previous value: CONFIG_SMC91X=y
New value: CONFIG_SMC91X=n

Value of CONFIG_MLX4_EN is redefined by fragment ./arch/arm64/configs/sm8250.config:
Previous value: CONFIG_MLX4_EN=m
New value: CONFIG_MLX4_EN=n

Value of CONFIG_MLX5_CORE is redefined by fragment ./arch/arm64/configs/sm8250.config:
Previous value: CONFIG_MLX5_CORE=m
New value: CONFIG_MLX5_CORE=n

Value of CONFIG_STMMAC_ETH is redefined by fragment ./arch/arm64/configs/sm8250.config:
Previous value: CONFIG_STMMAC_ETH=m
New value: CONFIG_STMMAC_ETH=n

Value of CONFIG_ATL1C is redefined by fragment ./arch/arm64/configs/sm8250.config:
Previous value: CONFIG_ATL1C=m
New value: CONFIG_ATL1C=n

Value of CONFIG_BRCMFMAC is redefined by fragment ./arch/arm64/configs/sm8250.config:
Previous value: CONFIG_BRCMFMAC=m
New value: CONFIG_BRCMFMAC=n

Value of CONFIG_WL18XX is redefined by fragment ./arch/arm64/configs/sm8250.config:
Previous value: CONFIG_WL18XX=m
New value: CONFIG_WL18XX=n

Value of CONFIG_WLCORE is redefined by fragment ./arch/arm64/configs/sm8250.config:
Previous value: CONFIG_WLCORE=m
New value: CONFIG_WLCORE=n

Value of CONFIG_ATH10K_PCI is redefined by fragment ./arch/arm64/configs/sm8250.config:
Previous value: CONFIG_ATH10K_PCI=m
New value: CONFIG_ATH10K_PCI=n

Value of CONFIG_NET_SCH_CBS is redefined by fragment ./arch/arm64/configs/sm8250.config:
Previous value: CONFIG_NET_SCH_CBS=m
New value: CONFIG_NET_SCH_CBS=n

Value of CONFIG_NET_SCH_ETF is redefined by fragment ./arch/arm64/configs/sm8250.config:
Previous value: CONFIG_NET_SCH_ETF=m
New value: CONFIG_NET_SCH_ETF=n

Value of CONFIG_NET_SCH_TAPRIO is redefined by fragment ./arch/arm64/configs/sm8250.config:
Previous value: CONFIG_NET_SCH_TAPRIO=m
New value: CONFIG_NET_SCH_TAPRIO=n

Value of CONFIG_NET_SCH_MQPRIO is redefined by fragment ./arch/arm64/configs/sm8250.config:
Previous value: CONFIG_NET_SCH_MQPRIO=m
New value: CONFIG_NET_SCH_MQPRIO=n

Value of CONFIG_NET_CLS_BASIC is redefined by fragment ./arch/arm64/configs/sm8250.config:
Previous value: CONFIG_NET_CLS_BASIC=m
New value: CONFIG_NET_CLS_BASIC=n

Value of CONFIG_NET_CLS_FLOWER is redefined by fragment ./arch/arm64/configs/sm8250.config:
Previous value: CONFIG_NET_CLS_FLOWER=m
New value: CONFIG_NET_CLS_FLOWER=n

Value of CONFIG_NET_CLS_ACT is redefined by fragment ./arch/arm64/configs/sm8250.config:
Previous value: CONFIG_NET_CLS_ACT=y
New value: CONFIG_NET_CLS_ACT=n

Value of CONFIG_NET_ACT_GACT is redefined by fragment ./arch/arm64/configs/sm8250.config:
Previous value: CONFIG_NET_ACT_GACT=m
New value: CONFIG_NET_ACT_GACT=n

Value of CONFIG_NET_ACT_MIRRED is redefined by fragment ./arch/arm64/configs/sm8250.config:
Previous value: CONFIG_NET_ACT_MIRRED=m
New value: CONFIG_NET_ACT_MIRRED=n

Value of CONFIG_NET_ACT_GATE is redefined by fragment ./arch/arm64/configs/sm8250.config:
Previous value: CONFIG_NET_ACT_GATE=m
New value: CONFIG_NET_ACT_GATE=n

Value of CONFIG_MDIO_BUS_MUX_MMIOREG is redefined by fragment ./arch/arm64/configs/sm8250.config:
Previous value: CONFIG_MDIO_BUS_MUX_MMIOREG=y
New value: CONFIG_MDIO_BUS_MUX_MMIOREG=n

Value of CONFIG_MDIO_BUS_MUX_MULTIPLEXER is redefined by fragment ./arch/arm64/configs/sm8250.config:
Previous value: CONFIG_MDIO_BUS_MUX_MULTIPLEXER=y
New value: CONFIG_MDIO_BUS_MUX_MULTIPLEXER=n

Value of CONFIG_SND_SOC_ES7134 is redefined by fragment ./arch/arm64/configs/sm8250.config:
Previous value: CONFIG_SND_SOC_ES7134=m
New value: CONFIG_SND_SOC_ES7134=n

Value of CONFIG_SND_SOC_ES7241 is redefined by fragment ./arch/arm64/configs/sm8250.config:
Previous value: CONFIG_SND_SOC_ES7241=m
New value: CONFIG_SND_SOC_ES7241=n

Value of CONFIG_SND_SOC_TAS571X is redefined by fragment ./arch/arm64/configs/sm8250.config:
Previous value: CONFIG_SND_SOC_TAS571X=m
New value: CONFIG_SND_SOC_TAS571X=n

Value of CONFIG_SND_SOC_SIMPLE_AMPLIFIER is redefined by fragment ./arch/arm64/configs/sm8250.config:
Previous value: CONFIG_SND_SOC_SIMPLE_AMPLIFIER=m
New value: CONFIG_SND_SOC_SIMPLE_AMPLIFIER=n

Value of CONFIG_GPIO_DWAPB is redefined by fragment ./arch/arm64/configs/sm8250.config:
Previous value: CONFIG_GPIO_DWAPB=y
New value: CONFIG_GPIO_DWAPB=n

Value of CONFIG_COMMON_CLK_XGENE is redefined by fragment ./arch/arm64/configs/sm8250.config:
Previous value: CONFIG_COMMON_CLK_XGENE=y
New value: CONFIG_COMMON_CLK_XGENE=n

Value of CONFIG_SENSORS_ARM_SCPI is redefined by fragment ./arch/arm64/configs/sm8250.config:
Previous value: CONFIG_SENSORS_ARM_SCPI=y
New value: CONFIG_SENSORS_ARM_SCPI=n

Value of CONFIG_TCG_TPM is redefined by fragment ./arch/arm64/configs/sm8250.config:
Previous value: CONFIG_TCG_TPM=y
New value: CONFIG_TCG_TPM=n

Value of CONFIG_BATTERY_SBS is redefined by fragment ./arch/arm64/configs/sm8250.config:
Previous value: CONFIG_BATTERY_SBS=m
New value: CONFIG_BATTERY_SBS=n

Value of CONFIG_REGULATOR_VCTRL is redefined by fragment ./arch/arm64/configs/sm8250.config:
Previous value: CONFIG_REGULATOR_VCTRL=m
New value: CONFIG_REGULATOR_VCTRL=n

Value of CONFIG_SND_SOC_MAX98357A is redefined by fragment ./arch/arm64/configs/sm8250.config:
Previous value: CONFIG_SND_SOC_MAX98357A=m
New value: CONFIG_SND_SOC_MAX98357A=n

Value of CONFIG_SND_SOC_RL6231 is redefined by fragment ./arch/arm64/configs/sm8250.config:
Previous value: CONFIG_SND_SOC_RL6231=m
New value: CONFIG_SND_SOC_RL6231=n

Value of CONFIG_THUNDER_NIC_BGX is redefined by fragment ./arch/arm64/configs/sm8250.config:
Previous value: CONFIG_THUNDER_NIC_BGX=y
New value: CONFIG_THUNDER_NIC_BGX=n

Value of CONFIG_THUNDER_NIC_RGX is redefined by fragment ./arch/arm64/configs/sm8250.config:
Previous value: CONFIG_THUNDER_NIC_RGX=y
New value: CONFIG_THUNDER_NIC_RGX=n

Value of CONFIG_MDIO_THUNDER is redefined by fragment ./arch/arm64/configs/sm8250.config:
Previous value: CONFIG_MDIO_THUNDER=y
New value: CONFIG_MDIO_THUNDER=n

Value of CONFIG_CAVIUM_ERRATUM_22375 is redefined by fragment ./arch/arm64/configs/sm8250.config:
Previous value: CONFIG_CAVIUM_ERRATUM_22375=y
New value: CONFIG_CAVIUM_ERRATUM_22375=n

Value of CONFIG_CAVIUM_ERRATUM_23154 is redefined by fragment ./arch/arm64/configs/sm8250.config:
Previous value: CONFIG_CAVIUM_ERRATUM_23154=y
New value: CONFIG_CAVIUM_ERRATUM_23154=n

Value of CONFIG_CAVIUM_ERRATUM_27456 is redefined by fragment ./arch/arm64/configs/sm8250.config:
Previous value: CONFIG_CAVIUM_ERRATUM_27456=y
New value: CONFIG_CAVIUM_ERRATUM_27456=n

Value of CONFIG_CAVIUM_ERRATUM_30115 is redefined by fragment ./arch/arm64/configs/sm8250.config:
Previous value: CONFIG_CAVIUM_ERRATUM_30115=y
New value: CONFIG_CAVIUM_ERRATUM_30115=n

Value of CONFIG_CAVIUM_TX2_ERRATUM_219 is redefined by fragment ./arch/arm64/configs/sm8250.config:
Previous value: CONFIG_CAVIUM_TX2_ERRATUM_219=y
New value: CONFIG_CAVIUM_TX2_ERRATUM_219=n

Value of CONFIG_HW_RANDOM_CAVIUM is redefined by fragment ./arch/arm64/configs/sm8250.config:
Previous value: CONFIG_HW_RANDOM_CAVIUM=y
New value: CONFIG_HW_RANDOM_CAVIUM=n

Value of CONFIG_EEPROM_AT24 is redefined by fragment ./arch/arm64/configs/sm8250.config:
Previous value: CONFIG_EEPROM_AT24=m
New value: CONFIG_EEPROM_AT24=n

Value of CONFIG_NET_DSA is redefined by fragment ./arch/arm64/configs/sm8250.config:
Previous value: CONFIG_NET_DSA=m
New value: CONFIG_NET_DSA=n

Value of CONFIG_AQUANTIA_PHY is redefined by fragment ./arch/arm64/configs/sm8250.config:
Previous value: CONFIG_AQUANTIA_PHY=y
New value: CONFIG_AQUANTIA_PHY=n

Value of CONFIG_MICROSEMI_PHY is redefined by fragment ./arch/arm64/configs/sm8250.config:
Previous value: CONFIG_MICROSEMI_PHY=y
New value: CONFIG_MICROSEMI_PHY=n

Value of CONFIG_VITESSE_PHY is redefined by fragment ./arch/arm64/configs/sm8250.config:
Previous value: CONFIG_VITESSE_PHY=y
New value: CONFIG_VITESSE_PHY=n

Value of CONFIG_I2C_MUX_PCA954x is redefined by fragment ./arch/arm64/configs/sm8250.config:
Previous value: CONFIG_I2C_MUX_PCA954x=y
New value: CONFIG_I2C_MUX_PCA954x=n

Value of CONFIG_SND_SOC_PCM3168A_I2C is redefined by fragment ./arch/arm64/configs/sm8250.config:
Previous value: CONFIG_SND_SOC_PCM3168A_I2C=m
New value: CONFIG_SND_SOC_PCM3168A_I2C=n

Value of CONFIG_SENSORS_LM90 is redefined by fragment ./arch/arm64/configs/sm8250.config:
Previous value: CONFIG_SENSORS_LM90=m
New value: CONFIG_SENSORS_LM90=n

Value of CONFIG_SENSORS_INA2XX is redefined by fragment ./arch/arm64/configs/sm8250.config:
Previous value: CONFIG_SENSORS_INA2XX=m
New value: CONFIG_SENSORS_INA2XX=n

Value of CONFIG_RTC_DRV_DS3232 is redefined by fragment ./arch/arm64/configs/sm8250.config:
Previous value: CONFIG_RTC_DRV_DS3232=y
New value: CONFIG_RTC_DRV_DS3232=n

Value of CONFIG_SPI_NXP_FLEXSPI is redefined by fragment ./arch/arm64/configs/sm8250.config:
Previous value: CONFIG_SPI_NXP_FLEXSPI=y
New value: CONFIG_SPI_NXP_FLEXSPI=n

Value of CONFIG_GPIO_MAX732X is redefined by fragment ./arch/arm64/configs/sm8250.config:
Previous value: CONFIG_GPIO_MAX732X=y
New value: CONFIG_GPIO_MAX732X=n

Value of CONFIG_SENSORS_ISL29018 is redefined by fragment ./arch/arm64/configs/sm8250.config:
Previous value: CONFIG_SENSORS_ISL29018=m
New value: CONFIG_SENSORS_ISL29018=n

Value of CONFIG_MPL3115 is redefined by fragment ./arch/arm64/configs/sm8250.config:
Previous value: CONFIG_MPL3115=m
New value: CONFIG_MPL3115=n

Value of CONFIG_MFD_ROHM_BD718XX is redefined by fragment ./arch/arm64/configs/sm8250.config:
Previous value: CONFIG_MFD_ROHM_BD718XX=y
New value: CONFIG_MFD_ROHM_BD718XX=n

Value of CONFIG_ARM_SBSA_WATCHDOG is redefined by fragment ./arch/arm64/configs/sm8250.config:
Previous value: CONFIG_ARM_SBSA_WATCHDOG=y
New value: CONFIG_ARM_SBSA_WATCHDOG=n

Value of CONFIG_ARM_SMC_WATCHDOG is redefined by fragment ./arch/arm64/configs/sm8250.config:
Previous value: CONFIG_ARM_SMC_WATCHDOG=y
New value: CONFIG_ARM_SMC_WATCHDOG=n

Value of CONFIG_REGULATOR_PCA9450 is redefined by fragment ./arch/arm64/configs/sm8250.config:
Previous value: CONFIG_REGULATOR_PCA9450=y
New value: CONFIG_REGULATOR_PCA9450=n

Value of CONFIG_REGULATOR_PFUZE100 is redefined by fragment ./arch/arm64/configs/sm8250.config:
Previous value: CONFIG_REGULATOR_PFUZE100=y
New value: CONFIG_REGULATOR_PFUZE100=n

Value of CONFIG_DRM_PANEL_RAYDIUM_RM67191 is redefined by fragment ./arch/arm64/configs/sm8250.config:
Previous value: CONFIG_DRM_PANEL_RAYDIUM_RM67191=m
New value: CONFIG_DRM_PANEL_RAYDIUM_RM67191=n

Value of CONFIG_DRM_PANEL_SITRONIX_ST7703 is redefined by fragment ./arch/arm64/configs/sm8250.config:
Previous value: CONFIG_DRM_PANEL_SITRONIX_ST7703=m
New value: CONFIG_DRM_PANEL_SITRONIX_ST7703=n

Value of CONFIG_PHY_MIXEL_MIPI_DPHY is redefined by fragment ./arch/arm64/configs/sm8250.config:
Previous value: CONFIG_PHY_MIXEL_MIPI_DPHY=m
New value: CONFIG_PHY_MIXEL_MIPI_DPHY=n

Value of CONFIG_DRM_NWL_MIPI_DSI is redefined by fragment ./arch/arm64/configs/sm8250.config:
Previous value: CONFIG_DRM_NWL_MIPI_DSI=m
New value: CONFIG_DRM_NWL_MIPI_DSI=n

Value of CONFIG_DRM_MXSFB is redefined by fragment ./arch/arm64/configs/sm8250.config:
Previous value: CONFIG_DRM_MXSFB=m
New value: CONFIG_DRM_MXSFB=n

Value of CONFIG_SND_SOC_FSL_SAI is redefined by fragment ./arch/arm64/configs/sm8250.config:
Previous value: CONFIG_SND_SOC_FSL_SAI=m
New value: CONFIG_SND_SOC_FSL_SAI=n

Value of CONFIG_SND_SOC_FSL_ASRC is redefined by fragment ./arch/arm64/configs/sm8250.config:
Previous value: CONFIG_SND_SOC_FSL_ASRC=m
New value: CONFIG_SND_SOC_FSL_ASRC=n

Value of CONFIG_SND_SOC_FSL_MICFIL is redefined by fragment ./arch/arm64/configs/sm8250.config:
Previous value: CONFIG_SND_SOC_FSL_MICFIL=m
New value: CONFIG_SND_SOC_FSL_MICFIL=n

Value of CONFIG_SND_SOC_FSL_AUDMIX is redefined by fragment ./arch/arm64/configs/sm8250.config:
Previous value: CONFIG_SND_SOC_FSL_AUDMIX=m
New value: CONFIG_SND_SOC_FSL_AUDMIX=n

Value of CONFIG_SND_SOC_FSL_SPDIF is redefined by fragment ./arch/arm64/configs/sm8250.config:
Previous value: CONFIG_SND_SOC_FSL_SPDIF=m
New value: CONFIG_SND_SOC_FSL_SPDIF=n

Value of CONFIG_SND_SOC_WM8904 is redefined by fragment ./arch/arm64/configs/sm8250.config:
Previous value: CONFIG_SND_SOC_WM8904=m
New value: CONFIG_SND_SOC_WM8904=n

Value of CONFIG_RTC_DRV_RV8803 is redefined by fragment ./arch/arm64/configs/sm8250.config:
Previous value: CONFIG_RTC_DRV_RV8803=m
New value: CONFIG_RTC_DRV_RV8803=n

Value of CONFIG_RTC_DRV_DS1307 is redefined by fragment ./arch/arm64/configs/sm8250.config:
Previous value: CONFIG_RTC_DRV_DS1307=m
New value: CONFIG_RTC_DRV_DS1307=n

Value of CONFIG_RTC_DRV_PCF85363 is redefined by fragment ./arch/arm64/configs/sm8250.config:
Previous value: CONFIG_RTC_DRV_PCF85363=m
New value: CONFIG_RTC_DRV_PCF85363=n

Value of CONFIG_RTC_DRV_PCF2127 is redefined by fragment ./arch/arm64/configs/sm8250.config:
Previous value: CONFIG_RTC_DRV_PCF2127=m
New value: CONFIG_RTC_DRV_PCF2127=n

Value of CONFIG_PHY_FSL_IMX8MQ_USB is redefined by fragment ./arch/arm64/configs/sm8250.config:
Previous value: CONFIG_PHY_FSL_IMX8MQ_USB=y
New value: CONFIG_PHY_FSL_IMX8MQ_USB=n

Value of CONFIG_FUJITSU_ERRATUM_010001 is redefined by fragment ./arch/arm64/configs/sm8250.config:
Previous value: CONFIG_FUJITSU_ERRATUM_010001=y
New value: CONFIG_FUJITSU_ERRATUM_010001=n

Value of CONFIG_PCI_PASID is redefined by fragment ./arch/arm64/configs/sm8250.config:
Previous value: CONFIG_PCI_PASID=y
New value: CONFIG_PCI_PASID=n

Value of CONFIG_UACCE is redefined by fragment ./arch/arm64/configs/sm8250.config:
Previous value: CONFIG_UACCE=m
New value: CONFIG_UACCE=n

Value of CONFIG_SPI_CADENCE_QUADSPI is redefined by fragment ./arch/arm64/configs/sm8250.config:
Previous value: CONFIG_SPI_CADENCE_QUADSPI=y
New value: CONFIG_SPI_CADENCE_QUADSPI=n

Value of CONFIG_DW_WATCHDOG is redefined by fragment ./arch/arm64/configs/sm8250.config:
Previous value: CONFIG_DW_WATCHDOG=y
New value: CONFIG_DW_WATCHDOG=n

Value of CONFIG_NOP_USB_XCEIV is redefined by fragment ./arch/arm64/configs/sm8250.config:
Previous value: CONFIG_NOP_USB_XCEIV=y
New value: CONFIG_NOP_USB_XCEIV=n

Value of CONFIG_SURFACE_PLATFORMS is redefined by fragment ./arch/arm64/configs/sm8250.config:
Previous value: CONFIG_SURFACE_PLATFORMS=y
New value: CONFIG_SURFACE_PLATFORMS=n

Value of CONFIG_GPIO_PCA953X is redefined by fragment ./arch/arm64/configs/sm8250.config:
Previous value: CONFIG_GPIO_PCA953X=y
New value: CONFIG_GPIO_PCA953X=n

Value of CONFIG_BACKLIGHT_LP855X is redefined by fragment ./arch/arm64/configs/sm8250.config:
Previous value: CONFIG_BACKLIGHT_LP855X=m
New value: CONFIG_BACKLIGHT_LP855X=n

Value of CONFIG_MFD_MAX77620 is redefined by fragment ./arch/arm64/configs/sm8250.config:
Previous value: CONFIG_MFD_MAX77620=y
New value: CONFIG_MFD_MAX77620=n

Value of CONFIG_SENSORS_PWM_FAN is redefined by fragment ./arch/arm64/configs/sm8250.config:
Previous value: CONFIG_SENSORS_PWM_FAN=m
New value: CONFIG_SENSORS_PWM_FAN=n

Value of CONFIG_SENSORS_INA3221 is redefined by fragment ./arch/arm64/configs/sm8250.config:
Previous value: CONFIG_SENSORS_INA3221=m
New value: CONFIG_SENSORS_INA3221=n

Value of CONFIG_REGULATOR_MAX8973 is redefined by fragment ./arch/arm64/configs/sm8250.config:
Previous value: CONFIG_REGULATOR_MAX8973=y
New value: CONFIG_REGULATOR_MAX8973=n

Value of CONFIG_USB_CONN_GPIO is redefined by fragment ./arch/arm64/configs/sm8250.config:
Previous value: CONFIG_USB_CONN_GPIO=y
New value: CONFIG_USB_CONN_GPIO=n

Value of CONFIG_MICREL_PHY is redefined by fragment ./arch/arm64/configs/sm8250.config:
Previous value: CONFIG_MICREL_PHY=y
New value: CONFIG_MICREL_PHY=n

Value of CONFIG_MFD_BD9571MWV is redefined by fragment ./arch/arm64/configs/sm8250.config:
Previous value: CONFIG_MFD_BD9571MWV=y
New value: CONFIG_MFD_BD9571MWV=n

Value of CONFIG_DRM_PANEL_LVDS is redefined by fragment ./arch/arm64/configs/sm8250.config:
Previous value: CONFIG_DRM_PANEL_LVDS=m
New value: CONFIG_DRM_PANEL_LVDS=n

Value of CONFIG_DRM_RCAR_LVDS is redefined by fragment ./arch/arm64/configs/sm8250.config:
Previous value: CONFIG_DRM_RCAR_LVDS=m
New value: CONFIG_DRM_RCAR_LVDS=n

Value of CONFIG_COMMON_CLK_VC5 is redefined by fragment ./arch/arm64/configs/sm8250.config:
Previous value: CONFIG_COMMON_CLK_VC5=y
New value: CONFIG_COMMON_CLK_VC5=n

Value of CONFIG_CRYPTO_DEV_CCREE is redefined by fragment ./arch/arm64/configs/sm8250.config:
Previous value: CONFIG_CRYPTO_DEV_CCREE=m
New value: CONFIG_CRYPTO_DEV_CCREE=n

Value of CONFIG_VIDEO_IMX219 is redefined by fragment ./arch/arm64/configs/sm8250.config:
Previous value: CONFIG_VIDEO_IMX219=m
New value: CONFIG_VIDEO_IMX219=n

Value of CONFIG_VIDEO_OV5645 is redefined by fragment ./arch/arm64/configs/sm8250.config:
Previous value: CONFIG_VIDEO_OV5645=m
New value: CONFIG_VIDEO_OV5645=n

Value of CONFIG_SND_SOC_AK4613 is redefined by fragment ./arch/arm64/configs/sm8250.config:
Previous value: CONFIG_SND_SOC_AK4613=m
New value: CONFIG_SND_SOC_AK4613=n

Value of CONFIG_SND_SIMPLE_CARD is redefined by fragment ./arch/arm64/configs/sm8250.config:
Previous value: CONFIG_SND_SIMPLE_CARD=m
New value: CONFIG_SND_SIMPLE_CARD=n

Value of CONFIG_SND_SIMPLE_CARD_UTILS is redefined by fragment ./arch/arm64/configs/sm8250.config:
Previous value: CONFIG_SND_SIMPLE_CARD_UTILS=m
New value: CONFIG_SND_SIMPLE_CARD_UTILS=n

Value of CONFIG_SND_AUDIO_GRAPH_CARD is redefined by fragment ./arch/arm64/configs/sm8250.config:
Previous value: CONFIG_SND_AUDIO_GRAPH_CARD=m
New value: CONFIG_SND_AUDIO_GRAPH_CARD=n

Value of CONFIG_TYPEC_HD3SS3220 is redefined by fragment ./arch/arm64/configs/sm8250.config:
Previous value: CONFIG_TYPEC_HD3SS3220=m
New value: CONFIG_TYPEC_HD3SS3220=n

Value of CONFIG_RTC_DRV_RX8581 is redefined by fragment ./arch/arm64/configs/sm8250.config:
Previous value: CONFIG_RTC_DRV_RX8581=m
New value: CONFIG_RTC_DRV_RX8581=n

Value of CONFIG_COMMON_CLK_CS2000_CP is redefined by fragment ./arch/arm64/configs/sm8250.config:
Previous value: CONFIG_COMMON_CLK_CS2000_CP=y
New value: CONFIG_COMMON_CLK_CS2000_CP=n

Value of CONFIG_KEYBOARD_ADC is redefined by fragment ./arch/arm64/configs/sm8250.config:
Previous value: CONFIG_KEYBOARD_ADC=m
New value: CONFIG_KEYBOARD_ADC=n

Value of CONFIG_REGULATOR_FAN53555 is redefined by fragment ./arch/arm64/configs/sm8250.config:
Previous value: CONFIG_REGULATOR_FAN53555=y
New value: CONFIG_REGULATOR_FAN53555=n

Value of CONFIG_TOUCHSCREEN_ATMEL_MXT is redefined by fragment ./arch/arm64/configs/sm8250.config:
Previous value: CONFIG_TOUCHSCREEN_ATMEL_MXT=m
New value: CONFIG_TOUCHSCREEN_ATMEL_MXT=n

Value of CONFIG_RTC_DRV_HYM8563 is redefined by fragment ./arch/arm64/configs/sm8250.config:
Previous value: CONFIG_RTC_DRV_HYM8563=m
New value: CONFIG_RTC_DRV_HYM8563=n

Value of CONFIG_MFD_SEC_CORE is redefined by fragment ./arch/arm64/configs/sm8250.config:
Previous value: CONFIG_MFD_SEC_CORE=y
New value: CONFIG_MFD_SEC_CORE=n

Value of CONFIG_PL330_DMA is redefined by fragment ./arch/arm64/configs/sm8250.config:
Previous value: CONFIG_PL330_DMA=y
New value: CONFIG_PL330_DMA=n

Value of CONFIG_GPIO_MB86S7X is redefined by fragment ./arch/arm64/configs/sm8250.config:
Previous value: CONFIG_GPIO_MB86S7X=y
New value: CONFIG_GPIO_MB86S7X=n

Value of CONFIG_MMC_SDHCI_F_SDH30 is redefined by fragment ./arch/arm64/configs/sm8250.config:
Previous value: CONFIG_MMC_SDHCI_F_SDH30=y
New value: CONFIG_MMC_SDHCI_F_SDH30=n

Value of CONFIG_MMC_SDHCI_CADENCE is redefined by fragment ./arch/arm64/configs/sm8250.config:
Previous value: CONFIG_MMC_SDHCI_CADENCE=y
New value: CONFIG_MMC_SDHCI_CADENCE=n

Value of CONFIG_SOCIONEXT_SYNQUACER_PREITS is redefined by fragment ./arch/arm64/configs/sm8250.config:
Previous value: CONFIG_SOCIONEXT_SYNQUACER_PREITS=y
New value: CONFIG_SOCIONEXT_SYNQUACER_PREITS=n

Value of CONFIG_NET_VENDOR_SOCIONEXT is redefined by fragment ./arch/arm64/configs/sm8250.config:
Previous value: CONFIG_NET_VENDOR_SOCIONEXT=y
New value: CONFIG_NET_VENDOR_SOCIONEXT=n

Value of CONFIG_ARCH_ACTIONS is redefined by fragment ./arch/arm64/configs/sm8250.config:
Previous value: CONFIG_ARCH_ACTIONS=y
New value: CONFIG_ARCH_ACTIONS=n

Value of CONFIG_ARCH_SUNXI is redefined by fragment ./arch/arm64/configs/sm8250.config:
Previous value: CONFIG_ARCH_SUNXI=y
New value: CONFIG_ARCH_SUNXI=n

Value of CONFIG_ARCH_ALPINE is redefined by fragment ./arch/arm64/configs/sm8250.config:
Previous value: CONFIG_ARCH_ALPINE=y
New value: CONFIG_ARCH_ALPINE=n

Value of CONFIG_ARCH_APPLE is redefined by fragment ./arch/arm64/configs/sm8250.config:
Previous value: CONFIG_ARCH_APPLE=y
New value: CONFIG_ARCH_APPLE=n

Value of CONFIG_ARCH_BCM2835 is redefined by fragment ./arch/arm64/configs/sm8250.config:
Previous value: CONFIG_ARCH_BCM2835=y
New value: CONFIG_ARCH_BCM2835=n

Value of CONFIG_ARCH_BCM_IPROC is redefined by fragment ./arch/arm64/configs/sm8250.config:
Previous value: CONFIG_ARCH_BCM_IPROC=y
New value: CONFIG_ARCH_BCM_IPROC=n

Value of CONFIG_ARCH_BERLIN is redefined by fragment ./arch/arm64/configs/sm8250.config:
Previous value: CONFIG_ARCH_BERLIN=y
New value: CONFIG_ARCH_BERLIN=n

Value of CONFIG_ARCH_BRCMSTB is redefined by fragment ./arch/arm64/configs/sm8250.config:
Previous value: CONFIG_ARCH_BRCMSTB=y
New value: CONFIG_ARCH_BRCMSTB=n

Value of CONFIG_ARCH_EXYNOS is redefined by fragment ./arch/arm64/configs/sm8250.config:
Previous value: CONFIG_ARCH_EXYNOS=y
New value: CONFIG_ARCH_EXYNOS=n

Value of CONFIG_ARCH_K3 is redefined by fragment ./arch/arm64/configs/sm8250.config:
Previous value: CONFIG_ARCH_K3=y
New value: CONFIG_ARCH_K3=n

Value of CONFIG_ARCH_LAYERSCAPE is redefined by fragment ./arch/arm64/configs/sm8250.config:
Previous value: CONFIG_ARCH_LAYERSCAPE=y
New value: CONFIG_ARCH_LAYERSCAPE=n

Value of CONFIG_ARCH_LG1K is redefined by fragment ./arch/arm64/configs/sm8250.config:
Previous value: CONFIG_ARCH_LG1K=y
New value: CONFIG_ARCH_LG1K=n

Value of CONFIG_ARCH_HISI is redefined by fragment ./arch/arm64/configs/sm8250.config:
Previous value: CONFIG_ARCH_HISI=y
New value: CONFIG_ARCH_HISI=n

Value of CONFIG_ARCH_KEEMBAY is redefined by fragment ./arch/arm64/configs/sm8250.config:
Previous value: CONFIG_ARCH_KEEMBAY=y
New value: CONFIG_ARCH_KEEMBAY=n

Value of CONFIG_ARCH_MEDIATEK is redefined by fragment ./arch/arm64/configs/sm8250.config:
Previous value: CONFIG_ARCH_MEDIATEK=y
New value: CONFIG_ARCH_MEDIATEK=n

Value of CONFIG_ARCH_MESON is redefined by fragment ./arch/arm64/configs/sm8250.config:
Previous value: CONFIG_ARCH_MESON=y
New value: CONFIG_ARCH_MESON=n

Value of CONFIG_ARCH_MVEBU is redefined by fragment ./arch/arm64/configs/sm8250.config:
Previous value: CONFIG_ARCH_MVEBU=y
New value: CONFIG_ARCH_MVEBU=n

Value of CONFIG_ARCH_MXC is redefined by fragment ./arch/arm64/configs/sm8250.config:
Previous value: CONFIG_ARCH_MXC=y
New value: CONFIG_ARCH_MXC=n

Value of CONFIG_ARCH_RENESAS is redefined by fragment ./arch/arm64/configs/sm8250.config:
Previous value: CONFIG_ARCH_RENESAS=y
New value: CONFIG_ARCH_RENESAS=n

Value of CONFIG_ARCH_ROCKCHIP is redefined by fragment ./arch/arm64/configs/sm8250.config:
Previous value: CONFIG_ARCH_ROCKCHIP=y
New value: CONFIG_ARCH_ROCKCHIP=n

Value of CONFIG_ARCH_S32 is redefined by fragment ./arch/arm64/configs/sm8250.config:
Previous value: CONFIG_ARCH_S32=y
New value: CONFIG_ARCH_S32=n

Value of CONFIG_ARCH_SEATTLE is redefined by fragment ./arch/arm64/configs/sm8250.config:
Previous value: CONFIG_ARCH_SEATTLE=y
New value: CONFIG_ARCH_SEATTLE=n

Value of CONFIG_ARCH_INTEL_SOCFPGA is redefined by fragment ./arch/arm64/configs/sm8250.config:
Previous value: CONFIG_ARCH_INTEL_SOCFPGA=y
New value: CONFIG_ARCH_INTEL_SOCFPGA=n

Value of CONFIG_ARCH_SYNQUACER is redefined by fragment ./arch/arm64/configs/sm8250.config:
Previous value: CONFIG_ARCH_SYNQUACER=y
New value: CONFIG_ARCH_SYNQUACER=n

Value of CONFIG_ARCH_TEGRA is redefined by fragment ./arch/arm64/configs/sm8250.config:
Previous value: CONFIG_ARCH_TEGRA=y
New value: CONFIG_ARCH_TEGRA=n

Value of CONFIG_ARCH_SPRD is redefined by fragment ./arch/arm64/configs/sm8250.config:
Previous value: CONFIG_ARCH_SPRD=y
New value: CONFIG_ARCH_SPRD=n

Value of CONFIG_ARCH_THUNDER is redefined by fragment ./arch/arm64/configs/sm8250.config:
Previous value: CONFIG_ARCH_THUNDER=y
New value: CONFIG_ARCH_THUNDER=n

Value of CONFIG_ARCH_THUNDER2 is redefined by fragment ./arch/arm64/configs/sm8250.config:
Previous value: CONFIG_ARCH_THUNDER2=y
New value: CONFIG_ARCH_THUNDER2=n

Value of CONFIG_ARCH_UNIPHIER is redefined by fragment ./arch/arm64/configs/sm8250.config:
Previous value: CONFIG_ARCH_UNIPHIER=y
New value: CONFIG_ARCH_UNIPHIER=n

Value of CONFIG_ARCH_VEXPRESS is redefined by fragment ./arch/arm64/configs/sm8250.config:
Previous value: CONFIG_ARCH_VEXPRESS=y
New value: CONFIG_ARCH_VEXPRESS=n

Value of CONFIG_ARCH_VISCONTI is redefined by fragment ./arch/arm64/configs/sm8250.config:
Previous value: CONFIG_ARCH_VISCONTI=y
New value: CONFIG_ARCH_VISCONTI=n

Value of CONFIG_ARCH_XGENE is redefined by fragment ./arch/arm64/configs/sm8250.config:
Previous value: CONFIG_ARCH_XGENE=y
New value: CONFIG_ARCH_XGENE=n

Value of CONFIG_ARCH_ZYNQMP is redefined by fragment ./arch/arm64/configs/sm8250.config:
Previous value: CONFIG_ARCH_ZYNQMP=y
New value: CONFIG_ARCH_ZYNQMP=n

Value of CONFIG_ARM_ALLWINNER_SUN50I_CPUFREQ_NVMEM is redefined by fragment ./arch/arm64/configs/sm8250.config:
Previous value: CONFIG_ARM_ALLWINNER_SUN50I_CPUFREQ_NVMEM=m
New value: CONFIG_ARM_ALLWINNER_SUN50I_CPUFREQ_NVMEM=n

Value of CONFIG_ARM_ARMADA_37XX_CPUFREQ is redefined by fragment ./arch/arm64/configs/sm8250.config:
Previous value: CONFIG_ARM_ARMADA_37XX_CPUFREQ=y
New value: CONFIG_ARM_ARMADA_37XX_CPUFREQ=n

Value of CONFIG_ARM_IMX_CPUFREQ_DT is redefined by fragment ./arch/arm64/configs/sm8250.config:
Previous value: CONFIG_ARM_IMX_CPUFREQ_DT=m
New value: CONFIG_ARM_IMX_CPUFREQ_DT=n

Value of CONFIG_ARM_RASPBERRYPI_CPUFREQ is redefined by fragment ./arch/arm64/configs/sm8250.config:
Previous value: CONFIG_ARM_RASPBERRYPI_CPUFREQ=m
New value: CONFIG_ARM_RASPBERRYPI_CPUFREQ=n

Value of CONFIG_ARM_TEGRA186_CPUFREQ is redefined by fragment ./arch/arm64/configs/sm8250.config:
Previous value: CONFIG_ARM_TEGRA186_CPUFREQ=y
New value: CONFIG_ARM_TEGRA186_CPUFREQ=n

Value of CONFIG_QORIQ_CPUFREQ is redefined by fragment ./arch/arm64/configs/sm8250.config:
Previous value: CONFIG_QORIQ_CPUFREQ=y
New value: CONFIG_QORIQ_CPUFREQ=n

Value of CONFIG_RASPBERRYPI_FIRMWARE is redefined by fragment ./arch/arm64/configs/sm8250.config:
Previous value: CONFIG_RASPBERRYPI_FIRMWARE=y
New value: CONFIG_RASPBERRYPI_FIRMWARE=n

Value of CONFIG_INTEL_STRATIX10_SERVICE is redefined by fragment ./arch/arm64/configs/sm8250.config:
Previous value: CONFIG_INTEL_STRATIX10_SERVICE=y
New value: CONFIG_INTEL_STRATIX10_SERVICE=n

Value of CONFIG_INTEL_STRATIX10_RSU is redefined by fragment ./arch/arm64/configs/sm8250.config:
Previous value: CONFIG_INTEL_STRATIX10_RSU=m
New value: CONFIG_INTEL_STRATIX10_RSU=n

Value of CONFIG_IMX_SCU is redefined by fragment ./arch/arm64/configs/sm8250.config:
Previous value: CONFIG_IMX_SCU=y
New value: CONFIG_IMX_SCU=n

Value of CONFIG_IMX_SCU_PD is redefined by fragment ./arch/arm64/configs/sm8250.config:
Previous value: CONFIG_IMX_SCU_PD=y
New value: CONFIG_IMX_SCU_PD=n

Value of CONFIG_CAN_RCAR is redefined by fragment ./arch/arm64/configs/sm8250.config:
Previous value: CONFIG_CAN_RCAR=m
New value: CONFIG_CAN_RCAR=n

Value of CONFIG_CAN_RCAR_CANFD is redefined by fragment ./arch/arm64/configs/sm8250.config:
Previous value: CONFIG_CAN_RCAR_CANFD=m
New value: CONFIG_CAN_RCAR_CANFD=n

Value of CONFIG_CAN_FLEXCAN is redefined by fragment ./arch/arm64/configs/sm8250.config:
Previous value: CONFIG_CAN_FLEXCAN=m
New value: CONFIG_CAN_FLEXCAN=n

Value of CONFIG_PCI_AARDVARK is redefined by fragment ./arch/arm64/configs/sm8250.config:
Previous value: CONFIG_PCI_AARDVARK=y
New value: CONFIG_PCI_AARDVARK=n

Value of CONFIG_PCI_TEGRA is redefined by fragment ./arch/arm64/configs/sm8250.config:
Previous value: CONFIG_PCI_TEGRA=y
New value: CONFIG_PCI_TEGRA=n

Value of CONFIG_PCIE_RCAR_HOST is redefined by fragment ./arch/arm64/configs/sm8250.config:
Previous value: CONFIG_PCIE_RCAR_HOST=y
New value: CONFIG_PCIE_RCAR_HOST=n

Value of CONFIG_PCIE_RCAR_EP is redefined by fragment ./arch/arm64/configs/sm8250.config:
Previous value: CONFIG_PCIE_RCAR_EP=y
New value: CONFIG_PCIE_RCAR_EP=n

Value of CONFIG_PCI_XGENE is redefined by fragment ./arch/arm64/configs/sm8250.config:
Previous value: CONFIG_PCI_XGENE=y
New value: CONFIG_PCI_XGENE=n

Value of CONFIG_PCIE_ALTERA is redefined by fragment ./arch/arm64/configs/sm8250.config:
Previous value: CONFIG_PCIE_ALTERA=y
New value: CONFIG_PCIE_ALTERA=n

Value of CONFIG_PCIE_ALTERA_MSI is redefined by fragment ./arch/arm64/configs/sm8250.config:
Previous value: CONFIG_PCIE_ALTERA_MSI=y
New value: CONFIG_PCIE_ALTERA_MSI=n

Value of CONFIG_PCI_HOST_THUNDER_PEM is redefined by fragment ./arch/arm64/configs/sm8250.config:
Previous value: CONFIG_PCI_HOST_THUNDER_PEM=y
New value: CONFIG_PCI_HOST_THUNDER_PEM=n

Value of CONFIG_PCI_HOST_THUNDER_ECAM is redefined by fragment ./arch/arm64/configs/sm8250.config:
Previous value: CONFIG_PCI_HOST_THUNDER_ECAM=y
New value: CONFIG_PCI_HOST_THUNDER_ECAM=n

Value of CONFIG_PCIE_ROCKCHIP_HOST is redefined by fragment ./arch/arm64/configs/sm8250.config:
Previous value: CONFIG_PCIE_ROCKCHIP_HOST=m
New value: CONFIG_PCIE_ROCKCHIP_HOST=n

Value of CONFIG_PCIE_BRCMSTB is redefined by fragment ./arch/arm64/configs/sm8250.config:
Previous value: CONFIG_PCIE_BRCMSTB=m
New value: CONFIG_PCIE_BRCMSTB=n

Value of CONFIG_PCI_IMX6 is redefined by fragment ./arch/arm64/configs/sm8250.config:
Previous value: CONFIG_PCI_IMX6=y
New value: CONFIG_PCI_IMX6=n

Value of CONFIG_PCI_LAYERSCAPE is redefined by fragment ./arch/arm64/configs/sm8250.config:
Previous value: CONFIG_PCI_LAYERSCAPE=y
New value: CONFIG_PCI_LAYERSCAPE=n

Value of CONFIG_PCIE_LAYERSCAPE_GEN4 is redefined by fragment ./arch/arm64/configs/sm8250.config:
Previous value: CONFIG_PCIE_LAYERSCAPE_GEN4=y
New value: CONFIG_PCIE_LAYERSCAPE_GEN4=n

Value of CONFIG_PCI_HISI is redefined by fragment ./arch/arm64/configs/sm8250.config:
Previous value: CONFIG_PCI_HISI=y
New value: CONFIG_PCI_HISI=n

Value of CONFIG_PCIE_ARMADA_8K is redefined by fragment ./arch/arm64/configs/sm8250.config:
Previous value: CONFIG_PCIE_ARMADA_8K=y
New value: CONFIG_PCIE_ARMADA_8K=n

Value of CONFIG_PCIE_KIRIN is redefined by fragment ./arch/arm64/configs/sm8250.config:
Previous value: CONFIG_PCIE_KIRIN=y
New value: CONFIG_PCIE_KIRIN=n

Value of CONFIG_PCIE_HISI_STB is redefined by fragment ./arch/arm64/configs/sm8250.config:
Previous value: CONFIG_PCIE_HISI_STB=y
New value: CONFIG_PCIE_HISI_STB=n

Value of CONFIG_PCIE_TEGRA194_HOST is redefined by fragment ./arch/arm64/configs/sm8250.config:
Previous value: CONFIG_PCIE_TEGRA194_HOST=m
New value: CONFIG_PCIE_TEGRA194_HOST=n

Value of CONFIG_HISILICON_LPC is redefined by fragment ./arch/arm64/configs/sm8250.config:
Previous value: CONFIG_HISILICON_LPC=y
New value: CONFIG_HISILICON_LPC=n

Value of CONFIG_FSL_MC_BUS is redefined by fragment ./arch/arm64/configs/sm8250.config:
Previous value: CONFIG_FSL_MC_BUS=y
New value: CONFIG_FSL_MC_BUS=n

Value of CONFIG_TEGRA_ACONNECT is redefined by fragment ./arch/arm64/configs/sm8250.config:
Previous value: CONFIG_TEGRA_ACONNECT=m
New value: CONFIG_TEGRA_ACONNECT=n

Value of CONFIG_MTD_CFI_INTELEXT is redefined by fragment ./arch/arm64/configs/sm8250.config:
Previous value: CONFIG_MTD_CFI_INTELEXT=y
New value: CONFIG_MTD_CFI_INTELEXT=n

Value of CONFIG_MTD_CFI_AMDSTD is redefined by fragment ./arch/arm64/configs/sm8250.config:
Previous value: CONFIG_MTD_CFI_AMDSTD=y
New value: CONFIG_MTD_CFI_AMDSTD=n

Value of CONFIG_MTD_CFI_STAA is redefined by fragment ./arch/arm64/configs/sm8250.config:
Previous value: CONFIG_MTD_CFI_STAA=y
New value: CONFIG_MTD_CFI_STAA=n

Value of CONFIG_MTD_SST25L is redefined by fragment ./arch/arm64/configs/sm8250.config:
Previous value: CONFIG_MTD_SST25L=y
New value: CONFIG_MTD_SST25L=n

Value of CONFIG_MTD_NAND_DENALI_DT is redefined by fragment ./arch/arm64/configs/sm8250.config:
Previous value: CONFIG_MTD_NAND_DENALI_DT=y
New value: CONFIG_MTD_NAND_DENALI_DT=n

Value of CONFIG_MTD_NAND_MARVELL is redefined by fragment ./arch/arm64/configs/sm8250.config:
Previous value: CONFIG_MTD_NAND_MARVELL=y
New value: CONFIG_MTD_NAND_MARVELL=n

Value of CONFIG_MTD_NAND_FSL_IFC is redefined by fragment ./arch/arm64/configs/sm8250.config:
Previous value: CONFIG_MTD_NAND_FSL_IFC=y
New value: CONFIG_MTD_NAND_FSL_IFC=n

Value of CONFIG_SCSI_HISI_SAS is redefined by fragment ./arch/arm64/configs/sm8250.config:
Previous value: CONFIG_SCSI_HISI_SAS=y
New value: CONFIG_SCSI_HISI_SAS=n

Value of CONFIG_SCSI_HISI_SAS_PCI is redefined by fragment ./arch/arm64/configs/sm8250.config:
Previous value: CONFIG_SCSI_HISI_SAS_PCI=y
New value: CONFIG_SCSI_HISI_SAS_PCI=n

Value of CONFIG_SCSI_UFS_HISI is redefined by fragment ./arch/arm64/configs/sm8250.config:
Previous value: CONFIG_SCSI_UFS_HISI=y
New value: CONFIG_SCSI_UFS_HISI=n

Value of CONFIG_SCSI_UFS_EXYNOS is redefined by fragment ./arch/arm64/configs/sm8250.config:
Previous value: CONFIG_SCSI_UFS_EXYNOS=y
New value: CONFIG_SCSI_UFS_EXYNOS=n

Value of CONFIG_AHCI_CEVA is redefined by fragment ./arch/arm64/configs/sm8250.config:
Previous value: CONFIG_AHCI_CEVA=y
New value: CONFIG_AHCI_CEVA=n

Value of CONFIG_AHCI_MVEBU is redefined by fragment ./arch/arm64/configs/sm8250.config:
Previous value: CONFIG_AHCI_MVEBU=y
New value: CONFIG_AHCI_MVEBU=n

Value of CONFIG_AHCI_XGENE is redefined by fragment ./arch/arm64/configs/sm8250.config:
Previous value: CONFIG_AHCI_XGENE=y
New value: CONFIG_AHCI_XGENE=n

Value of CONFIG_AHCI_QORIQ is redefined by fragment ./arch/arm64/configs/sm8250.config:
Previous value: CONFIG_AHCI_QORIQ=y
New value: CONFIG_AHCI_QORIQ=n

Value of CONFIG_SATA_SIL24 is redefined by fragment ./arch/arm64/configs/sm8250.config:
Previous value: CONFIG_SATA_SIL24=y
New value: CONFIG_SATA_SIL24=n

Value of CONFIG_SATA_RCAR is redefined by fragment ./arch/arm64/configs/sm8250.config:
Previous value: CONFIG_SATA_RCAR=y
New value: CONFIG_SATA_RCAR=n

Value of CONFIG_FSL_FMAN is redefined by fragment ./arch/arm64/configs/sm8250.config:
Previous value: CONFIG_FSL_FMAN=y
New value: CONFIG_FSL_FMAN=n

Value of CONFIG_FSL_DPAA_ETH is redefined by fragment ./arch/arm64/configs/sm8250.config:
Previous value: CONFIG_FSL_DPAA_ETH=y
New value: CONFIG_FSL_DPAA_ETH=n

Value of CONFIG_FSL_DPAA2_ETH is redefined by fragment ./arch/arm64/configs/sm8250.config:
Previous value: CONFIG_FSL_DPAA2_ETH=y
New value: CONFIG_FSL_DPAA2_ETH=n

Value of CONFIG_FSL_ENETC is redefined by fragment ./arch/arm64/configs/sm8250.config:
Previous value: CONFIG_FSL_ENETC=y
New value: CONFIG_FSL_ENETC=n

Value of CONFIG_FSL_ENETC_VF is redefined by fragment ./arch/arm64/configs/sm8250.config:
Previous value: CONFIG_FSL_ENETC_VF=y
New value: CONFIG_FSL_ENETC_VF=n

Value of CONFIG_FSL_ENETC_QOS is redefined by fragment ./arch/arm64/configs/sm8250.config:
Previous value: CONFIG_FSL_ENETC_QOS=y
New value: CONFIG_FSL_ENETC_QOS=n

Value of CONFIG_HIX5HD2_GMAC is redefined by fragment ./arch/arm64/configs/sm8250.config:
Previous value: CONFIG_HIX5HD2_GMAC=y
New value: CONFIG_HIX5HD2_GMAC=n

Value of CONFIG_HNS_DSAF is redefined by fragment ./arch/arm64/configs/sm8250.config:
Previous value: CONFIG_HNS_DSAF=y
New value: CONFIG_HNS_DSAF=n

Value of CONFIG_HNS_ENET is redefined by fragment ./arch/arm64/configs/sm8250.config:
Previous value: CONFIG_HNS_ENET=y
New value: CONFIG_HNS_ENET=n

Value of CONFIG_HNS3 is redefined by fragment ./arch/arm64/configs/sm8250.config:
Previous value: CONFIG_HNS3=y
New value: CONFIG_HNS3=n

Value of CONFIG_HNS3_HCLGE is redefined by fragment ./arch/arm64/configs/sm8250.config:
Previous value: CONFIG_HNS3_HCLGE=y
New value: CONFIG_HNS3_HCLGE=n

Value of CONFIG_HNS3_ENET is redefined by fragment ./arch/arm64/configs/sm8250.config:
Previous value: CONFIG_HNS3_ENET=y
New value: CONFIG_HNS3_ENET=n

Value of CONFIG_SERIAL_MESON is redefined by fragment ./arch/arm64/configs/sm8250.config:
Previous value: CONFIG_SERIAL_MESON=y
New value: CONFIG_SERIAL_MESON=n

Value of CONFIG_SERIAL_MESON_CONSOLE is redefined by fragment ./arch/arm64/configs/sm8250.config:
Previous value: CONFIG_SERIAL_MESON_CONSOLE=y
New value: CONFIG_SERIAL_MESON_CONSOLE=n

Value of CONFIG_SERIAL_SAMSUNG is redefined by fragment ./arch/arm64/configs/sm8250.config:
Previous value: CONFIG_SERIAL_SAMSUNG=y
New value: CONFIG_SERIAL_SAMSUNG=n

Value of CONFIG_SERIAL_SAMSUNG_CONSOLE is redefined by fragment ./arch/arm64/configs/sm8250.config:
Previous value: CONFIG_SERIAL_SAMSUNG_CONSOLE=y
New value: CONFIG_SERIAL_SAMSUNG_CONSOLE=n

Value of CONFIG_SERIAL_TEGRA is redefined by fragment ./arch/arm64/configs/sm8250.config:
Previous value: CONFIG_SERIAL_TEGRA=y
New value: CONFIG_SERIAL_TEGRA=n

Value of CONFIG_SERIAL_TEGRA_TCU is redefined by fragment ./arch/arm64/configs/sm8250.config:
Previous value: CONFIG_SERIAL_TEGRA_TCU=y
New value: CONFIG_SERIAL_TEGRA_TCU=n

Value of CONFIG_SERIAL_IMX is redefined by fragment ./arch/arm64/configs/sm8250.config:
Previous value: CONFIG_SERIAL_IMX=y
New value: CONFIG_SERIAL_IMX=n

Value of CONFIG_SERIAL_IMX_CONSOLE is redefined by fragment ./arch/arm64/configs/sm8250.config:
Previous value: CONFIG_SERIAL_IMX_CONSOLE=y
New value: CONFIG_SERIAL_IMX_CONSOLE=n

Value of CONFIG_SERIAL_XILINX_PS_UART is redefined by fragment ./arch/arm64/configs/sm8250.config:
Previous value: CONFIG_SERIAL_XILINX_PS_UART=y
New value: CONFIG_SERIAL_XILINX_PS_UART=n

Value of CONFIG_SERIAL_XILINX_PS_UART_CONSOLE is redefined by fragment ./arch/arm64/configs/sm8250.config:
Previous value: CONFIG_SERIAL_XILINX_PS_UART_CONSOLE=y
New value: CONFIG_SERIAL_XILINX_PS_UART_CONSOLE=n

Value of CONFIG_SERIAL_FSL_LPUART is redefined by fragment ./arch/arm64/configs/sm8250.config:
Previous value: CONFIG_SERIAL_FSL_LPUART=y
New value: CONFIG_SERIAL_FSL_LPUART=n

Value of CONFIG_SERIAL_FSL_LPUART_CONSOLE is redefined by fragment ./arch/arm64/configs/sm8250.config:
Previous value: CONFIG_SERIAL_FSL_LPUART_CONSOLE=y
New value: CONFIG_SERIAL_FSL_LPUART_CONSOLE=n

Value of CONFIG_SERIAL_FSL_LINFLEXUART is redefined by fragment ./arch/arm64/configs/sm8250.config:
Previous value: CONFIG_SERIAL_FSL_LINFLEXUART=y
New value: CONFIG_SERIAL_FSL_LINFLEXUART=n

Value of CONFIG_SERIAL_FSL_LINFLEXUART_CONSOLE is redefined by fragment ./arch/arm64/configs/sm8250.config:
Previous value: CONFIG_SERIAL_FSL_LINFLEXUART_CONSOLE=y
New value: CONFIG_SERIAL_FSL_LINFLEXUART_CONSOLE=n

Value of CONFIG_SERIAL_MVEBU_UART is redefined by fragment ./arch/arm64/configs/sm8250.config:
Previous value: CONFIG_SERIAL_MVEBU_UART=y
New value: CONFIG_SERIAL_MVEBU_UART=n

Value of CONFIG_SERIAL_OWL is redefined by fragment ./arch/arm64/configs/sm8250.config:
Previous value: CONFIG_SERIAL_OWL=y
New value: CONFIG_SERIAL_OWL=n

Value of CONFIG_I2C_BCM2835 is redefined by fragment ./arch/arm64/configs/sm8250.config:
Previous value: CONFIG_I2C_BCM2835=m
New value: CONFIG_I2C_BCM2835=n

Value of CONFIG_I2C_DESIGNWARE_PLATFORM is redefined by fragment ./arch/arm64/configs/sm8250.config:
Previous value: CONFIG_I2C_DESIGNWARE_PLATFORM=y
New value: CONFIG_I2C_DESIGNWARE_PLATFORM=n

Value of CONFIG_I2C_IMX is redefined by fragment ./arch/arm64/configs/sm8250.config:
Previous value: CONFIG_I2C_IMX=y
New value: CONFIG_I2C_IMX=n

Value of CONFIG_I2C_IMX_LPI2C is redefined by fragment ./arch/arm64/configs/sm8250.config:
Previous value: CONFIG_I2C_IMX_LPI2C=y
New value: CONFIG_I2C_IMX_LPI2C=n

Value of CONFIG_I2C_MESON is redefined by fragment ./arch/arm64/configs/sm8250.config:
Previous value: CONFIG_I2C_MESON=y
New value: CONFIG_I2C_MESON=n

Value of CONFIG_I2C_MT65XX is redefined by fragment ./arch/arm64/configs/sm8250.config:
Previous value: CONFIG_I2C_MT65XX=y
New value: CONFIG_I2C_MT65XX=n

Value of CONFIG_I2C_MV64XXX is redefined by fragment ./arch/arm64/configs/sm8250.config:
Previous value: CONFIG_I2C_MV64XXX=y
New value: CONFIG_I2C_MV64XXX=n

Value of CONFIG_I2C_OMAP is redefined by fragment ./arch/arm64/configs/sm8250.config:
Previous value: CONFIG_I2C_OMAP=y
New value: CONFIG_I2C_OMAP=n

Value of CONFIG_I2C_OWL is redefined by fragment ./arch/arm64/configs/sm8250.config:
Previous value: CONFIG_I2C_OWL=y
New value: CONFIG_I2C_OWL=n

Value of CONFIG_I2C_PXA is redefined by fragment ./arch/arm64/configs/sm8250.config:
Previous value: CONFIG_I2C_PXA=y
New value: CONFIG_I2C_PXA=n

Value of CONFIG_I2C_RK3X is redefined by fragment ./arch/arm64/configs/sm8250.config:
Previous value: CONFIG_I2C_RK3X=y
New value: CONFIG_I2C_RK3X=n

Value of CONFIG_I2C_SH_MOBILE is redefined by fragment ./arch/arm64/configs/sm8250.config:
Previous value: CONFIG_I2C_SH_MOBILE=y
New value: CONFIG_I2C_SH_MOBILE=n

Value of CONFIG_I2C_TEGRA is redefined by fragment ./arch/arm64/configs/sm8250.config:
Previous value: CONFIG_I2C_TEGRA=y
New value: CONFIG_I2C_TEGRA=n

Value of CONFIG_I2C_UNIPHIER_F is redefined by fragment ./arch/arm64/configs/sm8250.config:
Previous value: CONFIG_I2C_UNIPHIER_F=y
New value: CONFIG_I2C_UNIPHIER_F=n

Value of CONFIG_I2C_RCAR is redefined by fragment ./arch/arm64/configs/sm8250.config:
Previous value: CONFIG_I2C_RCAR=y
New value: CONFIG_I2C_RCAR=n

Value of CONFIG_SPI_ARMADA_3700 is redefined by fragment ./arch/arm64/configs/sm8250.config:
Previous value: CONFIG_SPI_ARMADA_3700=y
New value: CONFIG_SPI_ARMADA_3700=n

Value of CONFIG_SPI_BCM2835 is redefined by fragment ./arch/arm64/configs/sm8250.config:
Previous value: CONFIG_SPI_BCM2835=m
New value: CONFIG_SPI_BCM2835=n

Value of CONFIG_SPI_BCM2835AUX is redefined by fragment ./arch/arm64/configs/sm8250.config:
Previous value: CONFIG_SPI_BCM2835AUX=m
New value: CONFIG_SPI_BCM2835AUX=n

Value of CONFIG_SPI_DESIGNWARE is redefined by fragment ./arch/arm64/configs/sm8250.config:
Previous value: CONFIG_SPI_DESIGNWARE=m
New value: CONFIG_SPI_DESIGNWARE=n

Value of CONFIG_SPI_DW_DMA is redefined by fragment ./arch/arm64/configs/sm8250.config:
Previous value: CONFIG_SPI_DW_DMA=y
New value: CONFIG_SPI_DW_DMA=n

Value of CONFIG_SPI_DW_MMIO is redefined by fragment ./arch/arm64/configs/sm8250.config:
Previous value: CONFIG_SPI_DW_MMIO=m
New value: CONFIG_SPI_DW_MMIO=n

Value of CONFIG_SPI_FSL_LPSPI is redefined by fragment ./arch/arm64/configs/sm8250.config:
Previous value: CONFIG_SPI_FSL_LPSPI=y
New value: CONFIG_SPI_FSL_LPSPI=n

Value of CONFIG_SPI_FSL_QUADSPI is redefined by fragment ./arch/arm64/configs/sm8250.config:
Previous value: CONFIG_SPI_FSL_QUADSPI=y
New value: CONFIG_SPI_FSL_QUADSPI=n

Value of CONFIG_SPI_IMX is redefined by fragment ./arch/arm64/configs/sm8250.config:
Previous value: CONFIG_SPI_IMX=m
New value: CONFIG_SPI_IMX=n

Value of CONFIG_SPI_FSL_DSPI is redefined by fragment ./arch/arm64/configs/sm8250.config:
Previous value: CONFIG_SPI_FSL_DSPI=y
New value: CONFIG_SPI_FSL_DSPI=n

Value of CONFIG_SPI_MESON_SPICC is redefined by fragment ./arch/arm64/configs/sm8250.config:
Previous value: CONFIG_SPI_MESON_SPICC=m
New value: CONFIG_SPI_MESON_SPICC=n

Value of CONFIG_SPI_MESON_SPIFC is redefined by fragment ./arch/arm64/configs/sm8250.config:
Previous value: CONFIG_SPI_MESON_SPIFC=m
New value: CONFIG_SPI_MESON_SPIFC=n

Value of CONFIG_SPI_ORION is redefined by fragment ./arch/arm64/configs/sm8250.config:
Previous value: CONFIG_SPI_ORION=y
New value: CONFIG_SPI_ORION=n

Value of CONFIG_SPI_PL022 is redefined by fragment ./arch/arm64/configs/sm8250.config:
Previous value: CONFIG_SPI_PL022=y
New value: CONFIG_SPI_PL022=n

Value of CONFIG_SPI_ROCKCHIP is redefined by fragment ./arch/arm64/configs/sm8250.config:
Previous value: CONFIG_SPI_ROCKCHIP=y
New value: CONFIG_SPI_ROCKCHIP=n

Value of CONFIG_SPI_RPCIF is redefined by fragment ./arch/arm64/configs/sm8250.config:
Previous value: CONFIG_SPI_RPCIF=m
New value: CONFIG_SPI_RPCIF=n

Value of CONFIG_SPI_S3C64XX is redefined by fragment ./arch/arm64/configs/sm8250.config:
Previous value: CONFIG_SPI_S3C64XX=y
New value: CONFIG_SPI_S3C64XX=n

Value of CONFIG_SPI_SH_MSIOF is redefined by fragment ./arch/arm64/configs/sm8250.config:
Previous value: CONFIG_SPI_SH_MSIOF=m
New value: CONFIG_SPI_SH_MSIOF=n

Value of CONFIG_SPI_SUN6I is redefined by fragment ./arch/arm64/configs/sm8250.config:
Previous value: CONFIG_SPI_SUN6I=y
New value: CONFIG_SPI_SUN6I=n

Value of CONFIG_PINCTRL_MAX77620 is redefined by fragment ./arch/arm64/configs/sm8250.config:
Previous value: CONFIG_PINCTRL_MAX77620=y
New value: CONFIG_PINCTRL_MAX77620=n

Value of CONFIG_PINCTRL_OWL is redefined by fragment ./arch/arm64/configs/sm8250.config:
Previous value: CONFIG_PINCTRL_OWL=y
New value: CONFIG_PINCTRL_OWL=n

Value of CONFIG_PINCTRL_S700 is redefined by fragment ./arch/arm64/configs/sm8250.config:
Previous value: CONFIG_PINCTRL_S700=y
New value: CONFIG_PINCTRL_S700=n

Value of CONFIG_PINCTRL_S900 is redefined by fragment ./arch/arm64/configs/sm8250.config:
Previous value: CONFIG_PINCTRL_S900=y
New value: CONFIG_PINCTRL_S900=n

Value of CONFIG_PINCTRL_IMX8MM is redefined by fragment ./arch/arm64/configs/sm8250.config:
Previous value: CONFIG_PINCTRL_IMX8MM=y
New value: CONFIG_PINCTRL_IMX8MM=n

Value of CONFIG_PINCTRL_IMX8MN is redefined by fragment ./arch/arm64/configs/sm8250.config:
Previous value: CONFIG_PINCTRL_IMX8MN=y
New value: CONFIG_PINCTRL_IMX8MN=n

Value of CONFIG_PINCTRL_IMX8MP is redefined by fragment ./arch/arm64/configs/sm8250.config:
Previous value: CONFIG_PINCTRL_IMX8MP=y
New value: CONFIG_PINCTRL_IMX8MP=n

Value of CONFIG_PINCTRL_IMX8MQ is redefined by fragment ./arch/arm64/configs/sm8250.config:
Previous value: CONFIG_PINCTRL_IMX8MQ=y
New value: CONFIG_PINCTRL_IMX8MQ=n

Value of CONFIG_PINCTRL_IMX8QM is redefined by fragment ./arch/arm64/configs/sm8250.config:
Previous value: CONFIG_PINCTRL_IMX8QM=y
New value: CONFIG_PINCTRL_IMX8QM=n

Value of CONFIG_PINCTRL_IMX8QXP is redefined by fragment ./arch/arm64/configs/sm8250.config:
Previous value: CONFIG_PINCTRL_IMX8QXP=y
New value: CONFIG_PINCTRL_IMX8QXP=n

Value of CONFIG_PINCTRL_IMX8DXL is redefined by fragment ./arch/arm64/configs/sm8250.config:
Previous value: CONFIG_PINCTRL_IMX8DXL=y
New value: CONFIG_PINCTRL_IMX8DXL=n

Value of CONFIG_GPIO_ALTERA is redefined by fragment ./arch/arm64/configs/sm8250.config:
Previous value: CONFIG_GPIO_ALTERA=m
New value: CONFIG_GPIO_ALTERA=n

Value of CONFIG_GPIO_DAVINCI is redefined by fragment ./arch/arm64/configs/sm8250.config:
Previous value: CONFIG_GPIO_DAVINCI=y
New value: CONFIG_GPIO_DAVINCI=n

Value of CONFIG_GPIO_MPC8XXX is redefined by fragment ./arch/arm64/configs/sm8250.config:
Previous value: CONFIG_GPIO_MPC8XXX=y
New value: CONFIG_GPIO_MPC8XXX=n

Value of CONFIG_GPIO_MXC is redefined by fragment ./arch/arm64/configs/sm8250.config:
Previous value: CONFIG_GPIO_MXC=y
New value: CONFIG_GPIO_MXC=n

Value of CONFIG_GPIO_PL061 is redefined by fragment ./arch/arm64/configs/sm8250.config:
Previous value: CONFIG_GPIO_PL061=y
New value: CONFIG_GPIO_PL061=n

Value of CONFIG_GPIO_RCAR is redefined by fragment ./arch/arm64/configs/sm8250.config:
Previous value: CONFIG_GPIO_RCAR=y
New value: CONFIG_GPIO_RCAR=n

Value of CONFIG_GPIO_UNIPHIER is redefined by fragment ./arch/arm64/configs/sm8250.config:
Previous value: CONFIG_GPIO_UNIPHIER=y
New value: CONFIG_GPIO_UNIPHIER=n

Value of CONFIG_GPIO_VISCONTI is redefined by fragment ./arch/arm64/configs/sm8250.config:
Previous value: CONFIG_GPIO_VISCONTI=y
New value: CONFIG_GPIO_VISCONTI=n

Value of CONFIG_GPIO_XGENE is redefined by fragment ./arch/arm64/configs/sm8250.config:
Previous value: CONFIG_GPIO_XGENE=y
New value: CONFIG_GPIO_XGENE=n

Value of CONFIG_GPIO_XGENE_SB is redefined by fragment ./arch/arm64/configs/sm8250.config:
Previous value: CONFIG_GPIO_XGENE_SB=y
New value: CONFIG_GPIO_XGENE_SB=n

Value of CONFIG_GPIO_PCA953X_IRQ is redefined by fragment ./arch/arm64/configs/sm8250.config:
Previous value: CONFIG_GPIO_PCA953X_IRQ=y
New value: CONFIG_GPIO_PCA953X_IRQ=n

Value of CONFIG_GPIO_BD9571MWV is redefined by fragment ./arch/arm64/configs/sm8250.config:
Previous value: CONFIG_GPIO_BD9571MWV=m
New value: CONFIG_GPIO_BD9571MWV=n

Value of CONFIG_GPIO_MAX77620 is redefined by fragment ./arch/arm64/configs/sm8250.config:
Previous value: CONFIG_GPIO_MAX77620=y
New value: CONFIG_GPIO_MAX77620=n

Value of CONFIG_GPIO_SL28CPLD is redefined by fragment ./arch/arm64/configs/sm8250.config:
Previous value: CONFIG_GPIO_SL28CPLD=m
New value: CONFIG_GPIO_SL28CPLD=n

Value of CONFIG_ROCKCHIP_IODOMAIN is redefined by fragment ./arch/arm64/configs/sm8250.config:
Previous value: CONFIG_ROCKCHIP_IODOMAIN=y
New value: CONFIG_ROCKCHIP_IODOMAIN=n

Value of CONFIG_POWER_RESET_XGENE is redefined by fragment ./arch/arm64/configs/sm8250.config:
Previous value: CONFIG_POWER_RESET_XGENE=y
New value: CONFIG_POWER_RESET_XGENE=n

Value of CONFIG_POWER_RESET_SYSCON is redefined by fragment ./arch/arm64/configs/sm8250.config:
Previous value: CONFIG_POWER_RESET_SYSCON=y
New value: CONFIG_POWER_RESET_SYSCON=n

Value of CONFIG_GNSS_MTK_SERIAL is redefined by fragment ./arch/arm64/configs/sm8250.config:
Previous value: CONFIG_GNSS_MTK_SERIAL=m
New value: CONFIG_GNSS_MTK_SERIAL=n

Value of CONFIG_SENSORS_RASPBERRYPI_HWMON is redefined by fragment ./arch/arm64/configs/sm8250.config:
Previous value: CONFIG_SENSORS_RASPBERRYPI_HWMON=m
New value: CONFIG_SENSORS_RASPBERRYPI_HWMON=n

Value of CONFIG_SENSORS_SL28CPLD is redefined by fragment ./arch/arm64/configs/sm8250.config:
Previous value: CONFIG_SENSORS_SL28CPLD=m
New value: CONFIG_SENSORS_SL28CPLD=n

Value of CONFIG_QORIQ_THERMAL is redefined by fragment ./arch/arm64/configs/sm8250.config:
Previous value: CONFIG_QORIQ_THERMAL=m
New value: CONFIG_QORIQ_THERMAL=n

Value of CONFIG_SUN8I_THERMAL is redefined by fragment ./arch/arm64/configs/sm8250.config:
Previous value: CONFIG_SUN8I_THERMAL=y
New value: CONFIG_SUN8I_THERMAL=n

Value of CONFIG_IMX_SC_THERMAL is redefined by fragment ./arch/arm64/configs/sm8250.config:
Previous value: CONFIG_IMX_SC_THERMAL=m
New value: CONFIG_IMX_SC_THERMAL=n

Value of CONFIG_IMX8MM_THERMAL is redefined by fragment ./arch/arm64/configs/sm8250.config:
Previous value: CONFIG_IMX8MM_THERMAL=m
New value: CONFIG_IMX8MM_THERMAL=n

Value of CONFIG_ROCKCHIP_THERMAL is redefined by fragment ./arch/arm64/configs/sm8250.config:
Previous value: CONFIG_ROCKCHIP_THERMAL=m
New value: CONFIG_ROCKCHIP_THERMAL=n

Value of CONFIG_RCAR_THERMAL is redefined by fragment ./arch/arm64/configs/sm8250.config:
Previous value: CONFIG_RCAR_THERMAL=y
New value: CONFIG_RCAR_THERMAL=n

Value of CONFIG_RCAR_GEN3_THERMAL is redefined by fragment ./arch/arm64/configs/sm8250.config:
Previous value: CONFIG_RCAR_GEN3_THERMAL=y
New value: CONFIG_RCAR_GEN3_THERMAL=n

Value of CONFIG_ARMADA_THERMAL is redefined by fragment ./arch/arm64/configs/sm8250.config:
Previous value: CONFIG_ARMADA_THERMAL=y
New value: CONFIG_ARMADA_THERMAL=n

Value of CONFIG_BCM2711_THERMAL is redefined by fragment ./arch/arm64/configs/sm8250.config:
Previous value: CONFIG_BCM2711_THERMAL=m
New value: CONFIG_BCM2711_THERMAL=n

Value of CONFIG_BCM2835_THERMAL is redefined by fragment ./arch/arm64/configs/sm8250.config:
Previous value: CONFIG_BCM2835_THERMAL=m
New value: CONFIG_BCM2835_THERMAL=n

Value of CONFIG_BRCMSTB_THERMAL is redefined by fragment ./arch/arm64/configs/sm8250.config:
Previous value: CONFIG_BRCMSTB_THERMAL=m
New value: CONFIG_BRCMSTB_THERMAL=n

Value of CONFIG_EXYNOS_THERMAL is redefined by fragment ./arch/arm64/configs/sm8250.config:
Previous value: CONFIG_EXYNOS_THERMAL=y
New value: CONFIG_EXYNOS_THERMAL=n

Value of CONFIG_TEGRA_BPMP_THERMAL is redefined by fragment ./arch/arm64/configs/sm8250.config:
Previous value: CONFIG_TEGRA_BPMP_THERMAL=m
New value: CONFIG_TEGRA_BPMP_THERMAL=n

Value of CONFIG_TEGRA_SOCTHERM is redefined by fragment ./arch/arm64/configs/sm8250.config:
Previous value: CONFIG_TEGRA_SOCTHERM=m
New value: CONFIG_TEGRA_SOCTHERM=n

Value of CONFIG_UNIPHIER_THERMAL is redefined by fragment ./arch/arm64/configs/sm8250.config:
Previous value: CONFIG_UNIPHIER_THERMAL=y
New value: CONFIG_UNIPHIER_THERMAL=n

Value of CONFIG_SL28CPLD_WATCHDOG is redefined by fragment ./arch/arm64/configs/sm8250.config:
Previous value: CONFIG_SL28CPLD_WATCHDOG=m
New value: CONFIG_SL28CPLD_WATCHDOG=n

Value of CONFIG_ARM_SP805_WATCHDOG is redefined by fragment ./arch/arm64/configs/sm8250.config:
Previous value: CONFIG_ARM_SP805_WATCHDOG=y
New value: CONFIG_ARM_SP805_WATCHDOG=n

Value of CONFIG_S3C2410_WATCHDOG is redefined by fragment ./arch/arm64/configs/sm8250.config:
Previous value: CONFIG_S3C2410_WATCHDOG=y
New value: CONFIG_S3C2410_WATCHDOG=n

Value of CONFIG_SUNXI_WATCHDOG is redefined by fragment ./arch/arm64/configs/sm8250.config:
Previous value: CONFIG_SUNXI_WATCHDOG=m
New value: CONFIG_SUNXI_WATCHDOG=n

Value of CONFIG_IMX2_WDT is redefined by fragment ./arch/arm64/configs/sm8250.config:
Previous value: CONFIG_IMX2_WDT=y
New value: CONFIG_IMX2_WDT=n

Value of CONFIG_IMX_SC_WDT is redefined by fragment ./arch/arm64/configs/sm8250.config:
Previous value: CONFIG_IMX_SC_WDT=m
New value: CONFIG_IMX_SC_WDT=n

Value of CONFIG_MESON_GXBB_WATCHDOG is redefined by fragment ./arch/arm64/configs/sm8250.config:
Previous value: CONFIG_MESON_GXBB_WATCHDOG=m
New value: CONFIG_MESON_GXBB_WATCHDOG=n

Value of CONFIG_MESON_WATCHDOG is redefined by fragment ./arch/arm64/configs/sm8250.config:
Previous value: CONFIG_MESON_WATCHDOG=m
New value: CONFIG_MESON_WATCHDOG=n

Value of CONFIG_RENESAS_WDT is redefined by fragment ./arch/arm64/configs/sm8250.config:
Previous value: CONFIG_RENESAS_WDT=y
New value: CONFIG_RENESAS_WDT=n

Value of CONFIG_UNIPHIER_WATCHDOG is redefined by fragment ./arch/arm64/configs/sm8250.config:
Previous value: CONFIG_UNIPHIER_WATCHDOG=y
New value: CONFIG_UNIPHIER_WATCHDOG=n

Value of CONFIG_BCM2835_WDT is redefined by fragment ./arch/arm64/configs/sm8250.config:
Previous value: CONFIG_BCM2835_WDT=y
New value: CONFIG_BCM2835_WDT=n

Value of CONFIG_MFD_ALTERA_SYSMGR is redefined by fragment ./arch/arm64/configs/sm8250.config:
Previous value: CONFIG_MFD_ALTERA_SYSMGR=y
New value: CONFIG_MFD_ALTERA_SYSMGR=n

Value of CONFIG_MFD_AXP20X_I2C is redefined by fragment ./arch/arm64/configs/sm8250.config:
Previous value: CONFIG_MFD_AXP20X_I2C=y
New value: CONFIG_MFD_AXP20X_I2C=n

Value of CONFIG_MFD_AXP20X_RSB is redefined by fragment ./arch/arm64/configs/sm8250.config:
Previous value: CONFIG_MFD_AXP20X_RSB=y
New value: CONFIG_MFD_AXP20X_RSB=n

Value of CONFIG_MFD_EXYNOS_LPASS is redefined by fragment ./arch/arm64/configs/sm8250.config:
Previous value: CONFIG_MFD_EXYNOS_LPASS=m
New value: CONFIG_MFD_EXYNOS_LPASS=n

Value of CONFIG_MFD_HI6421_PMIC is redefined by fragment ./arch/arm64/configs/sm8250.config:
Previous value: CONFIG_MFD_HI6421_PMIC=y
New value: CONFIG_MFD_HI6421_PMIC=n

Value of CONFIG_MFD_HI655X_PMIC is redefined by fragment ./arch/arm64/configs/sm8250.config:
Previous value: CONFIG_MFD_HI655X_PMIC=y
New value: CONFIG_MFD_HI655X_PMIC=n

Value of CONFIG_MFD_MT6397 is redefined by fragment ./arch/arm64/configs/sm8250.config:
Previous value: CONFIG_MFD_MT6397=y
New value: CONFIG_MFD_MT6397=n

Value of CONFIG_MFD_SL28CPLD is redefined by fragment ./arch/arm64/configs/sm8250.config:
Previous value: CONFIG_MFD_SL28CPLD=y
New value: CONFIG_MFD_SL28CPLD=n

Value of CONFIG_REGULATOR_AXP20X is redefined by fragment ./arch/arm64/configs/sm8250.config:
Previous value: CONFIG_REGULATOR_AXP20X=y
New value: CONFIG_REGULATOR_AXP20X=n

Value of CONFIG_REGULATOR_BD718XX is redefined by fragment ./arch/arm64/configs/sm8250.config:
Previous value: CONFIG_REGULATOR_BD718XX=y
New value: CONFIG_REGULATOR_BD718XX=n

Value of CONFIG_REGULATOR_BD9571MWV is redefined by fragment ./arch/arm64/configs/sm8250.config:
Previous value: CONFIG_REGULATOR_BD9571MWV=y
New value: CONFIG_REGULATOR_BD9571MWV=n

Value of CONFIG_REGULATOR_HI6421V530 is redefined by fragment ./arch/arm64/configs/sm8250.config:
Previous value: CONFIG_REGULATOR_HI6421V530=y
New value: CONFIG_REGULATOR_HI6421V530=n

Value of CONFIG_REGULATOR_HI655X is redefined by fragment ./arch/arm64/configs/sm8250.config:
Previous value: CONFIG_REGULATOR_HI655X=y
New value: CONFIG_REGULATOR_HI655X=n

Value of CONFIG_REGULATOR_MAX77620 is redefined by fragment ./arch/arm64/configs/sm8250.config:
Previous value: CONFIG_REGULATOR_MAX77620=y
New value: CONFIG_REGULATOR_MAX77620=n

Value of CONFIG_REGULATOR_MP8859 is redefined by fragment ./arch/arm64/configs/sm8250.config:
Previous value: CONFIG_REGULATOR_MP8859=y
New value: CONFIG_REGULATOR_MP8859=n

Value of CONFIG_REGULATOR_MT6358 is redefined by fragment ./arch/arm64/configs/sm8250.config:
Previous value: CONFIG_REGULATOR_MT6358=y
New value: CONFIG_REGULATOR_MT6358=n

Value of CONFIG_REGULATOR_MT6397 is redefined by fragment ./arch/arm64/configs/sm8250.config:
Previous value: CONFIG_REGULATOR_MT6397=y
New value: CONFIG_REGULATOR_MT6397=n

Value of CONFIG_REGULATOR_PF8X00 is redefined by fragment ./arch/arm64/configs/sm8250.config:
Previous value: CONFIG_REGULATOR_PF8X00=y
New value: CONFIG_REGULATOR_PF8X00=n

Value of CONFIG_REGULATOR_RK808 is redefined by fragment ./arch/arm64/configs/sm8250.config:
Previous value: CONFIG_REGULATOR_RK808=y
New value: CONFIG_REGULATOR_RK808=n

Value of CONFIG_REGULATOR_S2MPS11 is redefined by fragment ./arch/arm64/configs/sm8250.config:
Previous value: CONFIG_REGULATOR_S2MPS11=y
New value: CONFIG_REGULATOR_S2MPS11=n

Value of CONFIG_REGULATOR_TPS65132 is redefined by fragment ./arch/arm64/configs/sm8250.config:
Previous value: CONFIG_REGULATOR_TPS65132=m
New value: CONFIG_REGULATOR_TPS65132=n

Value of CONFIG_IR_MESON is redefined by fragment ./arch/arm64/configs/sm8250.config:
Previous value: CONFIG_IR_MESON=m
New value: CONFIG_IR_MESON=n

Value of CONFIG_IR_SUNXI is redefined by fragment ./arch/arm64/configs/sm8250.config:
Previous value: CONFIG_IR_SUNXI=m
New value: CONFIG_IR_SUNXI=n

Value of CONFIG_MEDIA_ANALOG_TV_SUPPORT is redefined by fragment ./arch/arm64/configs/sm8250.config:
Previous value: CONFIG_MEDIA_ANALOG_TV_SUPPORT=y
New value: CONFIG_MEDIA_ANALOG_TV_SUPPORT=n

Value of CONFIG_MEDIA_DIGITAL_TV_SUPPORT is redefined by fragment ./arch/arm64/configs/sm8250.config:
Previous value: CONFIG_MEDIA_DIGITAL_TV_SUPPORT=y
New value: CONFIG_MEDIA_DIGITAL_TV_SUPPORT=n

Value of CONFIG_MEDIA_SDR_SUPPORT is redefined by fragment ./arch/arm64/configs/sm8250.config:
Previous value: CONFIG_MEDIA_SDR_SUPPORT=y
New value: CONFIG_MEDIA_SDR_SUPPORT=n

Value of CONFIG_VIDEO_RCAR_CSI2 is redefined by fragment ./arch/arm64/configs/sm8250.config:
Previous value: CONFIG_VIDEO_RCAR_CSI2=m
New value: CONFIG_VIDEO_RCAR_CSI2=n

Value of CONFIG_VIDEO_RCAR_VIN is redefined by fragment ./arch/arm64/configs/sm8250.config:
Previous value: CONFIG_VIDEO_RCAR_VIN=m
New value: CONFIG_VIDEO_RCAR_VIN=n

Value of CONFIG_VIDEO_SUN6I_CSI is redefined by fragment ./arch/arm64/configs/sm8250.config:
Previous value: CONFIG_VIDEO_SUN6I_CSI=m
New value: CONFIG_VIDEO_SUN6I_CSI=n

Value of CONFIG_VIDEO_SAMSUNG_S5P_JPEG is redefined by fragment ./arch/arm64/configs/sm8250.config:
Previous value: CONFIG_VIDEO_SAMSUNG_S5P_JPEG=m
New value: CONFIG_VIDEO_SAMSUNG_S5P_JPEG=n

Value of CONFIG_VIDEO_SAMSUNG_S5P_MFC is redefined by fragment ./arch/arm64/configs/sm8250.config:
Previous value: CONFIG_VIDEO_SAMSUNG_S5P_MFC=m
New value: CONFIG_VIDEO_SAMSUNG_S5P_MFC=n

Value of CONFIG_VIDEO_SAMSUNG_EXYNOS_GSC is redefined by fragment ./arch/arm64/configs/sm8250.config:
Previous value: CONFIG_VIDEO_SAMSUNG_EXYNOS_GSC=m
New value: CONFIG_VIDEO_SAMSUNG_EXYNOS_GSC=n

Value of CONFIG_VIDEO_RENESAS_FDP1 is redefined by fragment ./arch/arm64/configs/sm8250.config:
Previous value: CONFIG_VIDEO_RENESAS_FDP1=m
New value: CONFIG_VIDEO_RENESAS_FDP1=n

Value of CONFIG_VIDEO_RENESAS_FCP is redefined by fragment ./arch/arm64/configs/sm8250.config:
Previous value: CONFIG_VIDEO_RENESAS_FCP=m
New value: CONFIG_VIDEO_RENESAS_FCP=n

Value of CONFIG_VIDEO_RENESAS_VSP1 is redefined by fragment ./arch/arm64/configs/sm8250.config:
Previous value: CONFIG_VIDEO_RENESAS_VSP1=m
New value: CONFIG_VIDEO_RENESAS_VSP1=n

Value of CONFIG_SDR_PLATFORM_DRIVERS is redefined by fragment ./arch/arm64/configs/sm8250.config:
Previous value: CONFIG_SDR_PLATFORM_DRIVERS=y
New value: CONFIG_SDR_PLATFORM_DRIVERS=n

Value of CONFIG_VIDEO_RCAR_DRIF is redefined by fragment ./arch/arm64/configs/sm8250.config:
Previous value: CONFIG_VIDEO_RCAR_DRIF=m
New value: CONFIG_VIDEO_RCAR_DRIF=n

Value of CONFIG_DRM_I2C_NXP_TDA998X is redefined by fragment ./arch/arm64/configs/sm8250.config:
Previous value: CONFIG_DRM_I2C_NXP_TDA998X=m
New value: CONFIG_DRM_I2C_NXP_TDA998X=n

Value of CONFIG_DRM_MALI_DISPLAY is redefined by fragment ./arch/arm64/configs/sm8250.config:
Previous value: CONFIG_DRM_MALI_DISPLAY=m
New value: CONFIG_DRM_MALI_DISPLAY=n

Value of CONFIG_DRM_NOUVEAU is redefined by fragment ./arch/arm64/configs/sm8250.config:
Previous value: CONFIG_DRM_NOUVEAU=m
New value: CONFIG_DRM_NOUVEAU=n

Value of CONFIG_DRM_EXYNOS is redefined by fragment ./arch/arm64/configs/sm8250.config:
Previous value: CONFIG_DRM_EXYNOS=m
New value: CONFIG_DRM_EXYNOS=n

Value of CONFIG_DRM_EXYNOS5433_DECON is redefined by fragment ./arch/arm64/configs/sm8250.config:
Previous value: CONFIG_DRM_EXYNOS5433_DECON=y
New value: CONFIG_DRM_EXYNOS5433_DECON=n

Value of CONFIG_DRM_EXYNOS7_DECON is redefined by fragment ./arch/arm64/configs/sm8250.config:
Previous value: CONFIG_DRM_EXYNOS7_DECON=y
New value: CONFIG_DRM_EXYNOS7_DECON=n

Value of CONFIG_DRM_EXYNOS_DSI is redefined by fragment ./arch/arm64/configs/sm8250.config:
Previous value: CONFIG_DRM_EXYNOS_DSI=y
New value: CONFIG_DRM_EXYNOS_DSI=n

Value of CONFIG_DRM_EXYNOS_HDMI is redefined by fragment ./arch/arm64/configs/sm8250.config:
Previous value: CONFIG_DRM_EXYNOS_HDMI=y
New value: CONFIG_DRM_EXYNOS_HDMI=n

Value of CONFIG_DRM_EXYNOS_MIC is redefined by fragment ./arch/arm64/configs/sm8250.config:
Previous value: CONFIG_DRM_EXYNOS_MIC=y
New value: CONFIG_DRM_EXYNOS_MIC=n

Value of CONFIG_DRM_ROCKCHIP is redefined by fragment ./arch/arm64/configs/sm8250.config:
Previous value: CONFIG_DRM_ROCKCHIP=m
New value: CONFIG_DRM_ROCKCHIP=n

Value of CONFIG_ROCKCHIP_ANALOGIX_DP is redefined by fragment ./arch/arm64/configs/sm8250.config:
Previous value: CONFIG_ROCKCHIP_ANALOGIX_DP=y
New value: CONFIG_ROCKCHIP_ANALOGIX_DP=n

Value of CONFIG_ROCKCHIP_CDN_DP is redefined by fragment ./arch/arm64/configs/sm8250.config:
Previous value: CONFIG_ROCKCHIP_CDN_DP=y
New value: CONFIG_ROCKCHIP_CDN_DP=n

Value of CONFIG_ROCKCHIP_DW_HDMI is redefined by fragment ./arch/arm64/configs/sm8250.config:
Previous value: CONFIG_ROCKCHIP_DW_HDMI=y
New value: CONFIG_ROCKCHIP_DW_HDMI=n

Value of CONFIG_ROCKCHIP_DW_MIPI_DSI is redefined by fragment ./arch/arm64/configs/sm8250.config:
Previous value: CONFIG_ROCKCHIP_DW_MIPI_DSI=y
New value: CONFIG_ROCKCHIP_DW_MIPI_DSI=n

Value of CONFIG_ROCKCHIP_INNO_HDMI is redefined by fragment ./arch/arm64/configs/sm8250.config:
Previous value: CONFIG_ROCKCHIP_INNO_HDMI=y
New value: CONFIG_ROCKCHIP_INNO_HDMI=n

Value of CONFIG_ROCKCHIP_LVDS is redefined by fragment ./arch/arm64/configs/sm8250.config:
Previous value: CONFIG_ROCKCHIP_LVDS=y
New value: CONFIG_ROCKCHIP_LVDS=n

Value of CONFIG_DRM_RCAR_DU is redefined by fragment ./arch/arm64/configs/sm8250.config:
Previous value: CONFIG_DRM_RCAR_DU=m
New value: CONFIG_DRM_RCAR_DU=n

Value of CONFIG_DRM_RCAR_DW_HDMI is redefined by fragment ./arch/arm64/configs/sm8250.config:
Previous value: CONFIG_DRM_RCAR_DW_HDMI=m
New value: CONFIG_DRM_RCAR_DW_HDMI=n

Value of CONFIG_DRM_SUN4I is redefined by fragment ./arch/arm64/configs/sm8250.config:
Previous value: CONFIG_DRM_SUN4I=m
New value: CONFIG_DRM_SUN4I=n

Value of CONFIG_DRM_SUN6I_DSI is redefined by fragment ./arch/arm64/configs/sm8250.config:
Previous value: CONFIG_DRM_SUN6I_DSI=m
New value: CONFIG_DRM_SUN6I_DSI=n

Value of CONFIG_DRM_SUN8I_DW_HDMI is redefined by fragment ./arch/arm64/configs/sm8250.config:
Previous value: CONFIG_DRM_SUN8I_DW_HDMI=m
New value: CONFIG_DRM_SUN8I_DW_HDMI=n

Value of CONFIG_DRM_SUN8I_MIXER is redefined by fragment ./arch/arm64/configs/sm8250.config:
Previous value: CONFIG_DRM_SUN8I_MIXER=m
New value: CONFIG_DRM_SUN8I_MIXER=n

Value of CONFIG_DRM_TEGRA is redefined by fragment ./arch/arm64/configs/sm8250.config:
Previous value: CONFIG_DRM_TEGRA=m
New value: CONFIG_DRM_TEGRA=n

Value of CONFIG_DRM_PARADE_PS8640 is redefined by fragment ./arch/arm64/configs/sm8250.config:
Previous value: CONFIG_DRM_PARADE_PS8640=m
New value: CONFIG_DRM_PARADE_PS8640=n

Value of CONFIG_DRM_SII902X is redefined by fragment ./arch/arm64/configs/sm8250.config:
Previous value: CONFIG_DRM_SII902X=m
New value: CONFIG_DRM_SII902X=n

Value of CONFIG_DRM_THINE_THC63LVD1024 is redefined by fragment ./arch/arm64/configs/sm8250.config:
Previous value: CONFIG_DRM_THINE_THC63LVD1024=m
New value: CONFIG_DRM_THINE_THC63LVD1024=n

Value of CONFIG_DRM_VC4 is redefined by fragment ./arch/arm64/configs/sm8250.config:
Previous value: CONFIG_DRM_VC4=m
New value: CONFIG_DRM_VC4=n

Value of CONFIG_DRM_ETNAVIV is redefined by fragment ./arch/arm64/configs/sm8250.config:
Previous value: CONFIG_DRM_ETNAVIV=m
New value: CONFIG_DRM_ETNAVIV=n

Value of CONFIG_DRM_HISI_HIBMC is redefined by fragment ./arch/arm64/configs/sm8250.config:
Previous value: CONFIG_DRM_HISI_HIBMC=m
New value: CONFIG_DRM_HISI_HIBMC=n

Value of CONFIG_DRM_HISI_KIRIN is redefined by fragment ./arch/arm64/configs/sm8250.config:
Previous value: CONFIG_DRM_HISI_KIRIN=m
New value: CONFIG_DRM_HISI_KIRIN=n

Value of CONFIG_DRM_MEDIATEK is redefined by fragment ./arch/arm64/configs/sm8250.config:
Previous value: CONFIG_DRM_MEDIATEK=m
New value: CONFIG_DRM_MEDIATEK=n

Value of CONFIG_DRM_MEDIATEK_HDMI is redefined by fragment ./arch/arm64/configs/sm8250.config:
Previous value: CONFIG_DRM_MEDIATEK_HDMI=m
New value: CONFIG_DRM_MEDIATEK_HDMI=n

Value of CONFIG_DRM_MESON is redefined by fragment ./arch/arm64/configs/sm8250.config:
Previous value: CONFIG_DRM_MESON=m
New value: CONFIG_DRM_MESON=n

Value of CONFIG_DRM_PL111 is redefined by fragment ./arch/arm64/configs/sm8250.config:
Previous value: CONFIG_DRM_PL111=m
New value: CONFIG_DRM_PL111=n

Value of CONFIG_DRM_LIMA is redefined by fragment ./arch/arm64/configs/sm8250.config:
Previous value: CONFIG_DRM_LIMA=m
New value: CONFIG_DRM_LIMA=n

Value of CONFIG_DRM_PANFROST is redefined by fragment ./arch/arm64/configs/sm8250.config:
Previous value: CONFIG_DRM_PANFROST=m
New value: CONFIG_DRM_PANFROST=n

Value of CONFIG_SND_HDA_TEGRA is redefined by fragment ./arch/arm64/configs/sm8250.config:
Previous value: CONFIG_SND_HDA_TEGRA=m
New value: CONFIG_SND_HDA_TEGRA=n

Value of CONFIG_SND_HDA_CODEC_HDMI is redefined by fragment ./arch/arm64/configs/sm8250.config:
Previous value: CONFIG_SND_HDA_CODEC_HDMI=m
New value: CONFIG_SND_HDA_CODEC_HDMI=n

Value of CONFIG_SND_BCM2835_SOC_I2S is redefined by fragment ./arch/arm64/configs/sm8250.config:
Previous value: CONFIG_SND_BCM2835_SOC_I2S=m
New value: CONFIG_SND_BCM2835_SOC_I2S=n

Value of CONFIG_SND_SOC_FSL_EASRC is redefined by fragment ./arch/arm64/configs/sm8250.config:
Previous value: CONFIG_SND_SOC_FSL_EASRC=m
New value: CONFIG_SND_SOC_FSL_EASRC=n

Value of CONFIG_SND_IMX_SOC is redefined by fragment ./arch/arm64/configs/sm8250.config:
Previous value: CONFIG_SND_IMX_SOC=m
New value: CONFIG_SND_IMX_SOC=n

Value of CONFIG_SND_SOC_IMX_SGTL5000 is redefined by fragment ./arch/arm64/configs/sm8250.config:
Previous value: CONFIG_SND_SOC_IMX_SGTL5000=m
New value: CONFIG_SND_SOC_IMX_SGTL5000=n

Value of CONFIG_SND_SOC_IMX_AUDMIX is redefined by fragment ./arch/arm64/configs/sm8250.config:
Previous value: CONFIG_SND_SOC_IMX_AUDMIX=m
New value: CONFIG_SND_SOC_IMX_AUDMIX=n

Value of CONFIG_SND_SOC_FSL_ASOC_CARD is redefined by fragment ./arch/arm64/configs/sm8250.config:
Previous value: CONFIG_SND_SOC_FSL_ASOC_CARD=m
New value: CONFIG_SND_SOC_FSL_ASOC_CARD=n

Value of CONFIG_SND_MESON_AXG_SOUND_CARD is redefined by fragment ./arch/arm64/configs/sm8250.config:
Previous value: CONFIG_SND_MESON_AXG_SOUND_CARD=m
New value: CONFIG_SND_MESON_AXG_SOUND_CARD=n

Value of CONFIG_SND_MESON_GX_SOUND_CARD is redefined by fragment ./arch/arm64/configs/sm8250.config:
Previous value: CONFIG_SND_MESON_GX_SOUND_CARD=m
New value: CONFIG_SND_MESON_GX_SOUND_CARD=n

Value of CONFIG_SND_SOC_ROCKCHIP is redefined by fragment ./arch/arm64/configs/sm8250.config:
Previous value: CONFIG_SND_SOC_ROCKCHIP=m
New value: CONFIG_SND_SOC_ROCKCHIP=n

Value of CONFIG_SND_SOC_ROCKCHIP_SPDIF is redefined by fragment ./arch/arm64/configs/sm8250.config:
Previous value: CONFIG_SND_SOC_ROCKCHIP_SPDIF=m
New value: CONFIG_SND_SOC_ROCKCHIP_SPDIF=n

Value of CONFIG_SND_SOC_ROCKCHIP_RT5645 is redefined by fragment ./arch/arm64/configs/sm8250.config:
Previous value: CONFIG_SND_SOC_ROCKCHIP_RT5645=m
New value: CONFIG_SND_SOC_ROCKCHIP_RT5645=n

Value of CONFIG_SND_SOC_RK3399_GRU_SOUND is redefined by fragment ./arch/arm64/configs/sm8250.config:
Previous value: CONFIG_SND_SOC_RK3399_GRU_SOUND=m
New value: CONFIG_SND_SOC_RK3399_GRU_SOUND=n

Value of CONFIG_SND_SOC_SAMSUNG is redefined by fragment ./arch/arm64/configs/sm8250.config:
Previous value: CONFIG_SND_SOC_SAMSUNG=y
New value: CONFIG_SND_SOC_SAMSUNG=n

Value of CONFIG_SND_SOC_RCAR is redefined by fragment ./arch/arm64/configs/sm8250.config:
Previous value: CONFIG_SND_SOC_RCAR=m
New value: CONFIG_SND_SOC_RCAR=n

Value of CONFIG_SND_SUN4I_I2S is redefined by fragment ./arch/arm64/configs/sm8250.config:
Previous value: CONFIG_SND_SUN4I_I2S=m
New value: CONFIG_SND_SUN4I_I2S=n

Value of CONFIG_SND_SUN4I_SPDIF is redefined by fragment ./arch/arm64/configs/sm8250.config:
Previous value: CONFIG_SND_SUN4I_SPDIF=m
New value: CONFIG_SND_SUN4I_SPDIF=n

Value of CONFIG_SND_SOC_TEGRA is redefined by fragment ./arch/arm64/configs/sm8250.config:
Previous value: CONFIG_SND_SOC_TEGRA=m
New value: CONFIG_SND_SOC_TEGRA=n

Value of CONFIG_SND_SOC_TEGRA210_AHUB is redefined by fragment ./arch/arm64/configs/sm8250.config:
Previous value: CONFIG_SND_SOC_TEGRA210_AHUB=m
New value: CONFIG_SND_SOC_TEGRA210_AHUB=n

Value of CONFIG_SND_SOC_TEGRA210_DMIC is redefined by fragment ./arch/arm64/configs/sm8250.config:
Previous value: CONFIG_SND_SOC_TEGRA210_DMIC=m
New value: CONFIG_SND_SOC_TEGRA210_DMIC=n

Value of CONFIG_SND_SOC_TEGRA210_I2S is redefined by fragment ./arch/arm64/configs/sm8250.config:
Previous value: CONFIG_SND_SOC_TEGRA210_I2S=m
New value: CONFIG_SND_SOC_TEGRA210_I2S=n

Value of CONFIG_SND_SOC_TEGRA186_DSPK is redefined by fragment ./arch/arm64/configs/sm8250.config:
Previous value: CONFIG_SND_SOC_TEGRA186_DSPK=m
New value: CONFIG_SND_SOC_TEGRA186_DSPK=n

Value of CONFIG_SND_SOC_TEGRA210_ADMAIF is redefined by fragment ./arch/arm64/configs/sm8250.config:
Previous value: CONFIG_SND_SOC_TEGRA210_ADMAIF=m
New value: CONFIG_SND_SOC_TEGRA210_ADMAIF=n

Value of CONFIG_SND_SOC_TEGRA_AUDIO_GRAPH_CARD is redefined by fragment ./arch/arm64/configs/sm8250.config:
Previous value: CONFIG_SND_SOC_TEGRA_AUDIO_GRAPH_CARD=m
New value: CONFIG_SND_SOC_TEGRA_AUDIO_GRAPH_CARD=n

Value of CONFIG_SND_SOC_GTM601 is redefined by fragment ./arch/arm64/configs/sm8250.config:
Previous value: CONFIG_SND_SOC_GTM601=m
New value: CONFIG_SND_SOC_GTM601=n

Value of CONFIG_SND_SOC_RT5659 is redefined by fragment ./arch/arm64/configs/sm8250.config:
Previous value: CONFIG_SND_SOC_RT5659=m
New value: CONFIG_SND_SOC_RT5659=n

Value of CONFIG_SND_SOC_WM8960 is redefined by fragment ./arch/arm64/configs/sm8250.config:
Previous value: CONFIG_SND_SOC_WM8960=m
New value: CONFIG_SND_SOC_WM8960=n

Value of CONFIG_SND_SOC_WM8962 is redefined by fragment ./arch/arm64/configs/sm8250.config:
Previous value: CONFIG_SND_SOC_WM8962=m
New value: CONFIG_SND_SOC_WM8962=n

Value of CONFIG_USB_XHCI_PCI_RENESAS is redefined by fragment ./arch/arm64/configs/sm8250.config:
Previous value: CONFIG_USB_XHCI_PCI_RENESAS=m
New value: CONFIG_USB_XHCI_PCI_RENESAS=n

Value of CONFIG_USB_XHCI_TEGRA is redefined by fragment ./arch/arm64/configs/sm8250.config:
Previous value: CONFIG_USB_XHCI_TEGRA=y
New value: CONFIG_USB_XHCI_TEGRA=n

Value of CONFIG_USB_EHCI_EXYNOS is redefined by fragment ./arch/arm64/configs/sm8250.config:
Previous value: CONFIG_USB_EHCI_EXYNOS=y
New value: CONFIG_USB_EHCI_EXYNOS=n

Value of CONFIG_USB_OHCI_EXYNOS is redefined by fragment ./arch/arm64/configs/sm8250.config:
Previous value: CONFIG_USB_OHCI_EXYNOS=y
New value: CONFIG_USB_OHCI_EXYNOS=n

Value of CONFIG_USB_RENESAS_USBHS_HCD is redefined by fragment ./arch/arm64/configs/sm8250.config:
Previous value: CONFIG_USB_RENESAS_USBHS_HCD=m
New value: CONFIG_USB_RENESAS_USBHS_HCD=n

Value of CONFIG_USB_RENESAS_USBHS is redefined by fragment ./arch/arm64/configs/sm8250.config:
Previous value: CONFIG_USB_RENESAS_USBHS=m
New value: CONFIG_USB_RENESAS_USBHS=n

Value of CONFIG_USB_CHIPIDEA_UDC is redefined by fragment ./arch/arm64/configs/sm8250.config:
Previous value: CONFIG_USB_CHIPIDEA_UDC=y
New value: CONFIG_USB_CHIPIDEA_UDC=n

Value of CONFIG_USB_CHIPIDEA_HOST is redefined by fragment ./arch/arm64/configs/sm8250.config:
Previous value: CONFIG_USB_CHIPIDEA_HOST=y
New value: CONFIG_USB_CHIPIDEA_HOST=n

Value of CONFIG_USB_RENESAS_USBHS_UDC is redefined by fragment ./arch/arm64/configs/sm8250.config:
Previous value: CONFIG_USB_RENESAS_USBHS_UDC=m
New value: CONFIG_USB_RENESAS_USBHS_UDC=n

Value of CONFIG_USB_RENESAS_USB3 is redefined by fragment ./arch/arm64/configs/sm8250.config:
Previous value: CONFIG_USB_RENESAS_USB3=m
New value: CONFIG_USB_RENESAS_USB3=n

Value of CONFIG_USB_TEGRA_XUDC is redefined by fragment ./arch/arm64/configs/sm8250.config:
Previous value: CONFIG_USB_TEGRA_XUDC=m
New value: CONFIG_USB_TEGRA_XUDC=n

Value of CONFIG_MMC_SDHCI_OF_ARASAN is redefined by fragment ./arch/arm64/configs/sm8250.config:
Previous value: CONFIG_MMC_SDHCI_OF_ARASAN=y
New value: CONFIG_MMC_SDHCI_OF_ARASAN=n

Value of CONFIG_MMC_SDHCI_OF_ESDHC is redefined by fragment ./arch/arm64/configs/sm8250.config:
Previous value: CONFIG_MMC_SDHCI_OF_ESDHC=y
New value: CONFIG_MMC_SDHCI_OF_ESDHC=n

Value of CONFIG_MMC_SDHCI_ESDHC_IMX is redefined by fragment ./arch/arm64/configs/sm8250.config:
Previous value: CONFIG_MMC_SDHCI_ESDHC_IMX=y
New value: CONFIG_MMC_SDHCI_ESDHC_IMX=n

Value of CONFIG_MMC_SDHCI_TEGRA is redefined by fragment ./arch/arm64/configs/sm8250.config:
Previous value: CONFIG_MMC_SDHCI_TEGRA=y
New value: CONFIG_MMC_SDHCI_TEGRA=n

Value of CONFIG_MMC_MESON_GX is redefined by fragment ./arch/arm64/configs/sm8250.config:
Previous value: CONFIG_MMC_MESON_GX=y
New value: CONFIG_MMC_MESON_GX=n

Value of CONFIG_MMC_DW_EXYNOS is redefined by fragment ./arch/arm64/configs/sm8250.config:
Previous value: CONFIG_MMC_DW_EXYNOS=y
New value: CONFIG_MMC_DW_EXYNOS=n

Value of CONFIG_MMC_DW_HI3798CV200 is redefined by fragment ./arch/arm64/configs/sm8250.config:
Previous value: CONFIG_MMC_DW_HI3798CV200=y
New value: CONFIG_MMC_DW_HI3798CV200=n

Value of CONFIG_MMC_DW_K3 is redefined by fragment ./arch/arm64/configs/sm8250.config:
Previous value: CONFIG_MMC_DW_K3=y
New value: CONFIG_MMC_DW_K3=n

Value of CONFIG_MMC_DW_ROCKCHIP is redefined by fragment ./arch/arm64/configs/sm8250.config:
Previous value: CONFIG_MMC_DW_ROCKCHIP=y
New value: CONFIG_MMC_DW_ROCKCHIP=n

Value of CONFIG_MMC_SUNXI is redefined by fragment ./arch/arm64/configs/sm8250.config:
Previous value: CONFIG_MMC_SUNXI=y
New value: CONFIG_MMC_SUNXI=n

Value of CONFIG_MMC_BCM2835 is redefined by fragment ./arch/arm64/configs/sm8250.config:
Previous value: CONFIG_MMC_BCM2835=y
New value: CONFIG_MMC_BCM2835=n

Value of CONFIG_MMC_MTK is redefined by fragment ./arch/arm64/configs/sm8250.config:
Previous value: CONFIG_MMC_MTK=y
New value: CONFIG_MMC_MTK=n

Value of CONFIG_MMC_SDHCI_XENON is redefined by fragment ./arch/arm64/configs/sm8250.config:
Previous value: CONFIG_MMC_SDHCI_XENON=y
New value: CONFIG_MMC_SDHCI_XENON=n

Value of CONFIG_MMC_SDHCI_AM654 is redefined by fragment ./arch/arm64/configs/sm8250.config:
Previous value: CONFIG_MMC_SDHCI_AM654=y
New value: CONFIG_MMC_SDHCI_AM654=n

Value of CONFIG_MMC_OWL is redefined by fragment ./arch/arm64/configs/sm8250.config:
Previous value: CONFIG_MMC_OWL=y
New value: CONFIG_MMC_OWL=n

Value of CONFIG_RTC_DRV_MAX77686 is redefined by fragment ./arch/arm64/configs/sm8250.config:
Previous value: CONFIG_RTC_DRV_MAX77686=y
New value: CONFIG_RTC_DRV_MAX77686=n

Value of CONFIG_RTC_DRV_RK808 is redefined by fragment ./arch/arm64/configs/sm8250.config:
Previous value: CONFIG_RTC_DRV_RK808=m
New value: CONFIG_RTC_DRV_RK808=n

Value of CONFIG_RTC_DRV_M41T80 is redefined by fragment ./arch/arm64/configs/sm8250.config:
Previous value: CONFIG_RTC_DRV_M41T80=m
New value: CONFIG_RTC_DRV_M41T80=n

Value of CONFIG_RTC_DRV_RV3028 is redefined by fragment ./arch/arm64/configs/sm8250.config:
Previous value: CONFIG_RTC_DRV_RV3028=m
New value: CONFIG_RTC_DRV_RV3028=n

Value of CONFIG_RTC_DRV_S5M is redefined by fragment ./arch/arm64/configs/sm8250.config:
Previous value: CONFIG_RTC_DRV_S5M=y
New value: CONFIG_RTC_DRV_S5M=n

Value of CONFIG_RTC_DRV_FSL_FTM_ALARM is redefined by fragment ./arch/arm64/configs/sm8250.config:
Previous value: CONFIG_RTC_DRV_FSL_FTM_ALARM=m
New value: CONFIG_RTC_DRV_FSL_FTM_ALARM=n

Value of CONFIG_RTC_DRV_S3C is redefined by fragment ./arch/arm64/configs/sm8250.config:
Previous value: CONFIG_RTC_DRV_S3C=y
New value: CONFIG_RTC_DRV_S3C=n

Value of CONFIG_RTC_DRV_PL031 is redefined by fragment ./arch/arm64/configs/sm8250.config:
Previous value: CONFIG_RTC_DRV_PL031=y
New value: CONFIG_RTC_DRV_PL031=n

Value of CONFIG_RTC_DRV_SUN6I is redefined by fragment ./arch/arm64/configs/sm8250.config:
Previous value: CONFIG_RTC_DRV_SUN6I=y
New value: CONFIG_RTC_DRV_SUN6I=n

Value of CONFIG_RTC_DRV_ARMADA38X is redefined by fragment ./arch/arm64/configs/sm8250.config:
Previous value: CONFIG_RTC_DRV_ARMADA38X=y
New value: CONFIG_RTC_DRV_ARMADA38X=n

Value of CONFIG_RTC_DRV_TEGRA is redefined by fragment ./arch/arm64/configs/sm8250.config:
Previous value: CONFIG_RTC_DRV_TEGRA=y
New value: CONFIG_RTC_DRV_TEGRA=n

Value of CONFIG_RTC_DRV_SNVS is redefined by fragment ./arch/arm64/configs/sm8250.config:
Previous value: CONFIG_RTC_DRV_SNVS=m
New value: CONFIG_RTC_DRV_SNVS=n

Value of CONFIG_RTC_DRV_IMX_SC is redefined by fragment ./arch/arm64/configs/sm8250.config:
Previous value: CONFIG_RTC_DRV_IMX_SC=m
New value: CONFIG_RTC_DRV_IMX_SC=n

Value of CONFIG_RTC_DRV_XGENE is redefined by fragment ./arch/arm64/configs/sm8250.config:
Previous value: CONFIG_RTC_DRV_XGENE=y
New value: CONFIG_RTC_DRV_XGENE=n

Value of CONFIG_DMA_BCM2835 is redefined by fragment ./arch/arm64/configs/sm8250.config:
Previous value: CONFIG_DMA_BCM2835=y
New value: CONFIG_DMA_BCM2835=n

Value of CONFIG_DMA_SUN6I is redefined by fragment ./arch/arm64/configs/sm8250.config:
Previous value: CONFIG_DMA_SUN6I=m
New value: CONFIG_DMA_SUN6I=n

Value of CONFIG_FSL_EDMA is redefined by fragment ./arch/arm64/configs/sm8250.config:
Previous value: CONFIG_FSL_EDMA=y
New value: CONFIG_FSL_EDMA=n

Value of CONFIG_IMX_SDMA is redefined by fragment ./arch/arm64/configs/sm8250.config:
Previous value: CONFIG_IMX_SDMA=m
New value: CONFIG_IMX_SDMA=n

Value of CONFIG_K3_DMA is redefined by fragment ./arch/arm64/configs/sm8250.config:
Previous value: CONFIG_K3_DMA=y
New value: CONFIG_K3_DMA=n

Value of CONFIG_MV_XOR is redefined by fragment ./arch/arm64/configs/sm8250.config:
Previous value: CONFIG_MV_XOR=y
New value: CONFIG_MV_XOR=n

Value of CONFIG_MV_XOR_V2 is redefined by fragment ./arch/arm64/configs/sm8250.config:
Previous value: CONFIG_MV_XOR_V2=y
New value: CONFIG_MV_XOR_V2=n

Value of CONFIG_OWL_DMA is redefined by fragment ./arch/arm64/configs/sm8250.config:
Previous value: CONFIG_OWL_DMA=y
New value: CONFIG_OWL_DMA=n

Value of CONFIG_TEGRA20_APB_DMA is redefined by fragment ./arch/arm64/configs/sm8250.config:
Previous value: CONFIG_TEGRA20_APB_DMA=y
New value: CONFIG_TEGRA20_APB_DMA=n

Value of CONFIG_TEGRA210_ADMA is redefined by fragment ./arch/arm64/configs/sm8250.config:
Previous value: CONFIG_TEGRA210_ADMA=m
New value: CONFIG_TEGRA210_ADMA=n

Value of CONFIG_RCAR_DMAC is redefined by fragment ./arch/arm64/configs/sm8250.config:
Previous value: CONFIG_RCAR_DMAC=y
New value: CONFIG_RCAR_DMAC=n

Value of CONFIG_RENESAS_USB_DMAC is redefined by fragment ./arch/arm64/configs/sm8250.config:
Previous value: CONFIG_RENESAS_USB_DMAC=m
New value: CONFIG_RENESAS_USB_DMAC=n

Value of CONFIG_TI_K3_UDMA is redefined by fragment ./arch/arm64/configs/sm8250.config:
Previous value: CONFIG_TI_K3_UDMA=y
New value: CONFIG_TI_K3_UDMA=n

Value of CONFIG_TI_K3_UDMA_GLUE_LAYER is redefined by fragment ./arch/arm64/configs/sm8250.config:
Previous value: CONFIG_TI_K3_UDMA_GLUE_LAYER=y
New value: CONFIG_TI_K3_UDMA_GLUE_LAYER=n

Value of CONFIG_COMMON_CLK_RK808 is redefined by fragment ./arch/arm64/configs/sm8250.config:
Previous value: CONFIG_COMMON_CLK_RK808=y
New value: CONFIG_COMMON_CLK_RK808=n

Value of CONFIG_COMMON_CLK_FSL_SAI is redefined by fragment ./arch/arm64/configs/sm8250.config:
Previous value: CONFIG_COMMON_CLK_FSL_SAI=y
New value: CONFIG_COMMON_CLK_FSL_SAI=n

Value of CONFIG_COMMON_CLK_S2MPS11 is redefined by fragment ./arch/arm64/configs/sm8250.config:
Previous value: CONFIG_COMMON_CLK_S2MPS11=y
New value: CONFIG_COMMON_CLK_S2MPS11=n

Value of CONFIG_COMMON_CLK_ZYNQMP is redefined by fragment ./arch/arm64/configs/sm8250.config:
Previous value: CONFIG_COMMON_CLK_ZYNQMP=y
New value: CONFIG_COMMON_CLK_ZYNQMP=n

Value of CONFIG_COMMON_CLK_BD718XX is redefined by fragment ./arch/arm64/configs/sm8250.config:
Previous value: CONFIG_COMMON_CLK_BD718XX=m
New value: CONFIG_COMMON_CLK_BD718XX=n

Value of CONFIG_CLK_RASPBERRYPI is redefined by fragment ./arch/arm64/configs/sm8250.config:
Previous value: CONFIG_CLK_RASPBERRYPI=m
New value: CONFIG_CLK_RASPBERRYPI=n

Value of CONFIG_CLK_IMX8MM is redefined by fragment ./arch/arm64/configs/sm8250.config:
Previous value: CONFIG_CLK_IMX8MM=y
New value: CONFIG_CLK_IMX8MM=n

Value of CONFIG_CLK_IMX8MN is redefined by fragment ./arch/arm64/configs/sm8250.config:
Previous value: CONFIG_CLK_IMX8MN=y
New value: CONFIG_CLK_IMX8MN=n

Value of CONFIG_CLK_IMX8MP is redefined by fragment ./arch/arm64/configs/sm8250.config:
Previous value: CONFIG_CLK_IMX8MP=y
New value: CONFIG_CLK_IMX8MP=n

Value of CONFIG_CLK_IMX8MQ is redefined by fragment ./arch/arm64/configs/sm8250.config:
Previous value: CONFIG_CLK_IMX8MQ=y
New value: CONFIG_CLK_IMX8MQ=n

Value of CONFIG_CLK_IMX8QXP is redefined by fragment ./arch/arm64/configs/sm8250.config:
Previous value: CONFIG_CLK_IMX8QXP=y
New value: CONFIG_CLK_IMX8QXP=n

Value of CONFIG_TI_SCI_CLK is redefined by fragment ./arch/arm64/configs/sm8250.config:
Previous value: CONFIG_TI_SCI_CLK=y
New value: CONFIG_TI_SCI_CLK=n

Value of CONFIG_IMX_MBOX is redefined by fragment ./arch/arm64/configs/sm8250.config:
Previous value: CONFIG_IMX_MBOX=y
New value: CONFIG_IMX_MBOX=n

Value of CONFIG_BCM2835_MBOX is redefined by fragment ./arch/arm64/configs/sm8250.config:
Previous value: CONFIG_BCM2835_MBOX=y
New value: CONFIG_BCM2835_MBOX=n

Value of CONFIG_ROCKCHIP_IOMMU is redefined by fragment ./arch/arm64/configs/sm8250.config:
Previous value: CONFIG_ROCKCHIP_IOMMU=y
New value: CONFIG_ROCKCHIP_IOMMU=n

Value of CONFIG_TEGRA_IOMMU_SMMU is redefined by fragment ./arch/arm64/configs/sm8250.config:
Previous value: CONFIG_TEGRA_IOMMU_SMMU=y
New value: CONFIG_TEGRA_IOMMU_SMMU=n

Value of CONFIG_MTK_IOMMU is redefined by fragment ./arch/arm64/configs/sm8250.config:
Previous value: CONFIG_MTK_IOMMU=y
New value: CONFIG_MTK_IOMMU=n

Value of CONFIG_OWL_PM_DOMAINS is redefined by fragment ./arch/arm64/configs/sm8250.config:
Previous value: CONFIG_OWL_PM_DOMAINS=y
New value: CONFIG_OWL_PM_DOMAINS=n

Value of CONFIG_RASPBERRYPI_POWER is redefined by fragment ./arch/arm64/configs/sm8250.config:
Previous value: CONFIG_RASPBERRYPI_POWER=y
New value: CONFIG_RASPBERRYPI_POWER=n

Value of CONFIG_FSL_DPAA is redefined by fragment ./arch/arm64/configs/sm8250.config:
Previous value: CONFIG_FSL_DPAA=y
New value: CONFIG_FSL_DPAA=n

Value of CONFIG_FSL_MC_DPIO is redefined by fragment ./arch/arm64/configs/sm8250.config:
Previous value: CONFIG_FSL_MC_DPIO=y
New value: CONFIG_FSL_MC_DPIO=n

Value of CONFIG_FSL_RCPM is redefined by fragment ./arch/arm64/configs/sm8250.config:
Previous value: CONFIG_FSL_RCPM=y
New value: CONFIG_FSL_RCPM=n

Value of CONFIG_MTK_PMIC_WRAP is redefined by fragment ./arch/arm64/configs/sm8250.config:
Previous value: CONFIG_MTK_PMIC_WRAP=y
New value: CONFIG_MTK_PMIC_WRAP=n

Value of CONFIG_ARCH_R8A774A1 is redefined by fragment ./arch/arm64/configs/sm8250.config:
Previous value: CONFIG_ARCH_R8A774A1=y
New value: CONFIG_ARCH_R8A774A1=n

Value of CONFIG_ARCH_R8A774B1 is redefined by fragment ./arch/arm64/configs/sm8250.config:
Previous value: CONFIG_ARCH_R8A774B1=y
New value: CONFIG_ARCH_R8A774B1=n

Value of CONFIG_ARCH_R8A774C0 is redefined by fragment ./arch/arm64/configs/sm8250.config:
Previous value: CONFIG_ARCH_R8A774C0=y
New value: CONFIG_ARCH_R8A774C0=n

Value of CONFIG_ARCH_R8A774E1 is redefined by fragment ./arch/arm64/configs/sm8250.config:
Previous value: CONFIG_ARCH_R8A774E1=y
New value: CONFIG_ARCH_R8A774E1=n

Value of CONFIG_ARCH_R8A77951 is redefined by fragment ./arch/arm64/configs/sm8250.config:
Previous value: CONFIG_ARCH_R8A77951=y
New value: CONFIG_ARCH_R8A77951=n

Value of CONFIG_ARCH_R8A77960 is redefined by fragment ./arch/arm64/configs/sm8250.config:
Previous value: CONFIG_ARCH_R8A77960=y
New value: CONFIG_ARCH_R8A77960=n

Value of CONFIG_ARCH_R8A77961 is redefined by fragment ./arch/arm64/configs/sm8250.config:
Previous value: CONFIG_ARCH_R8A77961=y
New value: CONFIG_ARCH_R8A77961=n

Value of CONFIG_ARCH_R8A77965 is redefined by fragment ./arch/arm64/configs/sm8250.config:
Previous value: CONFIG_ARCH_R8A77965=y
New value: CONFIG_ARCH_R8A77965=n

Value of CONFIG_ARCH_R8A77970 is redefined by fragment ./arch/arm64/configs/sm8250.config:
Previous value: CONFIG_ARCH_R8A77970=y
New value: CONFIG_ARCH_R8A77970=n

Value of CONFIG_ARCH_R8A77980 is redefined by fragment ./arch/arm64/configs/sm8250.config:
Previous value: CONFIG_ARCH_R8A77980=y
New value: CONFIG_ARCH_R8A77980=n

Value of CONFIG_ARCH_R8A77990 is redefined by fragment ./arch/arm64/configs/sm8250.config:
Previous value: CONFIG_ARCH_R8A77990=y
New value: CONFIG_ARCH_R8A77990=n

Value of CONFIG_ARCH_R8A77995 is redefined by fragment ./arch/arm64/configs/sm8250.config:
Previous value: CONFIG_ARCH_R8A77995=y
New value: CONFIG_ARCH_R8A77995=n

Value of CONFIG_ARCH_R8A779A0 is redefined by fragment ./arch/arm64/configs/sm8250.config:
Previous value: CONFIG_ARCH_R8A779A0=y
New value: CONFIG_ARCH_R8A779A0=n

Value of CONFIG_ARCH_R9A07G044 is redefined by fragment ./arch/arm64/configs/sm8250.config:
Previous value: CONFIG_ARCH_R9A07G044=y
New value: CONFIG_ARCH_R9A07G044=n

Value of CONFIG_ROCKCHIP_PM_DOMAINS is redefined by fragment ./arch/arm64/configs/sm8250.config:
Previous value: CONFIG_ROCKCHIP_PM_DOMAINS=y
New value: CONFIG_ROCKCHIP_PM_DOMAINS=n

Value of CONFIG_ARCH_TEGRA_132_SOC is redefined by fragment ./arch/arm64/configs/sm8250.config:
Previous value: CONFIG_ARCH_TEGRA_132_SOC=y
New value: CONFIG_ARCH_TEGRA_132_SOC=n

Value of CONFIG_ARCH_TEGRA_210_SOC is redefined by fragment ./arch/arm64/configs/sm8250.config:
Previous value: CONFIG_ARCH_TEGRA_210_SOC=y
New value: CONFIG_ARCH_TEGRA_210_SOC=n

Value of CONFIG_ARCH_TEGRA_186_SOC is redefined by fragment ./arch/arm64/configs/sm8250.config:
Previous value: CONFIG_ARCH_TEGRA_186_SOC=y
New value: CONFIG_ARCH_TEGRA_186_SOC=n

Value of CONFIG_ARCH_TEGRA_194_SOC is redefined by fragment ./arch/arm64/configs/sm8250.config:
Previous value: CONFIG_ARCH_TEGRA_194_SOC=y
New value: CONFIG_ARCH_TEGRA_194_SOC=n

Value of CONFIG_ARCH_TEGRA_234_SOC is redefined by fragment ./arch/arm64/configs/sm8250.config:
Previous value: CONFIG_ARCH_TEGRA_234_SOC=y
New value: CONFIG_ARCH_TEGRA_234_SOC=n

Value of CONFIG_TI_SCI_PM_DOMAINS is redefined by fragment ./arch/arm64/configs/sm8250.config:
Previous value: CONFIG_TI_SCI_PM_DOMAINS=y
New value: CONFIG_TI_SCI_PM_DOMAINS=n

Value of CONFIG_ARM_IMX_BUS_DEVFREQ is redefined by fragment ./arch/arm64/configs/sm8250.config:
Previous value: CONFIG_ARM_IMX_BUS_DEVFREQ=y
New value: CONFIG_ARM_IMX_BUS_DEVFREQ=n

Value of CONFIG_ARM_IMX8M_DDRC_DEVFREQ is redefined by fragment ./arch/arm64/configs/sm8250.config:
Previous value: CONFIG_ARM_IMX8M_DDRC_DEVFREQ=m
New value: CONFIG_ARM_IMX8M_DDRC_DEVFREQ=n

Value of CONFIG_RENESAS_RPCIF is redefined by fragment ./arch/arm64/configs/sm8250.config:
Previous value: CONFIG_RENESAS_RPCIF=m
New value: CONFIG_RENESAS_RPCIF=n

Value of CONFIG_EXYNOS_ADC is redefined by fragment ./arch/arm64/configs/sm8250.config:
Previous value: CONFIG_EXYNOS_ADC=y
New value: CONFIG_EXYNOS_ADC=n

Value of CONFIG_MAX9611 is redefined by fragment ./arch/arm64/configs/sm8250.config:
Previous value: CONFIG_MAX9611=m
New value: CONFIG_MAX9611=n

Value of CONFIG_ROCKCHIP_SARADC is redefined by fragment ./arch/arm64/configs/sm8250.config:
Previous value: CONFIG_ROCKCHIP_SARADC=m
New value: CONFIG_ROCKCHIP_SARADC=n

Value of CONFIG_PWM_BCM2835 is redefined by fragment ./arch/arm64/configs/sm8250.config:
Previous value: CONFIG_PWM_BCM2835=m
New value: CONFIG_PWM_BCM2835=n

Value of CONFIG_PWM_IMX27 is redefined by fragment ./arch/arm64/configs/sm8250.config:
Previous value: CONFIG_PWM_IMX27=m
New value: CONFIG_PWM_IMX27=n

Value of CONFIG_PWM_MESON is redefined by fragment ./arch/arm64/configs/sm8250.config:
Previous value: CONFIG_PWM_MESON=m
New value: CONFIG_PWM_MESON=n

Value of CONFIG_PWM_MTK_DISP is redefined by fragment ./arch/arm64/configs/sm8250.config:
Previous value: CONFIG_PWM_MTK_DISP=m
New value: CONFIG_PWM_MTK_DISP=n

Value of CONFIG_PWM_MEDIATEK is redefined by fragment ./arch/arm64/configs/sm8250.config:
Previous value: CONFIG_PWM_MEDIATEK=m
New value: CONFIG_PWM_MEDIATEK=n

Value of CONFIG_PWM_RCAR is redefined by fragment ./arch/arm64/configs/sm8250.config:
Previous value: CONFIG_PWM_RCAR=m
New value: CONFIG_PWM_RCAR=n

Value of CONFIG_PWM_ROCKCHIP is redefined by fragment ./arch/arm64/configs/sm8250.config:
Previous value: CONFIG_PWM_ROCKCHIP=y
New value: CONFIG_PWM_ROCKCHIP=n

Value of CONFIG_PWM_SAMSUNG is redefined by fragment ./arch/arm64/configs/sm8250.config:
Previous value: CONFIG_PWM_SAMSUNG=y
New value: CONFIG_PWM_SAMSUNG=n

Value of CONFIG_PWM_SL28CPLD is redefined by fragment ./arch/arm64/configs/sm8250.config:
Previous value: CONFIG_PWM_SL28CPLD=m
New value: CONFIG_PWM_SL28CPLD=n

Value of CONFIG_PWM_SUN4I is redefined by fragment ./arch/arm64/configs/sm8250.config:
Previous value: CONFIG_PWM_SUN4I=m
New value: CONFIG_PWM_SUN4I=n

Value of CONFIG_PWM_TEGRA is redefined by fragment ./arch/arm64/configs/sm8250.config:
Previous value: CONFIG_PWM_TEGRA=m
New value: CONFIG_PWM_TEGRA=n

Value of CONFIG_PWM_VISCONTI is redefined by fragment ./arch/arm64/configs/sm8250.config:
Previous value: CONFIG_PWM_VISCONTI=m
New value: CONFIG_PWM_VISCONTI=n

Value of CONFIG_SL28CPLD_INTC is redefined by fragment ./arch/arm64/configs/sm8250.config:
Previous value: CONFIG_SL28CPLD_INTC=y
New value: CONFIG_SL28CPLD_INTC=n

Value of CONFIG_RESET_IMX7 is redefined by fragment ./arch/arm64/configs/sm8250.config:
Previous value: CONFIG_RESET_IMX7=y
New value: CONFIG_RESET_IMX7=n

Value of CONFIG_RESET_TI_SCI is redefined by fragment ./arch/arm64/configs/sm8250.config:
Previous value: CONFIG_RESET_TI_SCI=y
New value: CONFIG_RESET_TI_SCI=n

Value of CONFIG_PHY_XGENE is redefined by fragment ./arch/arm64/configs/sm8250.config:
Previous value: CONFIG_PHY_XGENE=y
New value: CONFIG_PHY_XGENE=n

Value of CONFIG_PHY_SUN4I_USB is redefined by fragment ./arch/arm64/configs/sm8250.config:
Previous value: CONFIG_PHY_SUN4I_USB=y
New value: CONFIG_PHY_SUN4I_USB=n

Value of CONFIG_PHY_HI6220_USB is redefined by fragment ./arch/arm64/configs/sm8250.config:
Previous value: CONFIG_PHY_HI6220_USB=y
New value: CONFIG_PHY_HI6220_USB=n

Value of CONFIG_PHY_HISTB_COMBPHY is redefined by fragment ./arch/arm64/configs/sm8250.config:
Previous value: CONFIG_PHY_HISTB_COMBPHY=y
New value: CONFIG_PHY_HISTB_COMBPHY=n

Value of CONFIG_PHY_HISI_INNO_USB2 is redefined by fragment ./arch/arm64/configs/sm8250.config:
Previous value: CONFIG_PHY_HISI_INNO_USB2=y
New value: CONFIG_PHY_HISI_INNO_USB2=n

Value of CONFIG_PHY_MVEBU_CP110_COMPHY is redefined by fragment ./arch/arm64/configs/sm8250.config:
Previous value: CONFIG_PHY_MVEBU_CP110_COMPHY=y
New value: CONFIG_PHY_MVEBU_CP110_COMPHY=n

Value of CONFIG_PHY_MTK_TPHY is redefined by fragment ./arch/arm64/configs/sm8250.config:
Previous value: CONFIG_PHY_MTK_TPHY=y
New value: CONFIG_PHY_MTK_TPHY=n

Value of CONFIG_PHY_RCAR_GEN3_PCIE is redefined by fragment ./arch/arm64/configs/sm8250.config:
Previous value: CONFIG_PHY_RCAR_GEN3_PCIE=y
New value: CONFIG_PHY_RCAR_GEN3_PCIE=n

Value of CONFIG_PHY_RCAR_GEN3_USB2 is redefined by fragment ./arch/arm64/configs/sm8250.config:
Previous value: CONFIG_PHY_RCAR_GEN3_USB2=y
New value: CONFIG_PHY_RCAR_GEN3_USB2=n

Value of CONFIG_PHY_RCAR_GEN3_USB3 is redefined by fragment ./arch/arm64/configs/sm8250.config:
Previous value: CONFIG_PHY_RCAR_GEN3_USB3=m
New value: CONFIG_PHY_RCAR_GEN3_USB3=n

Value of CONFIG_PHY_ROCKCHIP_EMMC is redefined by fragment ./arch/arm64/configs/sm8250.config:
Previous value: CONFIG_PHY_ROCKCHIP_EMMC=y
New value: CONFIG_PHY_ROCKCHIP_EMMC=n

Value of CONFIG_PHY_ROCKCHIP_INNO_HDMI is redefined by fragment ./arch/arm64/configs/sm8250.config:
Previous value: CONFIG_PHY_ROCKCHIP_INNO_HDMI=m
New value: CONFIG_PHY_ROCKCHIP_INNO_HDMI=n

Value of CONFIG_PHY_ROCKCHIP_INNO_USB2 is redefined by fragment ./arch/arm64/configs/sm8250.config:
Previous value: CONFIG_PHY_ROCKCHIP_INNO_USB2=y
New value: CONFIG_PHY_ROCKCHIP_INNO_USB2=n

Value of CONFIG_PHY_ROCKCHIP_INNO_DSIDPHY is redefined by fragment ./arch/arm64/configs/sm8250.config:
Previous value: CONFIG_PHY_ROCKCHIP_INNO_DSIDPHY=m
New value: CONFIG_PHY_ROCKCHIP_INNO_DSIDPHY=n

Value of CONFIG_PHY_ROCKCHIP_PCIE is redefined by fragment ./arch/arm64/configs/sm8250.config:
Previous value: CONFIG_PHY_ROCKCHIP_PCIE=m
New value: CONFIG_PHY_ROCKCHIP_PCIE=n

Value of CONFIG_PHY_ROCKCHIP_TYPEC is redefined by fragment ./arch/arm64/configs/sm8250.config:
Previous value: CONFIG_PHY_ROCKCHIP_TYPEC=y
New value: CONFIG_PHY_ROCKCHIP_TYPEC=n

Value of CONFIG_PHY_SAMSUNG_UFS is redefined by fragment ./arch/arm64/configs/sm8250.config:
Previous value: CONFIG_PHY_SAMSUNG_UFS=y
New value: CONFIG_PHY_SAMSUNG_UFS=n

Value of CONFIG_PHY_UNIPHIER_USB2 is redefined by fragment ./arch/arm64/configs/sm8250.config:
Previous value: CONFIG_PHY_UNIPHIER_USB2=y
New value: CONFIG_PHY_UNIPHIER_USB2=n

Value of CONFIG_PHY_UNIPHIER_USB3 is redefined by fragment ./arch/arm64/configs/sm8250.config:
Previous value: CONFIG_PHY_UNIPHIER_USB3=y
New value: CONFIG_PHY_UNIPHIER_USB3=n

Value of CONFIG_PHY_TEGRA_XUSB is redefined by fragment ./arch/arm64/configs/sm8250.config:
Previous value: CONFIG_PHY_TEGRA_XUSB=y
New value: CONFIG_PHY_TEGRA_XUSB=n

Value of CONFIG_FSL_IMX8_DDR_PMU is redefined by fragment ./arch/arm64/configs/sm8250.config:
Previous value: CONFIG_FSL_IMX8_DDR_PMU=m
New value: CONFIG_FSL_IMX8_DDR_PMU=n

Value of CONFIG_HISI_PMU is redefined by fragment ./arch/arm64/configs/sm8250.config:
Previous value: CONFIG_HISI_PMU=y
New value: CONFIG_HISI_PMU=n

Value of CONFIG_NVMEM_IMX_OCOTP is redefined by fragment ./arch/arm64/configs/sm8250.config:
Previous value: CONFIG_NVMEM_IMX_OCOTP=y
New value: CONFIG_NVMEM_IMX_OCOTP=n

Value of CONFIG_NVMEM_IMX_OCOTP_SCU is redefined by fragment ./arch/arm64/configs/sm8250.config:
Previous value: CONFIG_NVMEM_IMX_OCOTP_SCU=y
New value: CONFIG_NVMEM_IMX_OCOTP_SCU=n

Value of CONFIG_NVMEM_SUNXI_SID is redefined by fragment ./arch/arm64/configs/sm8250.config:
Previous value: CONFIG_NVMEM_SUNXI_SID=y
New value: CONFIG_NVMEM_SUNXI_SID=n

Value of CONFIG_NVMEM_RMEM is redefined by fragment ./arch/arm64/configs/sm8250.config:
Previous value: CONFIG_NVMEM_RMEM=m
New value: CONFIG_NVMEM_RMEM=n

Value of CONFIG_FPGA is redefined by fragment ./arch/arm64/configs/sm8250.config:
Previous value: CONFIG_FPGA=y
New value: CONFIG_FPGA=n

Value of CONFIG_FPGA_MGR_STRATIX10_SOC is redefined by fragment ./arch/arm64/configs/sm8250.config:
Previous value: CONFIG_FPGA_MGR_STRATIX10_SOC=m
New value: CONFIG_FPGA_MGR_STRATIX10_SOC=n

Value of CONFIG_FPGA_BRIDGE is redefined by fragment ./arch/arm64/configs/sm8250.config:
Previous value: CONFIG_FPGA_BRIDGE=m
New value: CONFIG_FPGA_BRIDGE=n

Value of CONFIG_ALTERA_FREEZE_BRIDGE is redefined by fragment ./arch/arm64/configs/sm8250.config:
Previous value: CONFIG_ALTERA_FREEZE_BRIDGE=m
New value: CONFIG_ALTERA_FREEZE_BRIDGE=n

Value of CONFIG_FPGA_REGION is redefined by fragment ./arch/arm64/configs/sm8250.config:
Previous value: CONFIG_FPGA_REGION=m
New value: CONFIG_FPGA_REGION=n

Value of CONFIG_OF_FPGA_REGION is redefined by fragment ./arch/arm64/configs/sm8250.config:
Previous value: CONFIG_OF_FPGA_REGION=m
New value: CONFIG_OF_FPGA_REGION=n

Value of CONFIG_INTERCONNECT_IMX is redefined by fragment ./arch/arm64/configs/sm8250.config:
Previous value: CONFIG_INTERCONNECT_IMX=y
New value: CONFIG_INTERCONNECT_IMX=n

Value of CONFIG_INTERCONNECT_IMX8MQ is redefined by fragment ./arch/arm64/configs/sm8250.config:
Previous value: CONFIG_INTERCONNECT_IMX8MQ=m
New value: CONFIG_INTERCONNECT_IMX8MQ=n

Value of CONFIG_INTERCONNECT_QCOM_MSM8996 is redefined by fragment ./arch/arm64/configs/sm8250.config:
Previous value: CONFIG_INTERCONNECT_QCOM_MSM8996=y
New value: CONFIG_INTERCONNECT_QCOM_MSM8996=n

Value of CONFIG_INTERCONNECT_QCOM_QCS404 is redefined by fragment ./arch/arm64/configs/sm8250.config:
Previous value: CONFIG_INTERCONNECT_QCOM_QCS404=m
New value: CONFIG_INTERCONNECT_QCOM_QCS404=n

Value of CONFIG_INTERCONNECT_QCOM_SC7180 is redefined by fragment ./arch/arm64/configs/sm8250.config:
Previous value: CONFIG_INTERCONNECT_QCOM_SC7180=y
New value: CONFIG_INTERCONNECT_QCOM_SC7180=n

Value of CONFIG_INTERCONNECT_QCOM_SM8150 is redefined by fragment ./arch/arm64/configs/sm8250.config:
Previous value: CONFIG_INTERCONNECT_QCOM_SM8150=y
New value: CONFIG_INTERCONNECT_QCOM_SM8150=n

Value of CONFIG_INTERCONNECT_QCOM_SM8350 is redefined by fragment ./arch/arm64/configs/sm8250.config:
Previous value: CONFIG_INTERCONNECT_QCOM_SM8350=y
New value: CONFIG_INTERCONNECT_QCOM_SM8350=n

Value of CONFIG_INTERCONNECT_QCOM_SM8450 is redefined by fragment ./arch/arm64/configs/sm8250.config:
Previous value: CONFIG_INTERCONNECT_QCOM_SM8450=y
New value: CONFIG_INTERCONNECT_QCOM_SM8450=n

Value of CONFIG_INTERCONNECT_QCOM_SC8280XP is redefined by fragment ./arch/arm64/configs/sm8250.config:
Previous value: CONFIG_INTERCONNECT_QCOM_SC8280XP=y
New value: CONFIG_INTERCONNECT_QCOM_SC8280XP=n

Value of CONFIG_ARCH_BCMBCA is redefined by fragment ./arch/arm64/configs/sm8250.config:
Previous value: CONFIG_ARCH_BCMBCA=y
New value: CONFIG_ARCH_BCMBCA=n

Value of CONFIG_ARCH_NPCM is redefined by fragment ./arch/arm64/configs/sm8250.config:
Previous value: CONFIG_ARCH_NPCM=y
New value: CONFIG_ARCH_NPCM=n

Value of CONFIG_SERIAL_BCM63XX is redefined by fragment ./arch/arm64/configs/sm8250.config:
Previous value: CONFIG_SERIAL_BCM63XX=y
New value: CONFIG_SERIAL_BCM63XX=n

Value of CONFIG_PINCTRL_SC8280XP is redefined by fragment ./arch/arm64/configs/sm8250.config:
Previous value: CONFIG_PINCTRL_SC8280XP=y
New value: CONFIG_PINCTRL_SC8280XP=n

Value of CONFIG_SC_GCC_8280XP is redefined by fragment ./arch/arm64/configs/sm8250.config:
Previous value: CONFIG_SC_GCC_8280XP=y
New value: CONFIG_SC_GCC_8280XP=n

Value of CONFIG_BCM_SBA_RAID is redefined by fragment ./arch/arm64/configs/sm8250.config:
Previous value: CONFIG_BCM_SBA_RAID=m
New value: CONFIG_BCM_SBA_RAID=n

Value of CONFIG_DMA_ENGINE_RAID is redefined by fragment ./arch/arm64/configs/sm8250.config:
Previous value: CONFIG_DMA_ENGINE_RAID=y
New value: CONFIG_DMA_ENGINE_RAID=n

Value of CONFIG_SENSORS_GPIO_FAN is redefined by fragment ./arch/arm64/configs/sm8250.config:
Previous value: CONFIG_SENSORS_GPIO_FAN=m
New value: CONFIG_SENSORS_GPIO_FAN=n

Value of CONFIG_ARCH_BCM is redefined by fragment ./arch/arm64/configs/sm8250.config:
Previous value: CONFIG_ARCH_BCM=y
New value: CONFIG_ARCH_BCM=n

Value of CONFIG_ARCH_NXP is redefined by fragment ./arch/arm64/configs/sm8250.config:
Previous value: CONFIG_ARCH_NXP=y
New value: CONFIG_ARCH_NXP=n

Value of CONFIG_NET_VENDOR_ADI is redefined by fragment ./arch/arm64/configs/sm8250.config:
Previous value: CONFIG_NET_VENDOR_ADI=y
New value: CONFIG_NET_VENDOR_ADI=n

Value of CONFIG_PINCTRL_SC8180X is redefined by fragment ./arch/arm64/configs/sm8250.config:
Previous value: CONFIG_PINCTRL_SC8180X=y
New value: CONFIG_PINCTRL_SC8180X=n

Value of CONFIG_SND_SOC_SC7180 is redefined by fragment ./arch/arm64/configs/sm8250.config:
Previous value: CONFIG_SND_SOC_SC7180=m
New value: CONFIG_SND_SOC_SC7180=n

Value of CONFIG_SND_SOC_SC7280 is redefined by fragment ./arch/arm64/configs/sm8250.config:
Previous value: CONFIG_SND_SOC_SC7280=m
New value: CONFIG_SND_SOC_SC7280=n

Value of CONFIG_SND_SOC_ADAU7002 is redefined by fragment ./arch/arm64/configs/sm8250.config:
Previous value: CONFIG_SND_SOC_ADAU7002=m
New value: CONFIG_SND_SOC_ADAU7002=n

Value of CONFIG_SND_SOC_RT5682 is redefined by fragment ./arch/arm64/configs/sm8250.config:
Previous value: CONFIG_SND_SOC_RT5682=m
New value: CONFIG_SND_SOC_RT5682=n

Value of CONFIG_SND_SOC_RT5682_I2C is redefined by fragment ./arch/arm64/configs/sm8250.config:
Previous value: CONFIG_SND_SOC_RT5682_I2C=m
New value: CONFIG_SND_SOC_RT5682_I2C=n

Value of CONFIG_SND_SOC_RT5682S is redefined by fragment ./arch/arm64/configs/sm8250.config:
Previous value: CONFIG_SND_SOC_RT5682S=m
New value: CONFIG_SND_SOC_RT5682S=n

Value of CONFIG_MMC_SDHCI_OF_DWCMSHC is redefined by fragment ./arch/arm64/configs/sm8250.config:
Previous value: CONFIG_MMC_SDHCI_OF_DWCMSHC=y
New value: CONFIG_MMC_SDHCI_OF_DWCMSHC=n

Value of CONFIG_CROS_TYPEC_SWITCH is redefined by fragment ./arch/arm64/configs/sm8250.config:
Previous value: CONFIG_CROS_TYPEC_SWITCH=m
New value: CONFIG_CROS_TYPEC_SWITCH=n

Value of CONFIG_SC_GCC_8180X is redefined by fragment ./arch/arm64/configs/sm8250.config:
Previous value: CONFIG_SC_GCC_8180X=y
New value: CONFIG_SC_GCC_8180X=n

Value of CONFIG_IOMMU_IO_PGTABLE_DART is redefined by fragment ./arch/arm64/configs/sm8250.config:
Previous value: CONFIG_IOMMU_IO_PGTABLE_DART=y
New value: CONFIG_IOMMU_IO_PGTABLE_DART=n

Value of CONFIG_INTERCONNECT_QCOM_SC8180X is redefined by fragment ./arch/arm64/configs/sm8250.config:
Previous value: CONFIG_INTERCONNECT_QCOM_SC8180X=y
New value: CONFIG_INTERCONNECT_QCOM_SC8180X=n

Value of CONFIG_MEMORY_HOTPLUG is redefined by fragment ./arch/arm64/configs/sm8250.config:
Previous value: CONFIG_MEMORY_HOTPLUG=y
New value: CONFIG_MEMORY_HOTPLUG=n

Value of CONFIG_MELLANOX_PLATFORM is redefined by fragment ./arch/arm64/configs/sm8250.config:
Previous value: # CONFIG_MELLANOX_PLATFORM is not set
New value: CONFIG_MELLANOX_PLATFORM=n

Value of CONFIG_CHROME_PLATFORMS is redefined by fragment ./arch/arm64/configs/sm8250.config:
Previous value: CONFIG_CHROME_PLATFORMS=y
New value: CONFIG_CHROME_PLATFORMS=n

Value of CONFIG_PINCTRL_SM8150 is redefined by fragment ./arch/arm64/configs/sm8250.config:
Previous value: CONFIG_PINCTRL_SM8150=y
New value: CONFIG_PINCTRL_SM8150=n

Value of CONFIG_SM_GCC_8150 is redefined by fragment ./arch/arm64/configs/sm8250.config:
Previous value: CONFIG_SM_GCC_8150=y
New value: CONFIG_SM_GCC_8150=n

Value of CONFIG_SM_GPUCC_8150 is redefined by fragment ./arch/arm64/configs/sm8250.config:
Previous value: CONFIG_SM_GPUCC_8150=y
New value: CONFIG_SM_GPUCC_8150=n

Value of CONFIG_PINCTRL_SM8350 is redefined by fragment ./arch/arm64/configs/sm8250.config:
Previous value: CONFIG_PINCTRL_SM8350=y
New value: CONFIG_PINCTRL_SM8350=n

Value of CONFIG_SM_GCC_8350 is redefined by fragment ./arch/arm64/configs/sm8250.config:
Previous value: CONFIG_SM_GCC_8350=y
New value: CONFIG_SM_GCC_8350=n

Value of CONFIG_SM_DISPCC_8450 is redefined by fragment ./arch/arm64/configs/sm8250.config:
Previous value: CONFIG_SM_DISPCC_8450=m
New value: CONFIG_SM_DISPCC_8450=n

Value of CONFIG_SM_GCC_8450 is redefined by fragment ./arch/arm64/configs/sm8250.config:
Previous value: CONFIG_SM_GCC_8450=y
New value: CONFIG_SM_GCC_8450=n

Value of CONFIG_ARCH_SPARX5 is redefined by fragment ./arch/arm64/configs/sm8250.config:
Previous value: CONFIG_ARCH_SPARX5=y
New value: CONFIG_ARCH_SPARX5=n

Value of CONFIG_ARCH_MA35 is redefined by fragment ./arch/arm64/configs/sm8250.config:
Previous value: CONFIG_ARCH_MA35=y
New value: CONFIG_ARCH_MA35=n

Value of CONFIG_ARCH_REALTEK is redefined by fragment ./arch/arm64/configs/sm8250.config:
Previous value: CONFIG_ARCH_REALTEK=y
New value: CONFIG_ARCH_REALTEK=n

Value of CONFIG_ARCH_STM32 is redefined by fragment ./arch/arm64/configs/sm8250.config:
Previous value: CONFIG_ARCH_STM32=y
New value: CONFIG_ARCH_STM32=n

Value of CONFIG_DRM_TIDSS is redefined by fragment ./arch/arm64/configs/sm8250.config:
Previous value: CONFIG_DRM_TIDSS=m
New value: CONFIG_DRM_TIDSS=n

Value of CONFIG_DRM_POWERVR is redefined by fragment ./arch/arm64/configs/sm8250.config:
Previous value: CONFIG_DRM_POWERVR=m
New value: CONFIG_DRM_POWERVR=n

Value of CONFIG_ARCH_AIROHA is redefined by fragment ./arch/arm64/configs/sm8250.config:
Previous value: CONFIG_ARCH_AIROHA=y
New value: CONFIG_ARCH_AIROHA=n

Value of CONFIG_DRM_PANTHOR is redefined by fragment ./arch/arm64/configs/sm8250.config:
Previous value: CONFIG_DRM_PANTHOR=m
New value: CONFIG_DRM_PANTHOR=n

#
# merged configuration written to .config (needs make)
#
#
# configuration written to .config
#
  SYNC    include/config/auto.conf.cmd
  GEN     debian
dpkg-buildpackage --build=binary --no-pre-clean --unsigned-changes -R'make -f debian/rules' -j1 -a$(cat debian/arch)
[1mdpkg-buildpackage: [0m[32minfo[0m: 源码包 linux-upstream
[1mdpkg-buildpackage: [0m[32minfo[0m: 源码版本 6.13.0-9
[1mdpkg-buildpackage: [0m[32minfo[0m: source distribution jammy
[1mdpkg-buildpackage: [0m[32minfo[0m: 源码修改者 root <root@localhost>
[1mdpkg-buildpackage: [0m[32minfo[0m: 主机架构 arm64
#
# No change to .config
#
  CALL    scripts/checksyscalls.sh
  UPD     init/utsversion-tmp.h
  CC      init/version.o
  AR      init/built-in.a
  CC [M]  drivers/input/touchscreen/focaltech_fts5452.o
  CC      drivers/opp/core.o
  CC      drivers/opp/cpu.o
  CC      drivers/opp/of.o
  CC      drivers/opp/debugfs.o
  CC      drivers/cpufreq/cpufreq.o
  CC      drivers/cpuidle/cpuidle.o
  CC      drivers/cpufreq/freq_table.o
  CC      drivers/cpufreq/cpufreq_stats.o
  CC      drivers/cpufreq/cpufreq_performance.o
  CC      drivers/cpufreq/cpufreq_powersave.o
  CC      drivers/cpufreq/cpufreq_userspace.o
  CC      drivers/cpufreq/cpufreq_ondemand.o
  AR      drivers/input/built-in.a
  CC      drivers/cpufreq/cpufreq_governor.o
  CC      drivers/cpufreq/cpufreq_governor_attr_set.o
  CC      drivers/ufs/core/ufshcd.o
  CC      drivers/firmware/arm_scpi.o
  CC      drivers/cpufreq/cpufreq-dt.o
  CC [M]  drivers/crypto/hisilicon/qm.o
  CC [M]  drivers/crypto/hisilicon/sgl.o
  CC      drivers/mmc/core/core.o
  CC      drivers/clocksource/timer-of.o
  CC      drivers/cpuidle/driver.o
  CC      drivers/ufs/host/ufs-qcom.o
  CC      drivers/mmc/core/bus.o
  CC [M]  drivers/crypto/hisilicon/debugfs.o
  CC      drivers/cpufreq/cpufreq-dt-platdev.o
  CC      drivers/cpufreq/qcom-cpufreq-hw.o
  CC      drivers/hid/hid-core.o
  CC [M]  drivers/crypto/hisilicon/hpre/hpre_main.o
  CC      drivers/clocksource/timer-probe.o
  CC      drivers/firmware/dmi_scan.o
  CC      drivers/cpuidle/governor.o
  CC      drivers/mmc/core/host.o
  CC      drivers/mmc/core/mmc.o
  AR      drivers/opp/built-in.a
  CC      drivers/ufs/host/ufshcd-pltfrm.o
  CC      drivers/cpufreq/qcom-cpufreq-nvmem.o
  CC      drivers/ufs/core/ufs-sysfs.o
  CC      drivers/cpuidle/sysfs.o
  CC      drivers/cpuidle/governors/menu.o
  CC      drivers/mmc/host/mmci.o
  CC [M]  drivers/crypto/hisilicon/sec2/sec_main.o
  CC      drivers/clocksource/mmio.o
  CC      drivers/clocksource/arm_arch_timer.o
  CC      drivers/cpufreq/scmi-cpufreq.o
  CC [M]  drivers/ufs/host/cdns-pltfrm.o
  CC      drivers/clocksource/timer-sp804.o
  AR      drivers/cpuidle/governors/built-in.a
  CC [M]  drivers/crypto/hisilicon/zip/zip_main.o
  CC      drivers/firmware/dmi-id.o
  CC [M]  drivers/crypto/hisilicon/hpre/hpre_crypto.o
  CC      drivers/cpufreq/scpi-cpufreq.o
  CC      drivers/cpuidle/dt_idle_states.o
  CC      drivers/mmc/core/mmc_ops.o
  CC      drivers/cpuidle/dt_idle_genpd.o
  CC      drivers/hid/hid-input.o
  CC      drivers/cpuidle/cpuidle-psci.o
  CC      drivers/clocksource/dummy_timer.o
  CC      drivers/hid/hid-quirks.o
  AR      drivers/ufs/host/built-in.a
  CC [M]  drivers/crypto/hisilicon/zip/zip_crypto.o
  CC [M]  drivers/cpufreq/cpufreq_conservative.o
  CC      drivers/firmware/arm_scmi/transports/smc.o
  CC [M]  drivers/crypto/hisilicon/sec2/sec_crypto.o
  CC      drivers/mmc/host/mmci_qcom_dml.o
  CC      drivers/cpuidle/cpuidle-psci-domain.o
  CC [M]  drivers/crypto/qcom-rng.o
  CC      drivers/hid/hid-debug.o
  AR      drivers/clocksource/built-in.a
  CC      drivers/hid/hidraw.o
  CC [M]  drivers/crypto/amlogic/amlogic-gxl-core.o
  CC [M]  drivers/cpufreq/cppc_cpufreq.o
  LD [M]  drivers/crypto/hisilicon/hpre/hisi_hpre.o
  CC [M]  drivers/crypto/amlogic/amlogic-gxl-cipher.o
  AR      drivers/cpuidle/built-in.a
  CC      drivers/mmc/core/sd.o
  CC      drivers/mmc/host/mmci_stm32_sdmmc.o
  CC      drivers/of/base.o
  CC      drivers/firmware/arm_scmi/transports/mailbox.o
  CC      drivers/firmware/arm_scmi/vendors/imx/imx-sm-bbm.o
  LD [M]  drivers/crypto/hisilicon/zip/hisi_zip.o
  CC      drivers/firmware/arm_scmi/bus.o
  CC      drivers/firmware/arm_scmi/driver.o
  CC      drivers/firmware/arm_scmi/notify.o
  CC      drivers/ufs/core/ufs-mcq.o
  CC [M]  drivers/firmware/cirrus/cs_dsp.o
  CC      drivers/firmware/arm_scmi/transports/optee.o
  CC      drivers/firmware/arm_scmi/vendors/imx/imx-sm-misc.o
  CC      drivers/ufs/core/ufs-debugfs.o
  LD [M]  drivers/crypto/amlogic/amlogic-gxl-crypto.o
  CC      drivers/hid/hid-a4tech.o
  CC      drivers/mmc/core/sd_ops.o
  AR      drivers/cpufreq/built-in.a
  CC      drivers/hid/hid-apple.o
  LD [M]  drivers/crypto/hisilicon/sec2/hisi_sec2.o
  CC [M]  drivers/crypto/hisilicon/trng/trng.o
  CC [M]  drivers/staging/media/max96712/max96712.o
  CC      drivers/mmc/host/sdhci.o
  CC      drivers/of/cpu.o
  CC      drivers/of/device.o
  AR      drivers/firmware/arm_scmi/transports/built-in.a
  CC      drivers/hid/hid-belkin.o
  AR      drivers/firmware/arm_scmi/vendors/imx/built-in.a
  CC      drivers/hid/hid-cherry.o
  CC      drivers/mmc/core/sdio.o
  CC      drivers/mmc/host/sdhci-acpi.o
  CC      drivers/mmc/core/sdio_ops.o
  CC      drivers/mmc/core/sdio_bus.o
  CC      drivers/ufs/core/ufs_bsg.o
  CC      drivers/mmc/host/mmc_spi.o
  CC      drivers/mmc/host/of_mmc_spi.o
  LD [M]  drivers/crypto/hisilicon/trng/hisi-trng-v2.o
  LD [M]  drivers/crypto/hisilicon/hisi_qm.o
  CC      drivers/mmc/host/dw_mmc.o
  CC      drivers/hid/hid-cypress.o
  CC      drivers/firmware/arm_scmi/base.o
  CC      drivers/mailbox/mailbox.o
  CC      drivers/mailbox/arm_mhu.o
  CC      drivers/hid/hid-ezkey.o
  CC      drivers/hid/hid-ite.o
  CC      drivers/of/module.o
  CC      drivers/of/platform.o
  CC      drivers/of/property.o
  CC      drivers/ufs/core/ufshcd-crypto.o
  CC      drivers/mailbox/arm_mhu_db.o
  CC      drivers/mailbox/platform_mhu.o
  CC      drivers/firmware/arm_scmi/clock.o
  CC      drivers/mmc/host/dw_mmc-pltfm.o
  CC      drivers/mmc/core/sdio_cis.o
  CC      drivers/hid/hid-kensington.o
  CC      drivers/hid/hid-microsoft.o
  CC      drivers/mmc/host/sdhci-pltfm.o
  CC      drivers/mmc/host/sdhci-msm.o
  CC      drivers/mmc/host/cqhci-core.o
  CC      drivers/mmc/host/mmc_hsq.o
  CC      drivers/firmware/arm_scmi/perf.o
  CC      drivers/firmware/arm_scmi/power.o
  CC      drivers/mailbox/pcc.o
  CC      drivers/of/kobj.o
  CC      drivers/mmc/core/sdio_io.o
  CC      drivers/hid/hid-monterey.o
  CC      drivers/firmware/arm_scmi/reset.o
  CC      drivers/mailbox/qcom-apcs-ipc-mailbox.o
  AR      drivers/ufs/core/built-in.a
  AR      drivers/ufs/built-in.a
  CC      drivers/hwspinlock/hwspinlock_core.o
  CC      drivers/remoteproc/remoteproc_core.o
  CC      drivers/remoteproc/remoteproc_coredump.o
  CC      drivers/of/fdt.o
  CC      drivers/rpmsg/rpmsg_core.o
  CC      drivers/rpmsg/rpmsg_char.o
  CC      drivers/rpmsg/rpmsg_ns.o
  CC      drivers/rpmsg/qcom_glink_native.o
  CC      drivers/hid/hid-redragon.o
  CC      drivers/mailbox/qcom-ipcc.o
  CC [M]  drivers/firmware/google/coreboot_table.o
  AR      drivers/mmc/host/built-in.a
  CC      drivers/firmware/imx/sm-misc.o
  CC      drivers/firmware/efi/efi.o
  CC      drivers/firmware/arm_scmi/sensors.o
  CC      drivers/hwspinlock/qcom_hwspinlock.o
  CC [M]  drivers/hid/uhid.o
  CC      drivers/mmc/core/sdio_irq.o
  CC      drivers/firmware/efi/vars.o
  CC      drivers/firmware/psci/psci.o
  AR      drivers/firmware/imx/built-in.a
  CC      drivers/firmware/qcom/qcom_scm.o
  CC      drivers/firmware/smccc/smccc.o
  CC      drivers/rpmsg/qcom_glink_ssr.o
  CC      drivers/remoteproc/remoteproc_debugfs.o
  CC [M]  drivers/firmware/google/cbmem.o
  AR      drivers/mailbox/built-in.a
  CC      drivers/remoteproc/remoteproc_sysfs.o
  AR      drivers/hwspinlock/built-in.a
  CC      drivers/firmware/smccc/kvm_guest.o
  AS      drivers/of/empty_root.dtb.o
  CC      drivers/firmware/efi/reboot.o
  CC      drivers/of/fdt_address.o
  CC      drivers/firmware/qcom/qcom_scm-smc.o
  CC      drivers/firmware/smccc/soc_id.o
  CC      drivers/firmware/arm_scmi/system.o
  CC      drivers/firmware/efi/memattr.o
  CC      drivers/of/address.o
  CC      drivers/devfreq/devfreq.o
  CC      drivers/mmc/core/sd_uhs2.o
  CC [M]  drivers/hid/hid-generic.o
  CC      drivers/rpmsg/qcom_glink_rpm.o
  CC      drivers/of/irq.o
  CC      drivers/remoteproc/remoteproc_virtio.o
  CC      drivers/of/of_reserved_mem.o
  AR      drivers/firmware/psci/built-in.a
  CC      drivers/firmware/efi/tpm.o
  CC      drivers/firmware/arm_scmi/voltage.o
  CC      drivers/rpmsg/qcom_smd.o
  CC      drivers/firmware/arm_scmi/powercap.o
  CC      drivers/firmware/efi/memmap.o
  CC      drivers/firmware/qcom/qcom_scm-legacy.o
  AR      drivers/firmware/smccc/built-in.a
  CC      drivers/remoteproc/remoteproc_elf_loader.o
  CC      drivers/remoteproc/remoteproc_cdev.o
  CC [M]  drivers/hid/hid-chicony.o
  CC [M]  drivers/remoteproc/qcom_pil_info.o
  CC [M]  drivers/remoteproc/qcom_common.o
  CC      drivers/of/of_numa.o
  CC      drivers/mmc/core/slot-gpio.o
  CC      drivers/firmware/qcom/qcom_tzmem.o
  CC      drivers/firmware/efi/capsule.o
  CC      drivers/of/kexec.o
  CC      drivers/firmware/arm_scmi/pinctrl.o
  CC      drivers/firmware/arm_scmi/shmem.o
  CC      drivers/firmware/efi/fdtparams.o
  CC      drivers/devfreq/governor_simpleondemand.o
  CC      drivers/firmware/efi/esrt.o
  CC      drivers/rpmsg/virtio_rpmsg_bus.o
  CC [M]  drivers/rpmsg/rpmsg_ctrl.o
  CC      drivers/extcon/extcon.o
  CC [M]  drivers/remoteproc/qcom_q6v5.o
  CC      drivers/iio/industrialio-core.o
  CC      drivers/mmc/core/regulator.o
  CC [M]  drivers/hid/hid-lg.o
  CC      drivers/devfreq/governor_userspace.o
  CC      drivers/perf/arm_pmu.o
  CC      drivers/firmware/qcom/qcom_qseecom.o
  CC [M]  drivers/devfreq/governor_passive.o
  CC      drivers/firmware/arm_scmi/msg.o
  CC [M]  drivers/remoteproc/qcom_q6v5_adsp.o
  CC      drivers/extcon/devres.o
  AR      drivers/of/built-in.a
  CC      drivers/firmware/efi/efi-pstore.o
  CC      drivers/mmc/core/pwrseq.o
  CC      drivers/mmc/core/debugfs.o
  CC [M]  drivers/rpmsg/qcom_glink_smem.o
  CC      drivers/iio/industrialio-event.o
  CC      drivers/ras/ras.o
  AR      drivers/firmware/arm_scmi/built-in.a
  CC      drivers/ras/debugfs.o
  CC      drivers/extcon/extcon-usb-gpio.o
  CC      drivers/android/binderfs.o
  CC      drivers/nvmem/core.o
  CC      drivers/firmware/qcom/qcom_qseecom_uefisecapp.o
  AR      drivers/devfreq/built-in.a
  CC      drivers/tee/tee_core.o
  CC      drivers/firmware/efi/cper.o
  CC      drivers/tee/tee_shm.o
  CC      drivers/android/binder.o
  CC      drivers/android/binder_alloc.o
  CC [M]  drivers/remoteproc/qcom_q6v5_mss.o
  AR      drivers/rpmsg/built-in.a
  CC      drivers/perf/arm_pmu_platform.o
  CC      drivers/interconnect/core.o
  CC      drivers/mmc/core/pwrseq_simple.o
  CC [M]  drivers/hid/hid-lg-g15.o
  AR      drivers/extcon/built-in.a
  AR      drivers/ras/built-in.a
  CC      drivers/perf/arm_pmu_acpi.o
  CC      drivers/iio/inkern.o
  CC      drivers/hte/hte.o
  AR      drivers/firmware/qcom/built-in.a
  CC      drivers/iio/industrialio-buffer.o
  CC      drivers/iio/industrialio-trigger.o
  CC      drivers/iio/industrialio-acpi.o
  AR      drivers/hte/built-in.a
  CC      drivers/firmware/efi/cper_cxl.o
  CC      drivers/nvmem/layouts.o
  CC [M]  drivers/bluetooth/hci_ldisc.o
  CC      drivers/mmc/core/pwrseq_emmc.o
  CC      drivers/tee/tee_shm_pool.o
  CC      drivers/firmware/efi/runtime-wrappers.o
  CC      drivers/interconnect/bulk.o
  CC      drivers/perf/arm_pmuv3.o
  CC      drivers/perf/qcom_l2_pmu.o
  CC [M]  drivers/nvmem/layouts/sl28vpd.o
  CC [M]  drivers/hid/hid-multitouch.o
  CC      drivers/nvmem/qfprom.o
  CC      drivers/iio/adc/qcom-spmi-adc5.o
  CC [M]  drivers/iio/buffer/industrialio-triggered-buffer.o
  CC      drivers/interconnect/debugfs-client.o
  CC [M]  drivers/nvmem/sec-qfprom.o
  CC      drivers/mmc/core/block.o
  CC      drivers/tee/optee/core.o
  CC [M]  drivers/remoteproc/qcom_q6v5_pas.o
  CC      drivers/firmware/efi/efi-init.o
  CC      drivers/interconnect/qcom/icc-common.o
  CC      drivers/iio/adc/qcom-vadc-common.o
  CC      drivers/interconnect/qcom/bcm-voter.o
  CC      drivers/interconnect/icc-clk.o
  CC [M]  drivers/iio/adc/qcom-spmi-vadc.o
  CC [M]  drivers/iio/buffer/kfifo_buf.o
  CC [M]  drivers/bluetooth/hci_serdev.o
  CC [M]  drivers/nvmem/qcom-spmi-sdam.o
  CC      drivers/tee/optee/call.o
  CC [M]  drivers/hid/hid-nintendo.o
  CC      drivers/perf/qcom_l3_pmu.o
  CC [M]  drivers/perf/arm-cci.o
  CC [M]  drivers/bluetooth/hci_h4.o
  CC      drivers/firmware/efi/arm-runtime.o
  CC [M]  drivers/bluetooth/hci_ll.o
  CC      drivers/tee/optee/notif.o
  CC [M]  drivers/remoteproc/qcom_sysmon.o
  CC [M]  drivers/hid/hid-sony.o
  CC      drivers/interconnect/qcom/qcm2290.o
  CC [M]  drivers/iio/adc/ti-ads1015.o
  AR      drivers/nvmem/built-in.a
  LD [M]  drivers/nvmem/nvmem_sec_qfprom.o
  LD [M]  drivers/nvmem/nvmem_qcom-spmi-sdam.o
  CC      drivers/interconnect/qcom/qdu1000.o
  CC      drivers/interconnect/qcom/icc-rpmh.o
  CC      drivers/tee/optee/rpc.o
  CC [M]  drivers/soundwire/bus_type.o
  CC      drivers/firmware/efi/capsule-loader.o
  CC [M]  drivers/perf/arm-ccn.o
  CC      drivers/mmc/core/queue.o
  CC      drivers/interconnect/qcom/sa8775p.o
  CC [M]  drivers/perf/arm-cmn.o
  CC [M]  drivers/remoteproc/qcom_wcnss.o
  CC      drivers/firmware/efi/earlycon.o
  AR      drivers/android/built-in.a
  CC [M]  drivers/soundwire/bus.o
  CC [M]  drivers/iio/common/st_sensors/st_sensors_i2c.o
  AR      drivers/iio/adc/built-in.a
  CC [M]  drivers/iio/common/st_sensors/st_sensors_spi.o
  CC [M]  drivers/hwtracing/stm/core.o
  CC [M]  drivers/hwtracing/stm/policy.o
  CC [M]  drivers/bluetooth/hci_bcm.o
  CC      drivers/interconnect/qcom/sc7280.o
  CC [M]  drivers/hid/usbhid/hid-core.o
  CC [M]  drivers/hwtracing/coresight/coresight-core.o
  CC      drivers/interconnect/qcom/sdm845.o
  CC      drivers/tee/optee/supp.o
  AR      drivers/mmc/core/built-in.a
  AR      drivers/mmc/built-in.a
  CC [M]  drivers/perf/arm_dsu_pmu.o
  CC      drivers/firmware/efi/cper-arm.o
  CC [M]  drivers/remoteproc/qcom_wcnss_iris.o
  CC [M]  drivers/bluetooth/hci_qca.o
  CC [M]  drivers/bluetooth/hci_mrvl.o
  CC [M]  drivers/bluetooth/btusb.o
  CC      drivers/interconnect/qcom/sdx75.o
  CC      drivers/tee/optee/device.o
  CC [M]  drivers/perf/arm_smmuv3_pmu.o
  CC [M]  drivers/iio/common/st_sensors/st_sensors_core.o
  LD [M]  drivers/hwtracing/stm/stm_core.o
  CC [M]  drivers/mux/core.o
  CC      drivers/interconnect/qcom/sm6115.o
  CC      drivers/tee/optee/smc_abi.o
  CC [M]  drivers/hwtracing/coresight/coresight-etm-perf.o
  AR      drivers/remoteproc/built-in.a
  CC      drivers/firmware/efi/libstub/efi-stub-helper.o
  LD [M]  drivers/remoteproc/qcom_wcnss_pil.o
  CC [M]  drivers/iio/common/st_sensors/st_sensors_buffer.o
  CC [M]  drivers/soundwire/master.o
  LD [M]  drivers/hid/usbhid/usbhid.o
  CC      drivers/firmware/efi/libstub/gop.o
  CC [M]  drivers/hid/i2c-hid/i2c-hid-core.o
  CC      drivers/interconnect/qcom/sm8250.o
  CC      drivers/tee/optee/ffa_abi.o
  CC [M]  drivers/soundwire/slave.o
  CC [M]  drivers/soundwire/mipi_disco.o
  CC [M]  drivers/mux/gpio.o
  CC [M]  drivers/gnss/core.o
  CC [M]  drivers/perf/arm_spe_pmu.o
  CC [M]  drivers/hwtracing/coresight/coresight-platform.o
  CC [M]  drivers/counter/counter-core.o
  CC [M]  drivers/hwtracing/coresight/coresight-sysfs.o
  CC [M]  drivers/counter/counter-sysfs.o
  CC [M]  drivers/iio/common/st_sensors/st_sensors_trigger.o
  AR      drivers/tee/optee/built-in.a
  CC      drivers/interconnect/qcom/sm8550.o
  AR      drivers/tee/built-in.a
  CC [M]  drivers/hwtracing/coresight/coresight-syscfg.o
  CC [M]  drivers/mux/mmio.o
  CC [M]  drivers/soundwire/stream.o
  LD [M]  drivers/gnss/gnss.o
  CC      drivers/interconnect/qcom/sm8650.o
  CC [M]  drivers/perf/arm_dmc620_pmu.o
  CC [M]  drivers/counter/counter-chrdev.o
  CC [M]  drivers/bluetooth/btintel.o
  CC      drivers/firmware/efi/libstub/secureboot.o
  CC [M]  drivers/hid/i2c-hid/i2c-hid-dmi-quirks.o
  CC [M]  drivers/hwtracing/coresight/coresight-config.o
  CC      drivers/interconnect/qcom/x1e80100.o
  CC [M]  drivers/hwtracing/coresight/coresight-cfg-preload.o
  LD [M]  drivers/mux/mux-core.o
  LD [M]  drivers/mux/mux-gpio.o
  CC [M]  drivers/hid/i2c-hid/i2c-hid-acpi.o
  LD [M]  drivers/mux/mux-mmio.o
  CC [M]  drivers/hwtracing/coresight/coresight-cfg-afdo.o
  CC      drivers/interconnect/qcom/smd-rpm.o
  CC [M]  drivers/soundwire/sysfs_slave.o
  CC [M]  drivers/soundwire/sysfs_slave_dpn.o
  CC      drivers/firmware/efi/libstub/tpm.o
  LD [M]  drivers/iio/common/st_sensors/st_sensors.o
  LD [M]  drivers/counter/counter.o
  CC      drivers/interconnect/qcom/icc-rpm.o
  CC [M]  drivers/iio/imu/st_lsm6dsx/st_lsm6dsx_core.o
  CC [M]  drivers/iio/imu/st_lsm6dsx/st_lsm6dsx_buffer.o
  CC      drivers/firmware/efi/libstub/file.o
  CC [M]  drivers/bluetooth/btmrvl_main.o
  CC [M]  drivers/hwtracing/coresight/coresight-syscfg-configfs.o
  CC [M]  drivers/hid/i2c-hid/i2c-hid-of.o
  CC [M]  drivers/bluetooth/btmrvl_debugfs.o
  CC      drivers/firmware/efi/libstub/mem.o
  CC [M]  drivers/iio/light/vcnl4000.o
  CC [M]  drivers/perf/arm_cspmu/arm_cspmu.o
  CC [M]  drivers/hid/i2c-hid/i2c-hid-of-elan.o
  CC [M]  drivers/perf/arm_cspmu/nvidia_cspmu.o
  CC [M]  drivers/soundwire/debugfs.o
  CC [M]  drivers/iio/magnetometer/st_magn_core.o
  CC      drivers/interconnect/qcom/icc-rpm-clocks.o
  CC [M]  drivers/iio/magnetometer/st_magn_buffer.o
  CC [M]  drivers/iio/magnetometer/st_magn_i2c.o
  CC      drivers/firmware/efi/libstub/random.o
  CC      drivers/firmware/efi/libstub/randomalloc.o
  CC [M]  drivers/hwtracing/coresight/coresight-trace-id.o
  CC [M]  drivers/iio/imu/st_lsm6dsx/st_lsm6dsx_shub.o
  CC [M]  drivers/bluetooth/btmrvl_sdio.o
  CC [M]  drivers/bluetooth/btqcomsmd.o
  LD [M]  drivers/hid/i2c-hid/i2c-hid.o
  AR      drivers/hid/built-in.a
  CC [M]  drivers/interconnect/qcom/msm8916.o
  LD [M]  drivers/hid/hid-logitech.o
  CC [M]  drivers/bluetooth/btbcm.o
  CC [M]  drivers/hwtracing/coresight/coresight-tmc-core.o
  CC [M]  drivers/soundwire/irq.o
  CC [M]  drivers/hwtracing/coresight/coresight-tmc-etf.o
  CC [M]  drivers/iio/imu/st_lsm6dsx/st_lsm6dsx_i2c.o
  LD [M]  drivers/perf/arm_cspmu/arm_cspmu_module.o
  AR      drivers/perf/built-in.a
  CC [M]  drivers/iio/magnetometer/st_magn_spi.o
  CC [M]  drivers/iio/imu/st_lsm6dsx/st_lsm6dsx_spi.o
  CC [M]  drivers/soundwire/qcom.o
  CC [M]  drivers/hwtracing/coresight/coresight-tmc-etr.o
  CC      drivers/firmware/efi/libstub/pci.o
  CC      drivers/firmware/efi/libstub/skip_spaces.o
  CC      drivers/firmware/efi/libstub/lib-cmdline.o
  CC [M]  drivers/hwtracing/coresight/coresight-tpiu.o
  CC [M]  drivers/interconnect/qcom/osm-l3.o
  CC [M]  drivers/bluetooth/btrtl.o
  LD [M]  drivers/soundwire/soundwire-bus.o
  CC [M]  drivers/bluetooth/btqca.o
  LD [M]  drivers/iio/imu/st_lsm6dsx/st_lsm6dsx.o
  CC [M]  drivers/bluetooth/btmtk.o
  CC      drivers/firmware/efi/libstub/lib-ctype.o
  CC [M]  drivers/bluetooth/btnxpuart.o
  CC [M]  drivers/hwtracing/coresight/coresight-etb10.o
  CC [M]  drivers/bluetooth/btrsi.o
  CC [M]  drivers/hwtracing/coresight/coresight-funnel.o
  CC      drivers/firmware/efi/libstub/alignedmem.o
  LD [M]  drivers/iio/magnetometer/st_magn.o
  CC      drivers/firmware/efi/libstub/relocate.o
  AR      drivers/iio/built-in.a
  AR      drivers/interconnect/qcom/built-in.a
  LD [M]  drivers/interconnect/qcom/qnoc-msm8916.o
  LD [M]  drivers/interconnect/qcom/icc-osm-l3.o
  AR      drivers/interconnect/built-in.a
  CC [M]  drivers/hwtracing/coresight/coresight-replicator.o
  CC [M]  drivers/hwtracing/coresight/coresight-stm.o
  CC [M]  drivers/hwtracing/coresight/coresight-cpu-debug.o
  CC [M]  drivers/hwtracing/coresight/coresight-catu.o
  CC      drivers/firmware/efi/libstub/printk.o
  CC      drivers/firmware/efi/libstub/vsprintf.o
  LD [M]  drivers/soundwire/soundwire-qcom.o
  CC      drivers/firmware/efi/libstub/fdt.o
  CC [M]  drivers/hwtracing/coresight/coresight-cti-core.o
  CC      drivers/firmware/efi/libstub/lib-fdt_rw.o
  CC      drivers/firmware/efi/libstub/lib-fdt_ro.o
  LD [M]  drivers/bluetooth/hci_uart.o
  LD [M]  drivers/bluetooth/btmrvl.o
  CC [M]  drivers/hwtracing/coresight/coresight-cti-platform.o
  CC [M]  drivers/hwtracing/coresight/coresight-cti-sysfs.o
  CC      drivers/firmware/efi/libstub/lib-fdt_wip.o
  CC      drivers/firmware/efi/libstub/lib-fdt.o
  CC      drivers/firmware/efi/libstub/lib-fdt_empty_tree.o
  CC      drivers/firmware/efi/libstub/lib-fdt_sw.o
  LD [M]  drivers/hwtracing/coresight/coresight.o
  CC      drivers/firmware/efi/libstub/efi-stub.o
  CC      drivers/firmware/efi/libstub/string.o
  LD [M]  drivers/hwtracing/coresight/coresight-tmc.o
  CC      drivers/firmware/efi/libstub/intrinsics.o
  CC      drivers/firmware/efi/libstub/systable.o
  CC      drivers/firmware/efi/libstub/screen_info.o
  CC      drivers/firmware/efi/libstub/efi-stub-entry.o
  CC      drivers/firmware/efi/libstub/kaslr.o
  CC      drivers/firmware/efi/libstub/arm64.o
  CC      drivers/firmware/efi/libstub/arm64-stub.o
  CC      drivers/firmware/efi/libstub/smbios.o
  CC      drivers/firmware/efi/libstub/zboot.o
  STUBCPY drivers/firmware/efi/libstub/alignedmem.stub.o
  STUBCPY drivers/firmware/efi/libstub/efi-stub-helper.stub.o
  STUBCPY drivers/firmware/efi/libstub/file.stub.o
  STUBCPY drivers/firmware/efi/libstub/gop.stub.o
  STUBCPY drivers/firmware/efi/libstub/lib-cmdline.stub.o
  STUBCPY drivers/firmware/efi/libstub/lib-ctype.stub.o
  STUBCPY drivers/firmware/efi/libstub/lib-fdt.stub.o
  STUBCPY drivers/firmware/efi/libstub/lib-fdt_empty_tree.stub.o
  STUBCPY drivers/firmware/efi/libstub/lib-fdt_ro.stub.o
  STUBCPY drivers/firmware/efi/libstub/lib-fdt_rw.stub.o
  STUBCPY drivers/firmware/efi/libstub/lib-fdt_sw.stub.o
  STUBCPY drivers/firmware/efi/libstub/lib-fdt_wip.stub.o
  STUBCPY drivers/firmware/efi/libstub/mem.stub.o
  STUBCPY drivers/firmware/efi/libstub/pci.stub.o
  STUBCPY drivers/firmware/efi/libstub/printk.stub.o
  STUBCPY drivers/firmware/efi/libstub/random.stub.o
  STUBCPY drivers/firmware/efi/libstub/randomalloc.stub.o
  STUBCPY drivers/firmware/efi/libstub/relocate.stub.o
  STUBCPY drivers/firmware/efi/libstub/secureboot.stub.o
  STUBCPY drivers/firmware/efi/libstub/string.stub.o
  STUBCPY drivers/firmware/efi/libstub/skip_spaces.stub.o
  STUBCPY drivers/firmware/efi/libstub/tpm.stub.o
  STUBCPY drivers/firmware/efi/libstub/vsprintf.stub.o
  STUBCPY drivers/firmware/efi/libstub/efi-stub.stub.o
  STUBCPY drivers/firmware/efi/libstub/fdt.stub.o
  STUBCPY drivers/firmware/efi/libstub/smbios.stub.o
  STUBCPY drivers/firmware/efi/libstub/systable.stub.o
  STUBCPY drivers/firmware/efi/libstub/arm64-stub.stub.o
  STUBCPY drivers/firmware/efi/libstub/kaslr.stub.o
  STUBCPY drivers/firmware/efi/libstub/screen_info.stub.o
  STUBCPY drivers/firmware/efi/libstub/efi-stub-entry.stub.o
  STUBCPY drivers/firmware/efi/libstub/arm64.stub.o
  LD [M]  drivers/hwtracing/coresight/coresight-cti.o
  STUBCPY drivers/firmware/efi/libstub/intrinsics.stub.o
  STUBCPY drivers/firmware/efi/libstub/zboot.stub.o
  AR      drivers/firmware/efi/libstub/lib.a
  AR      drivers/firmware/efi/built-in.a
  AR      drivers/firmware/built-in.a
  AR      drivers/built-in.a
  AR      built-in.a
  AR      vmlinux.a
  LD      vmlinux.o
  OBJCOPY modules.builtin.modinfo
  GEN     modules.builtin
  MODPOST Module.symvers
  CC      .vmlinux.export.o
  UPD     include/generated/utsversion.h
  CC      init/version-timestamp.o
  KSYMS   .tmp_vmlinux0.kallsyms.S
  AS      .tmp_vmlinux0.kallsyms.o
  LD      .tmp_vmlinux1
  CC [M]  arch/arm64/crypto/sha512-ce.mod.o
  CC [M]  .module-common.o
  CC [M]  arch/arm64/crypto/sha3-ce.mod.o
  CC [M]  arch/arm64/crypto/sm3-ce.mod.o
  CC [M]  arch/arm64/crypto/crct10dif-ce.mod.o
  CC [M]  arch/arm64/crypto/aes-neon-blk.mod.o
  CC [M]  arch/arm64/crypto/sha512-arm64.mod.o
  CC [M]  arch/arm64/crypto/chacha-neon.mod.o
  CC [M]  arch/arm64/crypto/poly1305-neon.mod.o
  CC [M]  arch/arm64/crypto/aes-neon-bs.mod.o
  CC [M]  mm/zsmalloc.mod.o
  CC [M]  fs/binfmt_misc.mod.o
  CC [M]  fs/exfat/exfat.mod.o
  CC [M]  fs/fuse/fuse.mod.o
  CC [M]  fs/fuse/cuse.mod.o
  CC [M]  fs/overlayfs/overlay.mod.o
  CC [M]  crypto/crypto_engine.mod.o
  CC [M]  crypto/sm3.mod.o
  CC [M]  crypto/sm3_generic.mod.o
  CC [M]  crypto/des_generic.mod.o
  CC [M]  crypto/sm4.mod.o
  CC [M]  crypto/sm4_generic.mod.o
  CC [M]  crypto/deflate.mod.o
  CC [M]  crypto/michael_mic.mod.o
  CC [M]  crypto/lzo.mod.o
  CC [M]  crypto/lzo-rle.mod.o
  CC [M]  crypto/lz4.mod.o
  CC [M]  crypto/tcrypt.mod.o
  NM      .tmp_vmlinux1.syms
  CC [M]  crypto/algif_hash.mod.o
  CC [M]  crypto/algif_skcipher.mod.o
  CC [M]  crypto/algif_rng.mod.o
  CC [M]  crypto/zstd.mod.o
  CC [M]  crypto/ecc.mod.o
  CC [M]  crypto/curve25519-generic.mod.o
  CC [M]  crypto/ecdh_generic.mod.o
  CC [M]  lib/crypto/libchacha.mod.o
  CC [M]  lib/crypto/libarc4.mod.o
  CC [M]  lib/crypto/libchacha20poly1305.mod.o
  CC [M]  lib/crypto/libcurve25519-generic.mod.o
  CC [M]  lib/crypto/libcurve25519.mod.o
  CC [M]  lib/crypto/libdes.mod.o
  CC [M]  lib/lz4/lz4_compress.mod.o
  CC [M]  lib/crc-ccitt.mod.o
  CC [M]  drivers/bus/mhi/host/mhi.mod.o
  KSYMS   .tmp_vmlinux1.kallsyms.S
  CC [M]  drivers/bus/mhi/host/mhi_pci_generic.mod.o
  CC [M]  drivers/phy/cadence/phy-cadence-torrent.mod.o
  CC [M]  drivers/phy/cadence/cdns-dphy-rx.mod.o
  CC [M]  drivers/phy/cadence/phy-cadence-sierra.mod.o
  CC [M]  drivers/phy/cadence/phy-cadence-salvo.mod.o
  CC [M]  drivers/phy/qualcomm/phy-qcom-edp.mod.o
  CC [M]  drivers/phy/qualcomm/phy-qcom-m31.mod.o
  CC [M]  drivers/phy/qualcomm/phy-qcom-pcie2.mod.o
  CC [M]  drivers/phy/qualcomm/phy-qcom-qmp-pcie-msm8996.mod.o
  CC [M]  drivers/phy/qualcomm/phy-qcom-sgmii-eth.mod.o
  CC [M]  drivers/phy/phy-can-transceiver.mod.o
  CC [M]  drivers/pinctrl/qcom/pinctrl-sc7280-lpass-lpi.mod.o
  CC [M]  drivers/pinctrl/qcom/pinctrl-sm6115-lpass-lpi.mod.o
  CC [M]  drivers/pinctrl/qcom/pinctrl-sm8350-lpass-lpi.mod.o
  CC [M]  drivers/pinctrl/qcom/pinctrl-sm8450-lpass-lpi.mod.o
  CC [M]  drivers/pinctrl/qcom/pinctrl-sm8550-lpass-lpi.mod.o
  CC [M]  drivers/pinctrl/qcom/pinctrl-sm8650-lpass-lpi.mod.o
  CC [M]  drivers/pinctrl/qcom/pinctrl-sc8280xp-lpass-lpi.mod.o
  CC [M]  drivers/pinctrl/pinctrl-da9062.mod.o
  CC [M]  drivers/pinctrl/pinctrl-rk805.mod.o
  CC [M]  drivers/pinctrl/pinctrl-tps6594.mod.o
  CC [M]  drivers/gpio/gpio-regmap.mod.o
  CC [M]  drivers/gpio/gpio-adp5585.mod.o
  CC [M]  drivers/gpio/gpio-aggregator.mod.o
  CC [M]  drivers/gpio/gpio-pcf857x.mod.o
  CC [M]  drivers/gpio/gpio-wcd934x.mod.o
  CC [M]  drivers/pwm/pwm-adp5585.mod.o
  CC [M]  drivers/leds/flash/leds-qcom-flash.mod.o
  CC [M]  drivers/leds/led-class-multicolor.mod.o
  CC [M]  drivers/leds/leds-lm3692x.mod.o
  CC [M]  drivers/leds/leds-pca9532.mod.o
  CC [M]  drivers/leds/rgb/leds-qcom-lpg.mod.o
  CC [M]  drivers/pci/pwrctrl/pci-pwrctrl-core.mod.o
  CC [M]  drivers/pci/pwrctrl/pci-pwrctrl-pwrseq.mod.o
  CC [M]  drivers/pci/endpoint/functions/pci-epf-test.mod.o
  CC [M]  drivers/pci/controller/dwc/pci-meson.mod.o
  CC [M]  drivers/video/backlight/pwm_bl.mod.o
  CC [M]  drivers/char/ipmi/ipmi_msghandler.mod.o
  CC [M]  drivers/char/ipmi/ipmi_devintf.mod.o
  CC [M]  drivers/char/ipmi/ipmi_si.mod.o
  CC [M]  drivers/clk/qcom/camcc-x1e80100.mod.o
  CC [M]  drivers/clk/qcom/dispcc-x1e80100.mod.o
  CC [M]  drivers/clk/qcom/gpucc-x1e80100.mod.o
  AS      .tmp_vmlinux1.kallsyms.o
  CC [M]  drivers/clk/qcom/mmcc-msm8994.mod.o
  CC [M]  drivers/clk/qcom/mmcc-msm8996.mod.o
  CC [M]  drivers/clk/qcom/mmcc-msm8998.mod.o
  CC [M]  drivers/clk/qcom/dispcc-qcm2290.mod.o
  CC [M]  drivers/clk/qcom/camcc-sc7280.mod.o
  CC [M]  drivers/clk/qcom/camcc-sc8280xp.mod.o
  CC [M]  drivers/clk/qcom/dispcc-sc7280.mod.o
  CC [M]  drivers/clk/qcom/dispcc-sc8280xp.mod.o
  CC [M]  drivers/clk/qcom/gpucc-sa8775p.mod.o
  CC [M]  drivers/clk/qcom/gcc-sc8280xp.mod.o
  CC [M]  drivers/clk/qcom/gpucc-sc7280.mod.o
  CC [M]  drivers/clk/qcom/gpucc-sc8280xp.mod.o
  CC [M]  drivers/clk/qcom/lpasscc-sc8280xp.mod.o
  CC [M]  drivers/clk/qcom/lpasscorecc-sc7280.mod.o
  CC [M]  drivers/clk/qcom/lpassaudiocc-sc7280.mod.o
  CC [M]  drivers/clk/qcom/videocc-sc7280.mod.o
  CC [M]  drivers/clk/qcom/camcc-sdm845.mod.o
  CC [M]  drivers/clk/qcom/lpasscc-sdm845.mod.o
  CC [M]  drivers/clk/qcom/dispcc-sm6115.mod.o
  CC [M]  drivers/clk/qcom/dispcc-sm8550.mod.o
  CC [M]  drivers/clk/qcom/gcc-sm8350.mod.o
  CC [M]  drivers/clk/qcom/gcc-sm8450.mod.o
  CC [M]  drivers/clk/qcom/gpucc-sm6115.mod.o
  CC [M]  drivers/clk/qcom/gpucc-sm8350.mod.o
  CC [M]  drivers/clk/qcom/gpucc-sm8450.mod.o
  CC [M]  drivers/clk/qcom/gpucc-sm8550.mod.o
  CC [M]  drivers/clk/qcom/gpucc-sm8650.mod.o
  CC [M]  drivers/dma/dw-edma/dw-edma.mod.o
  CC [M]  drivers/soc/qcom/qcom_pd_mapper.mod.o
  CC [M]  drivers/soc/qcom/spm.mod.o
  CC [M]  drivers/soc/qcom/qcom_stats.mod.o
  CC [M]  drivers/soc/qcom/wcnss_ctrl.mod.o
  CC [M]  drivers/soc/qcom/qcom-pbs.mod.o
  CC [M]  drivers/xen/xen-pciback/xen-pciback.mod.o
  CC [M]  drivers/regulator/da9211-regulator.mod.o
  CC [M]  drivers/regulator/lp873x-regulator.mod.o
  CC [M]  drivers/regulator/max20411-regulator.mod.o
  CC [M]  drivers/regulator/mt6315-regulator.mod.o
  CC [M]  drivers/regulator/qcom-refgen-regulator.mod.o
  CC [M]  drivers/regulator/qcom_usb_vbus-regulator.mod.o
  CC [M]  drivers/regulator/tps6594-regulator.mod.o
  CC [M]  drivers/reset/reset-gpio.mod.o
  CC [M]  drivers/reset/reset-qcom-pdc.mod.o
  CC [M]  drivers/gpu/drm/arm/hdlcd.mod.o
  CC [M]  drivers/gpu/drm/arm/display/komeda/komeda.mod.o
  CC [M]  drivers/gpu/drm/i2c/ch7006.mod.o
  CC [M]  drivers/gpu/drm/i2c/sil164.mod.o
  CC [M]  drivers/gpu/drm/panel/panel-boe-tv101wum-nl6.mod.o
  CC [M]  drivers/gpu/drm/panel/panel-simple.mod.o
  CC [M]  drivers/gpu/drm/panel/panel-edp.mod.o
  CC [M]  drivers/gpu/drm/panel/panel-ilitek-ili9882t.mod.o
  LD      .tmp_vmlinux2
  CC [M]  drivers/gpu/drm/panel/panel-khadas-ts050.mod.o
  CC [M]  drivers/gpu/drm/panel/panel-novatek-nt36672e.mod.o
  CC [M]  drivers/gpu/drm/panel/panel-mantix-mlaf057we51.mod.o
  CC [M]  drivers/gpu/drm/panel/panel-samsung-ams667xx01.mod.o
  CC [M]  drivers/gpu/drm/panel/panel-samsung-atna33xc20.mod.o
  CC [M]  drivers/gpu/drm/panel/panel-truly-nt35597.mod.o
  CC [M]  drivers/gpu/drm/panel/panel-visionox-vtdr6130.mod.o
  CC [M]  drivers/gpu/drm/bridge/analogix/anx7625.mod.o
  CC [M]  drivers/gpu/drm/bridge/cadence/cdns-mhdp8546.mod.o
  CC [M]  drivers/gpu/drm/bridge/display-connector.mod.o
  CC [M]  drivers/gpu/drm/bridge/lontium-lt8912b.mod.o
  CC [M]  drivers/gpu/drm/bridge/lontium-lt9611.mod.o
  CC [M]  drivers/gpu/drm/bridge/lontium-lt9611uxc.mod.o
  CC [M]  drivers/gpu/drm/bridge/samsung-dsim.mod.o
  CC [M]  drivers/gpu/drm/bridge/simple-bridge.mod.o
  CC [M]  drivers/gpu/drm/bridge/tc358767.mod.o
  CC [M]  drivers/gpu/drm/bridge/tc358768.mod.o
  CC [M]  drivers/gpu/drm/bridge/adv7511/adv7511.mod.o
  CC [M]  drivers/gpu/drm/bridge/ti-sn65dsi83.mod.o
  CC [M]  drivers/gpu/drm/bridge/ti-sn65dsi86.mod.o
  CC [M]  drivers/gpu/drm/bridge/ti-tfp410.mod.o
  CC [M]  drivers/gpu/drm/bridge/ite-it66121.mod.o
  CC [M]  drivers/gpu/drm/gud/gud.mod.o
  CC [M]  drivers/gpu/drm/drm_dma_helper.mod.o
  CC [M]  drivers/base/regmap/regmap-slimbus.mod.o
  CC [M]  drivers/base/regmap/regmap-sdw.mod.o
  CC [M]  drivers/block/nbd.mod.o
  CC [M]  drivers/block/zram/zram.mod.o
  CC [M]  drivers/misc/qcom-coincell.mod.o
  CC [M]  drivers/misc/pci_endpoint_test.mod.o
  CC [M]  drivers/misc/tps6594-esm.mod.o
  CC [M]  drivers/misc/tps6594-pfsm.mod.o
  CC [M]  drivers/mfd/lp873x.mod.o
  CC [M]  drivers/mfd/wcd934x.mod.o
  CC [M]  drivers/mfd/wm8994.mod.o
  CC [M]  drivers/mfd/tps6594-core.mod.o
  CC [M]  drivers/mfd/tps6594-i2c.mod.o
  CC [M]  drivers/mfd/da9062-core.mod.o
  CC [M]  drivers/mfd/adp5585.mod.o
  CC [M]  drivers/nfc/nxp-nci/nxp-nci.mod.o
  CC [M]  drivers/nfc/nxp-nci/nxp-nci_i2c.mod.o
  CC [M]  drivers/nfc/s3fwrn5/s3fwrn5.mod.o
  CC [M]  drivers/nfc/s3fwrn5/s3fwrn5_i2c.mod.o
  CC [M]  drivers/scsi/raid_class.mod.o
  CC [M]  drivers/spi/spidev.mod.o
  CC [M]  drivers/slimbus/slim-qcom-ngd-ctrl.mod.o
  CC [M]  drivers/net/phy/phylink.mod.o
  CC [M]  drivers/net/phy/ax88796b.mod.o
  CC [M]  drivers/net/phy/bcm54140.mod.o
  CC [M]  drivers/net/phy/bcm7xxx.mod.o
  CC [M]  drivers/net/phy/bcm-phy-lib.mod.o
  CC [M]  drivers/net/phy/broadcom.mod.o
  CC [M]  drivers/net/phy/dp83869.mod.o
  CC [M]  drivers/net/phy/marvell.mod.o
  CC [M]  drivers/net/phy/microchip.mod.o
  CC [M]  drivers/net/phy/realtek.mod.o
  CC [M]  drivers/net/phy/smsc.mod.o
  CC [M]  drivers/net/pcs/pcs_xpcs.mod.o
  CC [M]  drivers/net/ethernet/broadcom/genet/genet.mod.o
  CC [M]  drivers/net/ethernet/broadcom/bcmsysport.mod.o
  CC [M]  drivers/net/ethernet/qualcomm/emac/qcom-emac.mod.o
  CC [M]  drivers/net/ethernet/qualcomm/rmnet/rmnet.mod.o
  CC [M]  drivers/net/ethernet/realtek/r8169.mod.o
  CC [M]  drivers/net/wireless/ath/ath10k/ath10k_core.mod.o
  CC [M]  drivers/net/wireless/ath/ath10k/ath10k_sdio.mod.o
  CC [M]  drivers/net/wireless/ath/ath10k/ath10k_snoc.mod.o
  CC [M]  drivers/net/wireless/ath/wcn36xx/wcn36xx.mod.o
  CC [M]  drivers/net/wireless/ath/ath11k/ath11k.mod.o
  CC [M]  drivers/net/wireless/ath/ath11k/ath11k_ahb.mod.o
  CC [M]  drivers/net/wireless/ath/ath11k/ath11k_pci.mod.o
  CC [M]  drivers/net/wireless/ath/ath12k/ath12k.mod.o
  CC [M]  drivers/net/wireless/ath/ath.mod.o
  CC [M]  drivers/net/wireless/intel/iwlwifi/iwlwifi.mod.o
  CC [M]  drivers/net/wireless/intel/iwlwifi/dvm/iwldvm.mod.o
  CC [M]  drivers/net/wireless/intel/iwlwifi/mvm/iwlmvm.mod.o
  CC [M]  drivers/net/wireless/marvell/mwifiex/mwifiex.mod.o
  CC [M]  drivers/net/wireless/marvell/mwifiex/mwifiex_sdio.mod.o
  CC [M]  drivers/net/wireless/marvell/mwifiex/mwifiex_pcie.mod.o
  CC [M]  drivers/net/wireless/mediatek/mt76/mt76.mod.o
  CC [M]  drivers/net/wireless/mediatek/mt76/mt76-connac-lib.mod.o
  CC [M]  drivers/net/wireless/mediatek/mt76/mt792x-lib.mod.o
  CC [M]  drivers/net/wireless/mediatek/mt76/mt7921/mt7921-common.mod.o
  CC [M]  drivers/net/wireless/mediatek/mt76/mt7921/mt7921e.mod.o
  CC [M]  drivers/net/wireless/rsi/rsi_91x.mod.o
  CC [M]  drivers/net/wireless/rsi/rsi_sdio.mod.o
  CC [M]  drivers/net/wireless/rsi/rsi_usb.mod.o
  CC [M]  drivers/net/usb/pegasus.mod.o
  CC [M]  drivers/net/usb/rtl8150.mod.o
  CC [M]  drivers/net/usb/r8152.mod.o
  CC [M]  drivers/net/usb/lan78xx.mod.o
  CC [M]  drivers/net/usb/asix.mod.o
  CC [M]  drivers/net/usb/ax88179_178a.mod.o
  CC [M]  drivers/net/usb/dm9601.mod.o
  CC [M]  drivers/net/usb/sr9800.mod.o
  CC [M]  drivers/net/usb/smsc75xx.mod.o
  CC [M]  drivers/net/usb/smsc95xx.mod.o
  CC [M]  drivers/net/usb/net1080.mod.o
  NM      .tmp_vmlinux2.syms
  CC [M]  drivers/net/usb/cdc_subset.mod.o
  CC [M]  drivers/net/usb/zaurus.mod.o
  CC [M]  drivers/net/usb/mcs7830.mod.o
  CC [M]  drivers/net/usb/r8153_ecm.mod.o
  CC [M]  drivers/net/ipvlan/ipvlan.mod.o
  CC [M]  drivers/net/dummy.mod.o
  CC [M]  drivers/net/wireguard/wireguard.mod.o
  CC [M]  drivers/net/macvlan.mod.o
  CC [M]  drivers/net/macvtap.mod.o
  CC [M]  drivers/net/tap.mod.o
  CC [M]  drivers/net/veth.mod.o
  CC [M]  drivers/net/vxlan/vxlan.mod.o
  CC [M]  drivers/net/mhi_net.mod.o
  CC [M]  drivers/net/ipa/ipa.mod.o
  CC [M]  drivers/net/wwan/wwan.mod.o
  CC [M]  drivers/net/wwan/mhi_wwan_ctrl.mod.o
  KSYMS   .tmp_vmlinux2.kallsyms.S
  CC [M]  drivers/net/wwan/mhi_wwan_mbim.mod.o
  CC [M]  drivers/usb/misc/qcom_eud.mod.o
  CC [M]  drivers/usb/misc/onboard_usb_dev.mod.o
  CC [M]  drivers/usb/gadget/legacy/gadgetfs.mod.o
  CC [M]  drivers/usb/gadget/legacy/g_mass_storage.mod.o
  CC [M]  drivers/usb/typec/ucsi/ucsi_ccg.mod.o
  CC [M]  drivers/usb/typec/mux/gpio-sbu-mux.mod.o
  CC [M]  drivers/usb/typec/mux/nb7vpq904m.mod.o
  CC [M]  drivers/usb/typec/mux/wcd939x-usbss.mod.o
  CC [M]  drivers/usb/typec/tipd/tps6598x.mod.o
  CC [M]  drivers/usb/cdns3/cdns-usb-common.mod.o
  CC [M]  drivers/usb/cdns3/cdns3.mod.o
  CC [M]  drivers/usb/cdns3/cdns3-pci-wrap.mod.o
  CC [M]  drivers/usb/class/cdc-acm.mod.o
  CC [M]  drivers/usb/serial/usbserial.mod.o
  CC [M]  drivers/usb/serial/cp210x.mod.o
  CC [M]  drivers/usb/serial/ftdi_sio.mod.o
  CC [M]  drivers/usb/serial/option.mod.o
  CC [M]  drivers/usb/serial/usb_wwan.mod.o
  CC [M]  drivers/input/keyboard/gpio_keys_polled.mod.o
  CC [M]  drivers/input/mouse/elan_i2c.mod.o
  CC [M]  drivers/input/touchscreen/edt-ft5x06.mod.o
  CC [M]  drivers/input/touchscreen/elants_i2c.mod.o
  CC [M]  drivers/input/touchscreen/goodix_ts.mod.o
  CC [M]  drivers/input/touchscreen/goodix_berlin_core.mod.o
  CC [M]  drivers/input/touchscreen/goodix_berlin_spi.mod.o
  CC [M]  drivers/input/touchscreen/focaltech_ts.mod.o
  CC [M]  drivers/input/misc/da9063_onkey.mod.o
  CC [M]  drivers/input/misc/pm8xxx-vibrator.mod.o
  CC [M]  drivers/input/misc/pwm-beeper.mod.o
  CC [M]  drivers/input/misc/pwm-vibra.mod.o
  CC [M]  drivers/input/misc/rk805-pwrkey.mod.o
  CC [M]  drivers/input/misc/tps65219-pwrbutton.mod.o
  AS      .tmp_vmlinux2.kallsyms.o
  CC [M]  drivers/input/misc/uinput.mod.o
  CC [M]  drivers/input/joydev.mod.o
  CC [M]  drivers/rtc/rtc-bq32k.mod.o
  CC [M]  drivers/rtc/rtc-da9063.mod.o
  CC [M]  drivers/rtc/rtc-isl1208.mod.o
  CC [M]  drivers/rtc/rtc-pcf85063.mod.o
  CC [M]  drivers/rtc/rtc-pcf8563.mod.o
  CC [M]  drivers/rtc/rtc-pm8xxx.mod.o
  CC [M]  drivers/rtc/rtc-tps6594.mod.o
  CC [M]  drivers/i2c/algos/i2c-algo-bit.mod.o
  CC [M]  drivers/i2c/busses/i2c-cadence.mod.o
  CC [M]  drivers/i2c/busses/i2c-gpio.mod.o
  CC [M]  drivers/i2c/busses/i2c-qcom-cci.mod.o
  CC [M]  drivers/media/i2c/dw9800.mod.o
  CC [M]  drivers/media/i2c/imx355.mod.o
  CC [M]  drivers/media/i2c/imx412.mod.o
  CC [M]  drivers/media/i2c/imx582.mod.o
  CC [M]  drivers/media/i2c/ir-kbd-i2c.mod.o
  CC [M]  drivers/media/i2c/ov5640.mod.o
  CC [M]  drivers/media/i2c/s5k5e9.mod.o
  CC [M]  drivers/media/rc/keymaps/rc-adstech-dvb-t-pci.mod.o
  CC [M]  drivers/media/rc/keymaps/rc-alink-dtu-m.mod.o
  CC [M]  drivers/media/rc/keymaps/rc-anysee.mod.o
  CC [M]  drivers/media/rc/keymaps/rc-apac-viewcomp.mod.o
  CC [M]  drivers/media/rc/keymaps/rc-astrometa-t2hybrid.mod.o
  CC [M]  drivers/media/rc/keymaps/rc-asus-pc39.mod.o
  CC [M]  drivers/media/rc/keymaps/rc-asus-ps3-100.mod.o
  CC [M]  drivers/media/rc/keymaps/rc-ati-tv-wonder-hd-600.mod.o
  CC [M]  drivers/media/rc/keymaps/rc-ati-x10.mod.o
  CC [M]  drivers/media/rc/keymaps/rc-avermedia-a16d.mod.o
  CC [M]  drivers/media/rc/keymaps/rc-avermedia-cardbus.mod.o
  CC [M]  drivers/media/rc/keymaps/rc-avermedia-dvbt.mod.o
  CC [M]  drivers/media/rc/keymaps/rc-avermedia-m135a.mod.o
  CC [M]  drivers/media/rc/keymaps/rc-avermedia-m733a-rm-k6.mod.o
  CC [M]  drivers/media/rc/keymaps/rc-avermedia.mod.o
  CC [M]  drivers/media/rc/keymaps/rc-avermedia-rm-ks.mod.o
  CC [M]  drivers/media/rc/keymaps/rc-avertv-303.mod.o
  CC [M]  drivers/media/rc/keymaps/rc-azurewave-ad-tu700.mod.o
  CC [M]  drivers/media/rc/keymaps/rc-beelink-gs1.mod.o
  CC [M]  drivers/media/rc/keymaps/rc-beelink-mxiii.mod.o
  CC [M]  drivers/media/rc/keymaps/rc-behold-columbus.mod.o
  CC [M]  drivers/media/rc/keymaps/rc-behold.mod.o
  CC [M]  drivers/media/rc/keymaps/rc-budget-ci-old.mod.o
  CC [M]  drivers/media/rc/keymaps/rc-cinergy-1400.mod.o
  CC [M]  drivers/media/rc/keymaps/rc-cinergy.mod.o
  CC [M]  drivers/media/rc/keymaps/rc-ct-90405.mod.o
  CC [M]  drivers/media/rc/keymaps/rc-d680-dmb.mod.o
  CC [M]  drivers/media/rc/keymaps/rc-delock-61959.mod.o
  CC [M]  drivers/media/rc/keymaps/rc-dib0700-nec.mod.o
  CC [M]  drivers/media/rc/keymaps/rc-dib0700-rc5.mod.o
  CC [M]  drivers/media/rc/keymaps/rc-digitalnow-tinytwin.mod.o
  CC [M]  drivers/media/rc/keymaps/rc-digittrade.mod.o
  CC [M]  drivers/media/rc/keymaps/rc-dm1105-nec.mod.o
  CC [M]  drivers/media/rc/keymaps/rc-dntv-live-dvb-t.mod.o
  CC [M]  drivers/media/rc/keymaps/rc-dntv-live-dvbt-pro.mod.o
  CC [M]  drivers/media/rc/keymaps/rc-dreambox.mod.o
  LD      vmlinux
  CC [M]  drivers/media/rc/keymaps/rc-dtt200u.mod.o
  CC [M]  drivers/media/rc/keymaps/rc-dvbsky.mod.o
  CC [M]  drivers/media/rc/keymaps/rc-dvico-mce.mod.o
  CC [M]  drivers/media/rc/keymaps/rc-dvico-portable.mod.o
  CC [M]  drivers/media/rc/keymaps/rc-em-terratec.mod.o
  CC [M]  drivers/media/rc/keymaps/rc-encore-enltv2.mod.o
  CC [M]  drivers/media/rc/keymaps/rc-encore-enltv-fm53.mod.o
  CC [M]  drivers/media/rc/keymaps/rc-encore-enltv.mod.o
  CC [M]  drivers/media/rc/keymaps/rc-evga-indtube.mod.o
  CC [M]  drivers/media/rc/keymaps/rc-eztv.mod.o
  CC [M]  drivers/media/rc/keymaps/rc-flydvb.mod.o
  CC [M]  drivers/media/rc/keymaps/rc-flyvideo.mod.o
  CC [M]  drivers/media/rc/keymaps/rc-fusionhdtv-mce.mod.o
  CC [M]  drivers/media/rc/keymaps/rc-gadmei-rm008z.mod.o
  CC [M]  drivers/media/rc/keymaps/rc-geekbox.mod.o
  CC [M]  drivers/media/rc/keymaps/rc-genius-tvgo-a11mce.mod.o
  CC [M]  drivers/media/rc/keymaps/rc-gotview7135.mod.o
  CC [M]  drivers/media/rc/keymaps/rc-hauppauge.mod.o
  CC [M]  drivers/media/rc/keymaps/rc-hisi-poplar.mod.o
  CC [M]  drivers/media/rc/keymaps/rc-hisi-tv-demo.mod.o
  CC [M]  drivers/media/rc/keymaps/rc-imon-mce.mod.o
  CC [M]  drivers/media/rc/keymaps/rc-imon-pad.mod.o
  CC [M]  drivers/media/rc/keymaps/rc-imon-rsc.mod.o
  CC [M]  drivers/media/rc/keymaps/rc-iodata-bctv7e.mod.o
  CC [M]  drivers/media/rc/keymaps/rc-it913x-v1.mod.o
  CC [M]  drivers/media/rc/keymaps/rc-it913x-v2.mod.o
  CC [M]  drivers/media/rc/keymaps/rc-kaiomy.mod.o
  CC [M]  drivers/media/rc/keymaps/rc-khadas.mod.o
  CC [M]  drivers/media/rc/keymaps/rc-khamsin.mod.o
  CC [M]  drivers/media/rc/keymaps/rc-kworld-315u.mod.o
  CC [M]  drivers/media/rc/keymaps/rc-kworld-pc150u.mod.o
  CC [M]  drivers/media/rc/keymaps/rc-kworld-plus-tv-analog.mod.o
  CC [M]  drivers/media/rc/keymaps/rc-leadtek-y04g0051.mod.o
  CC [M]  drivers/media/rc/keymaps/rc-lme2510.mod.o
  CC [M]  drivers/media/rc/keymaps/rc-manli.mod.o
  CC [M]  drivers/media/rc/keymaps/rc-mecool-kiii-pro.mod.o
  CC [M]  drivers/media/rc/keymaps/rc-mecool-kii-pro.mod.o
  CC [M]  drivers/media/rc/keymaps/rc-medion-x10-digitainer.mod.o
  CC [M]  drivers/media/rc/keymaps/rc-medion-x10.mod.o
  CC [M]  drivers/media/rc/keymaps/rc-medion-x10-or2x.mod.o
  CC [M]  drivers/media/rc/keymaps/rc-minix-neo.mod.o
  CC [M]  drivers/media/rc/keymaps/rc-msi-digivox-iii.mod.o
  CC [M]  drivers/media/rc/keymaps/rc-msi-digivox-ii.mod.o
  CC [M]  drivers/media/rc/keymaps/rc-msi-tvanywhere.mod.o
  CC [M]  drivers/media/rc/keymaps/rc-msi-tvanywhere-plus.mod.o
  CC [M]  drivers/media/rc/keymaps/rc-mygica-utv3.mod.o
  CC [M]  drivers/media/rc/keymaps/rc-nebula.mod.o
  CC [M]  drivers/media/rc/keymaps/rc-nec-terratec-cinergy-xs.mod.o
  CC [M]  drivers/media/rc/keymaps/rc-norwood.mod.o
  CC [M]  drivers/media/rc/keymaps/rc-npgtech.mod.o
  CC [M]  drivers/media/rc/keymaps/rc-odroid.mod.o
  CC [M]  drivers/media/rc/keymaps/rc-pctv-sedna.mod.o
  CC [M]  drivers/media/rc/keymaps/rc-pine64.mod.o
  CC [M]  drivers/media/rc/keymaps/rc-pinnacle-color.mod.o
  CC [M]  drivers/media/rc/keymaps/rc-pinnacle-grey.mod.o
  CC [M]  drivers/media/rc/keymaps/rc-pinnacle-pctv-hd.mod.o
  CC [M]  drivers/media/rc/keymaps/rc-pixelview-002t.mod.o
  CC [M]  drivers/media/rc/keymaps/rc-pixelview-mk12.mod.o
  CC [M]  drivers/media/rc/keymaps/rc-pixelview-new.mod.o
  CC [M]  drivers/media/rc/keymaps/rc-pixelview.mod.o
  CC [M]  drivers/media/rc/keymaps/rc-powercolor-real-angel.mod.o
  CC [M]  drivers/media/rc/keymaps/rc-proteus-2309.mod.o
  CC [M]  drivers/media/rc/keymaps/rc-purpletv.mod.o
  CC [M]  drivers/media/rc/keymaps/rc-pv951.mod.o
  CC [M]  drivers/media/rc/keymaps/rc-rc6-mce.mod.o
  CC [M]  drivers/media/rc/keymaps/rc-real-audio-220-32-keys.mod.o
  CC [M]  drivers/media/rc/keymaps/rc-reddo.mod.o
  CC [M]  drivers/media/rc/keymaps/rc-snapstream-firefly.mod.o
  CC [M]  drivers/media/rc/keymaps/rc-streamzap.mod.o
  CC [M]  drivers/media/rc/keymaps/rc-su3000.mod.o
  CC [M]  drivers/media/rc/keymaps/rc-tanix-tx3mini.mod.o
  CC [M]  drivers/media/rc/keymaps/rc-tanix-tx5max.mod.o
  CC [M]  drivers/media/rc/keymaps/rc-tbs-nec.mod.o
  CC [M]  drivers/media/rc/keymaps/rc-technisat-ts35.mod.o
  CC [M]  drivers/media/rc/keymaps/rc-technisat-usb2.mod.o
  CC [M]  drivers/media/rc/keymaps/rc-terratec-cinergy-c-pci.mod.o
  CC [M]  drivers/media/rc/keymaps/rc-terratec-cinergy-s2-hd.mod.o
  CC [M]  drivers/media/rc/keymaps/rc-terratec-cinergy-xs.mod.o
  CC [M]  drivers/media/rc/keymaps/rc-terratec-slim-2.mod.o
  CC [M]  drivers/media/rc/keymaps/rc-terratec-slim.mod.o
  CC [M]  drivers/media/rc/keymaps/rc-tevii-nec.mod.o
  CC [M]  drivers/media/rc/keymaps/rc-tivo.mod.o
  CC [M]  drivers/media/rc/keymaps/rc-total-media-in-hand-02.mod.o
  CC [M]  drivers/media/rc/keymaps/rc-total-media-in-hand.mod.o
  CC [M]  drivers/media/rc/keymaps/rc-trekstor.mod.o
  CC [M]  drivers/media/rc/keymaps/rc-tt-1500.mod.o
  CC [M]  drivers/media/rc/keymaps/rc-twinhan1027.mod.o
  CC [M]  drivers/media/rc/keymaps/rc-twinhan-dtv-cab-ci.mod.o
  CC [M]  drivers/media/rc/keymaps/rc-vega-s9x.mod.o
  CC [M]  drivers/media/rc/keymaps/rc-videomate-m1f.mod.o
  CC [M]  drivers/media/rc/keymaps/rc-videomate-s350.mod.o
  CC [M]  drivers/media/rc/keymaps/rc-videomate-tv-pvr.mod.o
  CC [M]  drivers/media/rc/keymaps/rc-videostrong-kii-pro.mod.o
  CC [M]  drivers/media/rc/keymaps/rc-wetek-hub.mod.o
  CC [M]  drivers/media/rc/keymaps/rc-wetek-play2.mod.o
  CC [M]  drivers/media/rc/keymaps/rc-winfast.mod.o
  CC [M]  drivers/media/rc/keymaps/rc-winfast-usbii-deluxe.mod.o
  CC [M]  drivers/media/rc/keymaps/rc-x96max.mod.o
  CC [M]  drivers/media/rc/keymaps/rc-xbox-360.mod.o
  CC [M]  drivers/media/rc/keymaps/rc-xbox-dvd.mod.o
  CC [M]  drivers/media/rc/keymaps/rc-zx-irdec.mod.o
  CC [M]  drivers/media/rc/rc-core.mod.o
  CC [M]  drivers/media/rc/gpio-ir-recv.mod.o
  CC [M]  drivers/media/rc/ir-spi.mod.o
  CC [M]  drivers/media/common/videobuf2/videobuf2-common.mod.o
  CC [M]  drivers/media/common/videobuf2/videobuf2-dma-contig.mod.o
  CC [M]  drivers/media/common/videobuf2/videobuf2-dma-sg.mod.o
  CC [M]  drivers/media/common/videobuf2/videobuf2-memops.mod.o
  CC [M]  drivers/media/common/videobuf2/videobuf2-v4l2.mod.o
  CC [M]  drivers/media/common/videobuf2/videobuf2-vmalloc.mod.o
  CC [M]  drivers/media/common/uvc.mod.o
  CC [M]  drivers/media/platform/cadence/cdns-csi2rx.mod.o
  CC [M]  drivers/media/platform/qcom/camss/qcom-camss.mod.o
  CC [M]  drivers/media/platform/qcom/venus/venus-core.mod.o
  CC [M]  drivers/media/platform/qcom/venus/venus-dec.mod.o
  CC [M]  drivers/media/platform/qcom/venus/venus-enc.mod.o
  CC [M]  drivers/media/usb/uvc/uvcvideo.mod.o
  CC [M]  drivers/media/mc/mc.mod.o
  CC [M]  drivers/media/v4l2-core/v4l2-async.mod.o
  CC [M]  drivers/media/v4l2-core/v4l2-fwnode.mod.o
  CC [M]  drivers/media/v4l2-core/v4l2-mem2mem.mod.o
  CC [M]  drivers/media/v4l2-core/v4l2-dv-timings.mod.o
  CC [M]  drivers/media/v4l2-core/videodev.mod.o
  CC [M]  drivers/media/cec/core/cec.mod.o
  CC [M]  drivers/power/reset/nvmem-reboot-mode.mod.o
  CC [M]  drivers/power/supply/qcom_battmgr.mod.o
  CC [M]  drivers/power/supply/max17042_battery.mod.o
  CC [M]  drivers/power/supply/mt6360_charger.mod.o
  CC [M]  drivers/power/supply/bq25890_charger.mod.o
  CC [M]  drivers/power/supply/bq25980_charger.mod.o
  CC [M]  drivers/power/supply/rk817_charger.mod.o
  CC [M]  drivers/power/sequencing/pwrseq-core.mod.o
  CC [M]  drivers/power/sequencing/pwrseq-qcom-wcn.mod.o
  CC [M]  drivers/hwmon/jc42.mod.o
  CC [M]  drivers/hwmon/lm75.mod.o
  CC [M]  drivers/thermal/qcom/qcom-spmi-adc-tm5.mod.o
  CC [M]  drivers/thermal/qcom/lmh.mod.o
  CC [M]  drivers/thermal/thermal-generic-adc.mod.o
  CC [M]  drivers/watchdog/qcom-wdt.mod.o
  CC [M]  drivers/watchdog/pm8916_wdt.mod.o
  CC [M]  drivers/cpufreq/cpufreq_conservative.mod.o
  CC [M]  drivers/cpufreq/cppc_cpufreq.mod.o
  CC [M]  drivers/ufs/host/cdns-pltfrm.mod.o
  CC [M]  drivers/firmware/cirrus/cs_dsp.mod.o
  CC [M]  drivers/firmware/google/coreboot_table.mod.o
  CC [M]  drivers/firmware/google/cbmem.mod.o
  CC [M]  drivers/crypto/hisilicon/hpre/hisi_hpre.mod.o
  CC [M]  drivers/crypto/hisilicon/sec2/hisi_sec2.mod.o
  CC [M]  drivers/crypto/hisilicon/hisi_qm.mod.o
  CC [M]  drivers/crypto/hisilicon/zip/hisi_zip.mod.o
  CC [M]  drivers/crypto/hisilicon/trng/hisi-trng-v2.mod.o
  CC [M]  drivers/crypto/qcom-rng.mod.o
  CC [M]  drivers/crypto/amlogic/amlogic-gxl-crypto.mod.o
  CC [M]  drivers/hid/uhid.mod.o
  CC [M]  drivers/hid/hid-generic.mod.o
  CC [M]  drivers/hid/hid-chicony.mod.o
  CC [M]  drivers/hid/hid-logitech.mod.o
  CC [M]  drivers/hid/hid-lg-g15.mod.o
  CC [M]  drivers/hid/hid-multitouch.mod.o
  CC [M]  drivers/hid/hid-nintendo.mod.o
  CC [M]  drivers/hid/hid-sony.mod.o
  CC [M]  drivers/hid/usbhid/usbhid.mod.o
  CC [M]  drivers/hid/i2c-hid/i2c-hid.mod.o
  CC [M]  drivers/hid/i2c-hid/i2c-hid-acpi.mod.o
  CC [M]  drivers/hid/i2c-hid/i2c-hid-of.mod.o
  CC [M]  drivers/hid/i2c-hid/i2c-hid-of-elan.mod.o
  CC [M]  drivers/staging/media/max96712/max96712.mod.o
  CC [M]  drivers/remoteproc/qcom_pil_info.mod.o
  CC [M]  drivers/remoteproc/qcom_common.mod.o
  CC [M]  drivers/remoteproc/qcom_q6v5.mod.o
  CC [M]  drivers/remoteproc/qcom_q6v5_adsp.mod.o
  CC [M]  drivers/remoteproc/qcom_q6v5_mss.mod.o
  CC [M]  drivers/remoteproc/qcom_q6v5_pas.mod.o
  CC [M]  drivers/remoteproc/qcom_sysmon.mod.o
  CC [M]  drivers/remoteproc/qcom_wcnss_pil.mod.o
  CC [M]  drivers/rpmsg/rpmsg_ctrl.mod.o
  CC [M]  drivers/rpmsg/qcom_glink_smem.mod.o
  CC [M]  drivers/devfreq/governor_passive.mod.o
  CC [M]  drivers/iio/adc/qcom-spmi-vadc.mod.o
  CC [M]  drivers/iio/adc/ti-ads1015.mod.o
  CC [M]  drivers/iio/buffer/industrialio-triggered-buffer.mod.o
  CC [M]  drivers/iio/buffer/kfifo_buf.mod.o
  CC [M]  drivers/iio/common/st_sensors/st_sensors_i2c.mod.o
  CC [M]  drivers/iio/common/st_sensors/st_sensors_spi.mod.o
  CC [M]  drivers/iio/common/st_sensors/st_sensors.mod.o
  CC [M]  drivers/iio/imu/st_lsm6dsx/st_lsm6dsx.mod.o
  CC [M]  drivers/iio/imu/st_lsm6dsx/st_lsm6dsx_i2c.mod.o
  CC [M]  drivers/iio/imu/st_lsm6dsx/st_lsm6dsx_spi.mod.o
  CC [M]  drivers/iio/light/vcnl4000.mod.o
  CC [M]  drivers/iio/magnetometer/st_magn.mod.o
  CC [M]  drivers/iio/magnetometer/st_magn_i2c.mod.o
  CC [M]  drivers/iio/magnetometer/st_magn_spi.mod.o
  NM      System.map
  CC [M]  drivers/perf/arm-cci.mod.o
  CC [M]  drivers/perf/arm-ccn.mod.o
  CC [M]  drivers/perf/arm-cmn.mod.o
  CC [M]  drivers/perf/arm_dsu_pmu.mod.o
  CC [M]  drivers/perf/arm_smmuv3_pmu.mod.o
  CC [M]  drivers/perf/arm_spe_pmu.mod.o
  CC [M]  drivers/perf/arm_dmc620_pmu.mod.o
  CC [M]  drivers/perf/arm_cspmu/arm_cspmu_module.mod.o
  CC [M]  drivers/perf/arm_cspmu/nvidia_cspmu.mod.o
  CC [M]  drivers/nvmem/layouts/sl28vpd.mod.o
  CC [M]  drivers/nvmem/nvmem_sec_qfprom.mod.o
  CC [M]  drivers/nvmem/nvmem_qcom-spmi-sdam.mod.o
  CC [M]  drivers/interconnect/qcom/qnoc-msm8916.mod.o
  CC [M]  drivers/interconnect/qcom/icc-osm-l3.mod.o
  CC [M]  drivers/bluetooth/hci_uart.mod.o
  SORTTAB vmlinux
  OBJCOPY arch/arm64/boot/Image
  CC [M]  drivers/bluetooth/btusb.mod.o
  CC [M]  drivers/bluetooth/btintel.mod.o
  CC [M]  drivers/bluetooth/btmrvl.mod.o
  CC [M]  drivers/bluetooth/btmrvl_sdio.mod.o
  CC [M]  drivers/bluetooth/btqcomsmd.mod.o
  CC [M]  drivers/bluetooth/btbcm.mod.o
  PAD     arch/arm64/boot/vmlinux.bin
  AS      arch/arm64/boot/zboot-header.o
  CC [M]  drivers/bluetooth/btrtl.mod.o
  CC [M]  drivers/bluetooth/btqca.mod.o
  GZIP    arch/arm64/boot/vmlinuz
  CC [M]  drivers/bluetooth/btmtk.mod.o
  CC [M]  drivers/bluetooth/btnxpuart.mod.o
  CC [M]  drivers/bluetooth/btrsi.mod.o
  CC [M]  drivers/soundwire/soundwire-bus.mod.o
  CC [M]  drivers/soundwire/soundwire-qcom.mod.o
  CC [M]  drivers/hwtracing/coresight/coresight.mod.o
  CC [M]  drivers/hwtracing/coresight/coresight-tmc.mod.o
  CC [M]  drivers/hwtracing/coresight/coresight-tpiu.mod.o
  CC [M]  drivers/hwtracing/coresight/coresight-etb10.mod.o
  CC [M]  drivers/hwtracing/coresight/coresight-funnel.mod.o
  CC [M]  drivers/hwtracing/coresight/coresight-replicator.mod.o
  CC [M]  drivers/hwtracing/coresight/coresight-stm.mod.o
  CC [M]  drivers/hwtracing/coresight/coresight-cpu-debug.mod.o
  CC [M]  drivers/hwtracing/coresight/coresight-catu.mod.o
  CC [M]  drivers/hwtracing/coresight/coresight-cti.mod.o
  CC [M]  drivers/hwtracing/stm/stm_core.mod.o
  CC [M]  drivers/mux/mux-core.mod.o
  CC [M]  drivers/mux/mux-gpio.mod.o
  CC [M]  drivers/mux/mux-mmio.mod.o
  CC [M]  drivers/gnss/gnss.mod.o
  CC [M]  drivers/counter/counter.mod.o
  CC [M]  sound/core/snd-hwdep.mod.o
  CC [M]  sound/core/snd-rawmidi.mod.o
  CC [M]  sound/drivers/snd-aloop.mod.o
  CC [M]  sound/usb/snd-usb-audio.mod.o
  CC [M]  sound/usb/snd-usbmidi-lib.mod.o
  CC [M]  sound/soc/codecs/snd-soc-ak4619.mod.o
  CC [M]  sound/soc/codecs/snd-soc-bt-sco.mod.o
  CC [M]  sound/soc/codecs/snd-soc-cs35l41.mod.o
  CC [M]  sound/soc/codecs/snd-soc-cs35l41-lib.mod.o
  CC [M]  sound/soc/codecs/snd-soc-cs35l41-i2c.mod.o
  CC [M]  sound/soc/codecs/snd-soc-da7213.mod.o
  CC [M]  sound/soc/codecs/snd-soc-dmic.mod.o
  CC [M]  sound/soc/codecs/snd-soc-es8316.mod.o
  CC [M]  sound/soc/codecs/snd-soc-max98927.mod.o
  CC [M]  sound/soc/codecs/snd-soc-max98390.mod.o
  CC [M]  sound/soc/codecs/snd-soc-msm8916-analog.mod.o
  CC [M]  sound/soc/codecs/snd-soc-msm8916-digital.mod.o
  CC [M]  sound/soc/codecs/snd-soc-mt6357.mod.o
  CC [M]  sound/soc/codecs/snd-soc-mt6358.mod.o
  CC [M]  sound/soc/codecs/snd-soc-nau8822.mod.o
  CC [M]  sound/soc/codecs/snd-soc-rk817.mod.o
  CC [M]  sound/soc/codecs/snd-soc-rl6231.mod.o
  CC [M]  sound/soc/codecs/snd-soc-rt5640.mod.o
  CC [M]  sound/soc/codecs/snd-soc-rt5663.mod.o
  CC [M]  sound/soc/codecs/snd-soc-sgtl5000.mod.o
  CC [M]  sound/soc/codecs/snd-soc-spdif-rx.mod.o
  CC [M]  sound/soc/codecs/snd-soc-spdif-tx.mod.o
  CC [M]  sound/soc/codecs/snd-soc-tas2552.mod.o
  CC [M]  sound/soc/codecs/snd-soc-tlv320aic31xx.mod.o
  CC [M]  sound/soc/codecs/snd-soc-tlv320aic32x4.mod.o
  CC [M]  sound/soc/codecs/snd-soc-tlv320aic32x4-i2c.mod.o
  CC [M]  sound/soc/codecs/snd-soc-tlv320aic3x.mod.o
  CC [M]  sound/soc/codecs/snd-soc-tlv320aic3x-i2c.mod.o
  CC [M]  sound/soc/codecs/snd-soc-ts3a227e.mod.o
  CC [M]  sound/soc/codecs/snd-soc-wcd-classh.mod.o
  CC [M]  sound/soc/codecs/snd-soc-wcd-mbhc.mod.o
  CC [M]  sound/soc/codecs/snd-soc-wcd9335.mod.o
  CC [M]  sound/soc/codecs/snd-soc-wcd934x.mod.o
  CC [M]  sound/soc/codecs/snd-soc-wcd938x.mod.o
  CC [M]  sound/soc/codecs/snd-soc-wcd938x-sdw.mod.o
  CC [M]  sound/soc/codecs/snd-soc-wcd939x.mod.o
  CC [M]  sound/soc/codecs/snd-soc-wcd939x-sdw.mod.o
  CC [M]  sound/soc/codecs/snd-soc-wm8524.mod.o
  CC [M]  sound/soc/codecs/snd-soc-wm8978.mod.o
  CC [M]  sound/soc/codecs/snd-soc-wm-adsp.mod.o
  CC [M]  sound/soc/codecs/snd-soc-wsa881x.mod.o
  CC [M]  sound/soc/codecs/snd-soc-wsa883x.mod.o
  CC [M]  sound/soc/codecs/snd-soc-wsa884x.mod.o
  CC [M]  sound/soc/codecs/snd-soc-lpass-macro-common.mod.o
  CC [M]  sound/soc/codecs/snd-soc-lpass-wsa-macro.mod.o
  CC [M]  sound/soc/codecs/snd-soc-lpass-va-macro.mod.o
  CC [M]  sound/soc/codecs/snd-soc-lpass-rx-macro.mod.o
  CC [M]  sound/soc/codecs/snd-soc-lpass-tx-macro.mod.o
  CC [M]  sound/soc/codecs/snd-soc-simple-mux.mod.o
  CC [M]  sound/soc/generic/snd-soc-simple-card-utils.mod.o
  CC [M]  sound/soc/generic/snd-soc-audio-graph-card2.mod.o
  CC [M]  sound/soc/fsl/snd-soc-fsl-ssi.mod.o
  CC [M]  sound/soc/fsl/snd-soc-fsl-esai.mod.o
  CC [M]  sound/soc/fsl/snd-soc-imx-audmux.mod.o
  CC [M]  sound/soc/qcom/snd-soc-lpass-cpu.mod.o
  CC [M]  sound/soc/qcom/snd-soc-lpass-platform.mod.o
  CC [M]  sound/soc/qcom/snd-soc-lpass-apq8016.mod.o
  CC [M]  sound/soc/qcom/snd-soc-apq8016-sbc.mod.o
  CC [M]  sound/soc/qcom/snd-soc-apq8096.mod.o
  CC [M]  sound/soc/qcom/snd-soc-sc8280xp.mod.o
  CC [M]  sound/soc/qcom/snd-soc-sdm845.mod.o
  CC [M]  sound/soc/qcom/snd-soc-sm8250.mod.o
  CC [M]  sound/soc/qcom/snd-soc-qcom-common.mod.o
  CC [M]  sound/soc/qcom/snd-soc-qcom-sdw.mod.o
  CC [M]  sound/soc/qcom/snd-soc-x1e80100.mod.o
  CC [M]  net/802/p8022.mod.o
  CC [M]  net/802/psnap.mod.o
  CC [M]  net/802/stp.mod.o
  CC [M]  net/802/garp.mod.o
  CC [M]  net/802/mrp.mod.o
  CC [M]  net/sched/cls_cgroup.mod.o
  CC [M]  net/netlink/netlink_diag.mod.o
  CC [M]  net/netfilter/nfnetlink.mod.o
  CC [M]  net/netfilter/nf_conntrack.mod.o
  CC [M]  net/netfilter/nf_log_syslog.mod.o
  CC [M]  net/netfilter/nf_nat.mod.o
  CC [M]  net/netfilter/nf_tables.mod.o
  CC [M]  net/netfilter/nft_ct.mod.o
  CC [M]  net/netfilter/nft_limit.mod.o
  CC [M]  net/netfilter/nft_nat.mod.o
  CC [M]  net/netfilter/nft_reject.mod.o
  CC [M]  net/netfilter/nft_reject_inet.mod.o
  CC [M]  net/netfilter/nft_log.mod.o
  CC [M]  net/netfilter/nft_masq.mod.o
  CC [M]  net/netfilter/nft_fib.mod.o
  CC [M]  net/netfilter/nft_chain_nat.mod.o
  CC [M]  net/netfilter/x_tables.mod.o
  CC [M]  net/netfilter/xt_tcpudp.mod.o
  CC [M]  net/netfilter/xt_mark.mod.o
  CC [M]  net/netfilter/xt_nat.mod.o
  CC [M]  net/netfilter/xt_CHECKSUM.mod.o
  CC [M]  net/netfilter/xt_LOG.mod.o
  CC [M]  net/netfilter/xt_REDIRECT.mod.o
  CC [M]  net/netfilter/xt_MASQUERADE.mod.o
  CC [M]  net/netfilter/xt_TCPMSS.mod.o
  CC [M]  net/netfilter/xt_addrtype.mod.o
  CC [M]  net/netfilter/xt_comment.mod.o
  CC [M]  net/netfilter/xt_conntrack.mod.o
  CC [M]  net/netfilter/xt_ipvs.mod.o
  CC [M]  net/netfilter/xt_tcpmss.mod.o
  CC [M]  net/netfilter/ipvs/ip_vs.mod.o
  CC [M]  net/netfilter/ipvs/ip_vs_rr.mod.o
  CC [M]  net/ipv4/netfilter/nf_defrag_ipv4.mod.o
  CC [M]  net/ipv4/netfilter/nf_reject_ipv4.mod.o
  CC [M]  net/ipv4/netfilter/nft_reject_ipv4.mod.o
  CC [M]  net/ipv4/netfilter/nft_fib_ipv4.mod.o
  CC [M]  net/ipv4/netfilter/ip_tables.mod.o
  CC [M]  net/ipv4/netfilter/iptable_filter.mod.o
  CC [M]  net/ipv4/netfilter/iptable_mangle.mod.o
  CC [M]  net/ipv4/netfilter/iptable_nat.mod.o
  CC [M]  net/ipv4/netfilter/ipt_REJECT.mod.o
  CC [M]  net/ipv4/ip_tunnel.mod.o
  CC [M]  net/ipv4/udp_tunnel.mod.o
  CC [M]  net/ipv4/tunnel4.mod.o
  CC [M]  net/ipv4/tcp_bic.mod.o
  CC [M]  net/ipv4/tcp_htcp.mod.o
  CC [M]  net/ipv6/netfilter/ip6_tables.mod.o
  CC [M]  net/ipv6/netfilter/ip6table_filter.mod.o
  CC [M]  net/ipv6/netfilter/ip6table_mangle.mod.o
  CC [M]  net/ipv6/netfilter/ip6table_nat.mod.o
  CC [M]  net/ipv6/netfilter/nf_defrag_ipv6.mod.o
  CC [M]  net/ipv6/netfilter/nf_reject_ipv6.mod.o
  OBJCOPY arch/arm64/boot/vmlinuz.o
  CC [M]  net/ipv6/netfilter/nft_reject_ipv6.mod.o
  CC [M]  net/ipv6/netfilter/nft_fib_ipv6.mod.o
  CC [M]  net/ipv6/netfilter/ip6t_REJECT.mod.o
  CC [M]  net/ipv6/ipv6.mod.o
  CC [M]  net/ipv6/sit.mod.o
  CC [M]  net/ipv6/ip6_udp_tunnel.mod.o
  CC [M]  net/8021q/8021q.mod.o
  CC [M]  net/wireless/cfg80211.mod.o
  LD      arch/arm64/boot/vmlinuz.efi.elf
  CC [M]  net/llc/llc.mod.o
  CC [M]  net/bridge/bridge.mod.o
  OBJCOPY arch/arm64/boot/vmlinuz.efi
  CC [M]  net/bridge/br_netfilter.mod.o
  CC [M]  net/bluetooth/bluetooth.mod.o
  CC [M]  net/bluetooth/hidp/hidp.mod.o
  CC [M]  net/mac80211/mac80211.mod.o
  CC [M]  net/rfkill/rfkill.mod.o
  CC [M]  net/nfc/nfc.mod.o
  CC [M]  net/nfc/nci/nci.mod.o
  CC [M]  net/qrtr/qrtr.mod.o
  CC [M]  net/qrtr/qrtr-smd.mod.o
  CC [M]  net/qrtr/qrtr-tun.mod.o
  CC [M]  net/qrtr/qrtr-mhi.mod.o
  CC [M]  drivers/input/touchscreen/focaltech_fts5452.mod.o
  LD [M]  arch/arm64/crypto/sha512-ce.ko
  LD [M]  arch/arm64/crypto/sha3-ce.ko
  LD [M]  arch/arm64/crypto/sm3-ce.ko
  LD [M]  arch/arm64/crypto/crct10dif-ce.ko
  LD [M]  arch/arm64/crypto/aes-neon-blk.ko
  LD [M]  arch/arm64/crypto/sha512-arm64.ko
  LD [M]  arch/arm64/crypto/chacha-neon.ko
  LD [M]  arch/arm64/crypto/poly1305-neon.ko
  LD [M]  arch/arm64/crypto/aes-neon-bs.ko
  LD [M]  mm/zsmalloc.ko
  LD [M]  fs/binfmt_misc.ko
  LD [M]  fs/exfat/exfat.ko
  LD [M]  fs/fuse/fuse.ko
  LD [M]  fs/fuse/cuse.ko
  LD [M]  fs/overlayfs/overlay.ko
  LD [M]  crypto/crypto_engine.ko
  LD [M]  crypto/sm3.ko
  LD [M]  crypto/sm3_generic.ko
  LD [M]  crypto/des_generic.ko
  LD [M]  crypto/sm4.ko
  LD [M]  crypto/sm4_generic.ko
  LD [M]  crypto/deflate.ko
  LD [M]  crypto/michael_mic.ko
  LD [M]  crypto/lzo.ko
  LD [M]  crypto/lzo-rle.ko
  LD [M]  crypto/lz4.ko
  LD [M]  crypto/tcrypt.ko
  LD [M]  crypto/algif_hash.ko
  LD [M]  crypto/algif_skcipher.ko
  LD [M]  crypto/algif_rng.ko
  LD [M]  crypto/zstd.ko
  LD [M]  crypto/ecc.ko
  LD [M]  crypto/curve25519-generic.ko
  LD [M]  crypto/ecdh_generic.ko
  LD [M]  lib/crypto/libchacha.ko
  LD [M]  lib/crypto/libarc4.ko
  LD [M]  lib/crypto/libchacha20poly1305.ko
  LD [M]  lib/crypto/libcurve25519-generic.ko
  LD [M]  lib/crypto/libcurve25519.ko
  LD [M]  lib/crypto/libdes.ko
  LD [M]  lib/lz4/lz4_compress.ko
  LD [M]  lib/crc-ccitt.ko
  LD [M]  drivers/bus/mhi/host/mhi.ko
  LD [M]  drivers/bus/mhi/host/mhi_pci_generic.ko
  LD [M]  drivers/phy/cadence/phy-cadence-torrent.ko
  LD [M]  drivers/phy/cadence/cdns-dphy-rx.ko
  LD [M]  drivers/phy/cadence/phy-cadence-sierra.ko
  LD [M]  drivers/phy/cadence/phy-cadence-salvo.ko
  LD [M]  drivers/phy/qualcomm/phy-qcom-edp.ko
  LD [M]  drivers/phy/qualcomm/phy-qcom-m31.ko
  LD [M]  drivers/phy/qualcomm/phy-qcom-pcie2.ko
  LD [M]  drivers/phy/qualcomm/phy-qcom-qmp-pcie-msm8996.ko
  LD [M]  drivers/phy/qualcomm/phy-qcom-sgmii-eth.ko
  LD [M]  drivers/phy/phy-can-transceiver.ko
  LD [M]  drivers/pinctrl/qcom/pinctrl-sc7280-lpass-lpi.ko
  LD [M]  drivers/pinctrl/qcom/pinctrl-sm6115-lpass-lpi.ko
  LD [M]  drivers/pinctrl/qcom/pinctrl-sm8350-lpass-lpi.ko
  LD [M]  drivers/pinctrl/qcom/pinctrl-sm8450-lpass-lpi.ko
  LD [M]  drivers/pinctrl/qcom/pinctrl-sm8550-lpass-lpi.ko
  LD [M]  drivers/pinctrl/qcom/pinctrl-sc8280xp-lpass-lpi.ko
  LD [M]  drivers/pinctrl/qcom/pinctrl-sm8650-lpass-lpi.ko
  LD [M]  drivers/pinctrl/pinctrl-da9062.ko
  LD [M]  drivers/pinctrl/pinctrl-rk805.ko
  LD [M]  drivers/pinctrl/pinctrl-tps6594.ko
  LD [M]  drivers/gpio/gpio-regmap.ko
  LD [M]  drivers/gpio/gpio-adp5585.ko
  LD [M]  drivers/gpio/gpio-pcf857x.ko
  LD [M]  drivers/gpio/gpio-aggregator.ko
  LD [M]  drivers/gpio/gpio-wcd934x.ko
  LD [M]  drivers/pwm/pwm-adp5585.ko
  LD [M]  drivers/leds/flash/leds-qcom-flash.ko
  LD [M]  drivers/leds/led-class-multicolor.ko
  LD [M]  drivers/leds/leds-lm3692x.ko
  LD [M]  drivers/leds/leds-pca9532.ko
  LD [M]  drivers/leds/rgb/leds-qcom-lpg.ko
  LD [M]  drivers/pci/pwrctrl/pci-pwrctrl-core.ko
  LD [M]  drivers/pci/pwrctrl/pci-pwrctrl-pwrseq.ko
  LD [M]  drivers/pci/endpoint/functions/pci-epf-test.ko
  LD [M]  drivers/pci/controller/dwc/pci-meson.ko
  LD [M]  drivers/video/backlight/pwm_bl.ko
  LD [M]  drivers/char/ipmi/ipmi_msghandler.ko
  LD [M]  drivers/char/ipmi/ipmi_devintf.ko
  LD [M]  drivers/char/ipmi/ipmi_si.ko
  LD [M]  drivers/clk/qcom/camcc-x1e80100.ko
  LD [M]  drivers/clk/qcom/dispcc-x1e80100.ko
  LD [M]  drivers/clk/qcom/gpucc-x1e80100.ko
  LD [M]  drivers/clk/qcom/mmcc-msm8994.ko
  LD [M]  drivers/clk/qcom/mmcc-msm8996.ko
  LD [M]  drivers/clk/qcom/mmcc-msm8998.ko
  LD [M]  drivers/clk/qcom/dispcc-qcm2290.ko
  LD [M]  drivers/clk/qcom/camcc-sc7280.ko
  LD [M]  drivers/clk/qcom/camcc-sc8280xp.ko
  LD [M]  drivers/clk/qcom/dispcc-sc7280.ko
  LD [M]  drivers/clk/qcom/dispcc-sc8280xp.ko
  LD [M]  drivers/clk/qcom/gpucc-sa8775p.ko
  LD [M]  drivers/clk/qcom/gcc-sc8280xp.ko
  LD [M]  drivers/clk/qcom/gpucc-sc7280.ko
  LD [M]  drivers/clk/qcom/gpucc-sc8280xp.ko
  LD [M]  drivers/clk/qcom/lpasscc-sc8280xp.ko
  LD [M]  drivers/clk/qcom/lpasscorecc-sc7280.ko
  LD [M]  drivers/clk/qcom/lpassaudiocc-sc7280.ko
  LD [M]  drivers/clk/qcom/videocc-sc7280.ko
  LD [M]  drivers/clk/qcom/camcc-sdm845.ko
  LD [M]  drivers/clk/qcom/lpasscc-sdm845.ko
  LD [M]  drivers/clk/qcom/dispcc-sm6115.ko
  LD [M]  drivers/clk/qcom/dispcc-sm8550.ko
  LD [M]  drivers/clk/qcom/gcc-sm8350.ko
  LD [M]  drivers/clk/qcom/gcc-sm8450.ko
  LD [M]  drivers/clk/qcom/gpucc-sm6115.ko
  LD [M]  drivers/clk/qcom/gpucc-sm8350.ko
  LD [M]  drivers/clk/qcom/gpucc-sm8450.ko
  LD [M]  drivers/clk/qcom/gpucc-sm8550.ko
  LD [M]  drivers/clk/qcom/gpucc-sm8650.ko
  LD [M]  drivers/dma/dw-edma/dw-edma.ko
  LD [M]  drivers/soc/qcom/qcom_pd_mapper.ko
  LD [M]  drivers/soc/qcom/spm.ko
  LD [M]  drivers/soc/qcom/qcom_stats.ko
  LD [M]  drivers/soc/qcom/wcnss_ctrl.ko
  LD [M]  drivers/xen/xen-pciback/xen-pciback.ko
  LD [M]  drivers/soc/qcom/qcom-pbs.ko
  LD [M]  drivers/regulator/da9211-regulator.ko
  LD [M]  drivers/regulator/lp873x-regulator.ko
  LD [M]  drivers/regulator/max20411-regulator.ko
  LD [M]  drivers/regulator/qcom-refgen-regulator.ko
  LD [M]  drivers/regulator/mt6315-regulator.ko
  LD [M]  drivers/regulator/tps6594-regulator.ko
  LD [M]  drivers/regulator/qcom_usb_vbus-regulator.ko
  LD [M]  drivers/reset/reset-gpio.ko
  LD [M]  drivers/reset/reset-qcom-pdc.ko
  LD [M]  drivers/gpu/drm/arm/hdlcd.ko
  LD [M]  drivers/gpu/drm/arm/display/komeda/komeda.ko
  LD [M]  drivers/gpu/drm/i2c/ch7006.ko
  LD [M]  drivers/gpu/drm/i2c/sil164.ko
  LD [M]  drivers/gpu/drm/panel/panel-boe-tv101wum-nl6.ko
  LD [M]  drivers/gpu/drm/panel/panel-simple.ko
  LD [M]  drivers/gpu/drm/panel/panel-edp.ko
  LD [M]  drivers/gpu/drm/panel/panel-ilitek-ili9882t.ko
  LD [M]  drivers/gpu/drm/panel/panel-khadas-ts050.ko
  LD [M]  drivers/gpu/drm/panel/panel-novatek-nt36672e.ko
  LD [M]  drivers/gpu/drm/panel/panel-mantix-mlaf057we51.ko
  LD [M]  drivers/gpu/drm/panel/panel-samsung-ams667xx01.ko
  LD [M]  drivers/gpu/drm/panel/panel-samsung-atna33xc20.ko
  LD [M]  drivers/gpu/drm/panel/panel-visionox-vtdr6130.ko
  LD [M]  drivers/gpu/drm/bridge/analogix/anx7625.ko
  LD [M]  drivers/gpu/drm/panel/panel-truly-nt35597.ko
  LD [M]  drivers/gpu/drm/bridge/cadence/cdns-mhdp8546.ko
  LD [M]  drivers/gpu/drm/bridge/lontium-lt8912b.ko
  LD [M]  drivers/gpu/drm/bridge/display-connector.ko
  LD [M]  drivers/gpu/drm/bridge/lontium-lt9611.ko
  LD [M]  drivers/gpu/drm/bridge/lontium-lt9611uxc.ko
  LD [M]  drivers/gpu/drm/bridge/samsung-dsim.ko
  LD [M]  drivers/gpu/drm/bridge/simple-bridge.ko
  LD [M]  drivers/gpu/drm/bridge/tc358767.ko
  LD [M]  drivers/gpu/drm/bridge/tc358768.ko
  LD [M]  drivers/gpu/drm/bridge/adv7511/adv7511.ko
  LD [M]  drivers/gpu/drm/bridge/ti-sn65dsi83.ko
  LD [M]  drivers/gpu/drm/bridge/ti-sn65dsi86.ko
  LD [M]  drivers/gpu/drm/bridge/ite-it66121.ko
  LD [M]  drivers/gpu/drm/gud/gud.ko
  LD [M]  drivers/gpu/drm/drm_dma_helper.ko
  LD [M]  drivers/gpu/drm/bridge/ti-tfp410.ko
  LD [M]  drivers/base/regmap/regmap-slimbus.ko
  LD [M]  drivers/base/regmap/regmap-sdw.ko
  LD [M]  drivers/block/nbd.ko
  LD [M]  drivers/block/zram/zram.ko
  LD [M]  drivers/misc/qcom-coincell.ko
  LD [M]  drivers/misc/pci_endpoint_test.ko
  LD [M]  drivers/misc/tps6594-esm.ko
  LD [M]  drivers/mfd/lp873x.ko
  LD [M]  drivers/misc/tps6594-pfsm.ko
  LD [M]  drivers/mfd/wcd934x.ko
  LD [M]  drivers/mfd/wm8994.ko
  LD [M]  drivers/mfd/tps6594-i2c.ko
  LD [M]  drivers/mfd/tps6594-core.ko
  LD [M]  drivers/mfd/da9062-core.ko
  LD [M]  drivers/mfd/adp5585.ko
  LD [M]  drivers/nfc/nxp-nci/nxp-nci.ko
  LD [M]  drivers/nfc/nxp-nci/nxp-nci_i2c.ko
  LD [M]  drivers/nfc/s3fwrn5/s3fwrn5.ko
  LD [M]  drivers/nfc/s3fwrn5/s3fwrn5_i2c.ko
  LD [M]  drivers/scsi/raid_class.ko
  LD [M]  drivers/spi/spidev.ko
  LD [M]  drivers/slimbus/slim-qcom-ngd-ctrl.ko
  LD [M]  drivers/net/phy/phylink.ko
  LD [M]  drivers/net/phy/bcm54140.ko
  LD [M]  drivers/net/phy/ax88796b.ko
  LD [M]  drivers/net/phy/bcm7xxx.ko
  LD [M]  drivers/net/phy/bcm-phy-lib.ko
  LD [M]  drivers/net/phy/broadcom.ko
  LD [M]  drivers/net/phy/dp83869.ko
  LD [M]  drivers/net/phy/marvell.ko
  LD [M]  drivers/net/phy/microchip.ko
  LD [M]  drivers/net/phy/realtek.ko
  LD [M]  drivers/net/phy/smsc.ko
  LD [M]  drivers/net/pcs/pcs_xpcs.ko
  LD [M]  drivers/net/ethernet/broadcom/genet/genet.ko
  LD [M]  drivers/net/ethernet/broadcom/bcmsysport.ko
  LD [M]  drivers/net/ethernet/qualcomm/emac/qcom-emac.ko
  LD [M]  drivers/net/ethernet/qualcomm/rmnet/rmnet.ko
  LD [M]  drivers/net/ethernet/realtek/r8169.ko
  LD [M]  drivers/net/wireless/ath/ath10k/ath10k_core.ko
  LD [M]  drivers/net/wireless/ath/ath10k/ath10k_sdio.ko
  LD [M]  drivers/net/wireless/ath/ath10k/ath10k_snoc.ko
  LD [M]  drivers/net/wireless/ath/wcn36xx/wcn36xx.ko
  LD [M]  drivers/net/wireless/ath/ath11k/ath11k.ko
  LD [M]  drivers/net/wireless/ath/ath11k/ath11k_ahb.ko
  LD [M]  drivers/net/wireless/ath/ath11k/ath11k_pci.ko
  LD [M]  drivers/net/wireless/ath/ath12k/ath12k.ko
  LD [M]  drivers/net/wireless/ath/ath.ko
  LD [M]  drivers/net/wireless/intel/iwlwifi/dvm/iwldvm.ko
  LD [M]  drivers/net/wireless/intel/iwlwifi/mvm/iwlmvm.ko
  LD [M]  drivers/net/wireless/marvell/mwifiex/mwifiex.ko
  LD [M]  drivers/net/wireless/marvell/mwifiex/mwifiex_sdio.ko
  LD [M]  drivers/net/wireless/intel/iwlwifi/iwlwifi.ko
  LD [M]  drivers/net/wireless/marvell/mwifiex/mwifiex_pcie.ko
  LD [M]  drivers/net/wireless/mediatek/mt76/mt76.ko
  LD [M]  drivers/net/wireless/mediatek/mt76/mt76-connac-lib.ko
  LD [M]  drivers/net/wireless/mediatek/mt76/mt792x-lib.ko
  LD [M]  drivers/net/wireless/mediatek/mt76/mt7921/mt7921e.ko
  LD [M]  drivers/net/wireless/rsi/rsi_91x.ko
  LD [M]  drivers/net/wireless/rsi/rsi_sdio.ko
  LD [M]  drivers/net/wireless/mediatek/mt76/mt7921/mt7921-common.ko
  LD [M]  drivers/net/wireless/rsi/rsi_usb.ko
  LD [M]  drivers/net/usb/rtl8150.ko
  LD [M]  drivers/net/usb/r8152.ko
  LD [M]  drivers/net/usb/pegasus.ko
  LD [M]  drivers/net/usb/lan78xx.ko
  LD [M]  drivers/net/usb/asix.ko
  LD [M]  drivers/net/usb/ax88179_178a.ko
  LD [M]  drivers/net/usb/dm9601.ko
  LD [M]  drivers/net/usb/sr9800.ko
  LD [M]  drivers/net/usb/smsc75xx.ko
  LD [M]  drivers/net/usb/smsc95xx.ko
  LD [M]  drivers/net/usb/net1080.ko
  LD [M]  drivers/net/usb/cdc_subset.ko
  LD [M]  drivers/net/usb/r8153_ecm.ko
  LD [M]  drivers/net/usb/zaurus.ko
  LD [M]  drivers/net/dummy.ko
  LD [M]  drivers/net/usb/mcs7830.ko
  LD [M]  drivers/net/ipvlan/ipvlan.ko
  LD [M]  drivers/net/wireguard/wireguard.ko
  LD [M]  drivers/net/macvlan.ko
  LD [M]  drivers/net/macvtap.ko
  LD [M]  drivers/net/tap.ko
  LD [M]  drivers/net/veth.ko
  LD [M]  drivers/net/vxlan/vxlan.ko
  LD [M]  drivers/net/mhi_net.ko
  LD [M]  drivers/net/ipa/ipa.ko
  LD [M]  drivers/net/wwan/wwan.ko
  LD [M]  drivers/net/wwan/mhi_wwan_ctrl.ko
  LD [M]  drivers/net/wwan/mhi_wwan_mbim.ko
  LD [M]  drivers/usb/misc/qcom_eud.ko
  LD [M]  drivers/usb/misc/onboard_usb_dev.ko
  LD [M]  drivers/usb/typec/ucsi/ucsi_ccg.ko
  LD [M]  drivers/usb/gadget/legacy/g_mass_storage.ko
  LD [M]  drivers/usb/gadget/legacy/gadgetfs.ko
  LD [M]  drivers/usb/typec/mux/nb7vpq904m.ko
  LD [M]  drivers/usb/typec/mux/wcd939x-usbss.ko
  LD [M]  drivers/usb/typec/mux/gpio-sbu-mux.ko
  LD [M]  drivers/usb/cdns3/cdns-usb-common.ko
  LD [M]  drivers/usb/typec/tipd/tps6598x.ko
  LD [M]  drivers/usb/cdns3/cdns3.ko
  LD [M]  drivers/usb/cdns3/cdns3-pci-wrap.ko
  LD [M]  drivers/usb/class/cdc-acm.ko
  LD [M]  drivers/usb/serial/usbserial.ko
  LD [M]  drivers/usb/serial/cp210x.ko
  LD [M]  drivers/usb/serial/option.ko
  LD [M]  drivers/usb/serial/ftdi_sio.ko
  LD [M]  drivers/usb/serial/usb_wwan.ko
  LD [M]  drivers/input/keyboard/gpio_keys_polled.ko
  LD [M]  drivers/input/mouse/elan_i2c.ko
  LD [M]  drivers/input/touchscreen/edt-ft5x06.ko
  LD [M]  drivers/input/touchscreen/elants_i2c.ko
  LD [M]  drivers/input/touchscreen/goodix_berlin_core.ko
  LD [M]  drivers/input/touchscreen/goodix_ts.ko
  LD [M]  drivers/input/touchscreen/goodix_berlin_spi.ko
  LD [M]  drivers/input/touchscreen/focaltech_ts.ko
  LD [M]  drivers/input/misc/da9063_onkey.ko
  LD [M]  drivers/input/misc/pm8xxx-vibrator.ko
  LD [M]  drivers/input/misc/pwm-beeper.ko
  LD [M]  drivers/input/misc/pwm-vibra.ko
  LD [M]  drivers/input/misc/rk805-pwrkey.ko
  LD [M]  drivers/input/misc/tps65219-pwrbutton.ko
  LD [M]  drivers/input/misc/uinput.ko
  LD [M]  drivers/input/joydev.ko
  LD [M]  drivers/rtc/rtc-bq32k.ko
  LD [M]  drivers/rtc/rtc-da9063.ko
  LD [M]  drivers/rtc/rtc-isl1208.ko
  LD [M]  drivers/rtc/rtc-pcf85063.ko
  LD [M]  drivers/rtc/rtc-pcf8563.ko
  LD [M]  drivers/rtc/rtc-pm8xxx.ko
  LD [M]  drivers/rtc/rtc-tps6594.ko
  LD [M]  drivers/i2c/algos/i2c-algo-bit.ko
  LD [M]  drivers/i2c/busses/i2c-cadence.ko
  LD [M]  drivers/i2c/busses/i2c-gpio.ko
  LD [M]  drivers/i2c/busses/i2c-qcom-cci.ko
  LD [M]  drivers/media/i2c/dw9800.ko
  LD [M]  drivers/media/i2c/imx355.ko
  LD [M]  drivers/media/i2c/imx412.ko
  LD [M]  drivers/media/i2c/imx582.ko
  LD [M]  drivers/media/i2c/ir-kbd-i2c.ko
  LD [M]  drivers/media/i2c/ov5640.ko
  LD [M]  drivers/media/i2c/s5k5e9.ko
  LD [M]  drivers/media/rc/keymaps/rc-adstech-dvb-t-pci.ko
  LD [M]  drivers/media/rc/keymaps/rc-alink-dtu-m.ko
  LD [M]  drivers/media/rc/keymaps/rc-anysee.ko
  LD [M]  drivers/media/rc/keymaps/rc-apac-viewcomp.ko
  LD [M]  drivers/media/rc/keymaps/rc-astrometa-t2hybrid.ko
  LD [M]  drivers/media/rc/keymaps/rc-asus-pc39.ko
  LD [M]  drivers/media/rc/keymaps/rc-asus-ps3-100.ko
  LD [M]  drivers/media/rc/keymaps/rc-ati-tv-wonder-hd-600.ko
  LD [M]  drivers/media/rc/keymaps/rc-ati-x10.ko
  LD [M]  drivers/media/rc/keymaps/rc-avermedia-a16d.ko
  LD [M]  drivers/media/rc/keymaps/rc-avermedia-cardbus.ko
  LD [M]  drivers/media/rc/keymaps/rc-avermedia-dvbt.ko
  LD [M]  drivers/media/rc/keymaps/rc-avermedia-m135a.ko
  LD [M]  drivers/media/rc/keymaps/rc-avermedia-m733a-rm-k6.ko
  LD [M]  drivers/media/rc/keymaps/rc-avermedia.ko
  LD [M]  drivers/media/rc/keymaps/rc-avermedia-rm-ks.ko
  LD [M]  drivers/media/rc/keymaps/rc-avertv-303.ko
  LD [M]  drivers/media/rc/keymaps/rc-azurewave-ad-tu700.ko
  LD [M]  drivers/media/rc/keymaps/rc-beelink-gs1.ko
  LD [M]  drivers/media/rc/keymaps/rc-beelink-mxiii.ko
  LD [M]  drivers/media/rc/keymaps/rc-behold-columbus.ko
  LD [M]  drivers/media/rc/keymaps/rc-behold.ko
  LD [M]  drivers/media/rc/keymaps/rc-budget-ci-old.ko
  LD [M]  drivers/media/rc/keymaps/rc-cinergy-1400.ko
  LD [M]  drivers/media/rc/keymaps/rc-cinergy.ko
  LD [M]  drivers/media/rc/keymaps/rc-ct-90405.ko
  LD [M]  drivers/media/rc/keymaps/rc-d680-dmb.ko
  LD [M]  drivers/media/rc/keymaps/rc-delock-61959.ko
  LD [M]  drivers/media/rc/keymaps/rc-dib0700-nec.ko
  LD [M]  drivers/media/rc/keymaps/rc-dib0700-rc5.ko
  LD [M]  drivers/media/rc/keymaps/rc-digitalnow-tinytwin.ko
  LD [M]  drivers/media/rc/keymaps/rc-dm1105-nec.ko
  LD [M]  drivers/media/rc/keymaps/rc-digittrade.ko
  LD [M]  drivers/media/rc/keymaps/rc-dntv-live-dvb-t.ko
  LD [M]  drivers/media/rc/keymaps/rc-dntv-live-dvbt-pro.ko
  LD [M]  drivers/media/rc/keymaps/rc-dreambox.ko
  LD [M]  drivers/media/rc/keymaps/rc-dvbsky.ko
  LD [M]  drivers/media/rc/keymaps/rc-dtt200u.ko
  LD [M]  drivers/media/rc/keymaps/rc-dvico-mce.ko
  LD [M]  drivers/media/rc/keymaps/rc-dvico-portable.ko
  LD [M]  drivers/media/rc/keymaps/rc-em-terratec.ko
  LD [M]  drivers/media/rc/keymaps/rc-encore-enltv2.ko
  LD [M]  drivers/media/rc/keymaps/rc-encore-enltv-fm53.ko
  LD [M]  drivers/media/rc/keymaps/rc-encore-enltv.ko
  LD [M]  drivers/media/rc/keymaps/rc-evga-indtube.ko
  LD [M]  drivers/media/rc/keymaps/rc-eztv.ko
  LD [M]  drivers/media/rc/keymaps/rc-flydvb.ko
  LD [M]  drivers/media/rc/keymaps/rc-flyvideo.ko
  LD [M]  drivers/media/rc/keymaps/rc-fusionhdtv-mce.ko
  LD [M]  drivers/media/rc/keymaps/rc-gadmei-rm008z.ko
  LD [M]  drivers/media/rc/keymaps/rc-geekbox.ko
  LD [M]  drivers/media/rc/keymaps/rc-genius-tvgo-a11mce.ko
  LD [M]  drivers/media/rc/keymaps/rc-gotview7135.ko
  LD [M]  drivers/media/rc/keymaps/rc-hauppauge.ko
  LD [M]  drivers/media/rc/keymaps/rc-hisi-poplar.ko
  LD [M]  drivers/media/rc/keymaps/rc-hisi-tv-demo.ko
  LD [M]  drivers/media/rc/keymaps/rc-imon-mce.ko
  LD [M]  drivers/media/rc/keymaps/rc-imon-pad.ko
  LD [M]  drivers/media/rc/keymaps/rc-imon-rsc.ko
  LD [M]  drivers/media/rc/keymaps/rc-iodata-bctv7e.ko
  LD [M]  drivers/media/rc/keymaps/rc-it913x-v1.ko
  LD [M]  drivers/media/rc/keymaps/rc-it913x-v2.ko
  LD [M]  drivers/media/rc/keymaps/rc-kaiomy.ko
  LD [M]  drivers/media/rc/keymaps/rc-khadas.ko
  LD [M]  drivers/media/rc/keymaps/rc-khamsin.ko
  LD [M]  drivers/media/rc/keymaps/rc-kworld-315u.ko
  LD [M]  drivers/media/rc/keymaps/rc-kworld-pc150u.ko
  LD [M]  drivers/media/rc/keymaps/rc-kworld-plus-tv-analog.ko
  LD [M]  drivers/media/rc/keymaps/rc-leadtek-y04g0051.ko
  LD [M]  drivers/media/rc/keymaps/rc-lme2510.ko
  LD [M]  drivers/media/rc/keymaps/rc-manli.ko
  LD [M]  drivers/media/rc/keymaps/rc-mecool-kiii-pro.ko
  LD [M]  drivers/media/rc/keymaps/rc-medion-x10-digitainer.ko
  LD [M]  drivers/media/rc/keymaps/rc-mecool-kii-pro.ko
  LD [M]  drivers/media/rc/keymaps/rc-medion-x10.ko
  LD [M]  drivers/media/rc/keymaps/rc-medion-x10-or2x.ko
  LD [M]  drivers/media/rc/keymaps/rc-minix-neo.ko
  LD [M]  drivers/media/rc/keymaps/rc-msi-digivox-iii.ko
  LD [M]  drivers/media/rc/keymaps/rc-msi-digivox-ii.ko
  LD [M]  drivers/media/rc/keymaps/rc-msi-tvanywhere.ko
  LD [M]  drivers/media/rc/keymaps/rc-msi-tvanywhere-plus.ko
  LD [M]  drivers/media/rc/keymaps/rc-mygica-utv3.ko
  LD [M]  drivers/media/rc/keymaps/rc-nebula.ko
  LD [M]  drivers/media/rc/keymaps/rc-nec-terratec-cinergy-xs.ko
  LD [M]  drivers/media/rc/keymaps/rc-norwood.ko
  LD [M]  drivers/media/rc/keymaps/rc-npgtech.ko
  LD [M]  drivers/media/rc/keymaps/rc-odroid.ko
  LD [M]  drivers/media/rc/keymaps/rc-pctv-sedna.ko
  LD [M]  drivers/media/rc/keymaps/rc-pine64.ko
  LD [M]  drivers/media/rc/keymaps/rc-pinnacle-color.ko
  LD [M]  drivers/media/rc/keymaps/rc-pinnacle-grey.ko
  LD [M]  drivers/media/rc/keymaps/rc-pinnacle-pctv-hd.ko
  LD [M]  drivers/media/rc/keymaps/rc-pixelview-002t.ko
  LD [M]  drivers/media/rc/keymaps/rc-pixelview-mk12.ko
  LD [M]  drivers/media/rc/keymaps/rc-pixelview-new.ko
  LD [M]  drivers/media/rc/keymaps/rc-pixelview.ko
  LD [M]  drivers/media/rc/keymaps/rc-powercolor-real-angel.ko
  LD [M]  drivers/media/rc/keymaps/rc-proteus-2309.ko
  LD [M]  drivers/media/rc/keymaps/rc-purpletv.ko
  LD [M]  drivers/media/rc/keymaps/rc-pv951.ko
  LD [M]  drivers/media/rc/keymaps/rc-rc6-mce.ko
  LD [M]  drivers/media/rc/keymaps/rc-real-audio-220-32-keys.ko
  LD [M]  drivers/media/rc/keymaps/rc-reddo.ko
  LD [M]  drivers/media/rc/keymaps/rc-snapstream-firefly.ko
  LD [M]  drivers/media/rc/keymaps/rc-streamzap.ko
  LD [M]  drivers/media/rc/keymaps/rc-su3000.ko
  LD [M]  drivers/media/rc/keymaps/rc-tanix-tx3mini.ko
  LD [M]  drivers/media/rc/keymaps/rc-tanix-tx5max.ko
  LD [M]  drivers/media/rc/keymaps/rc-tbs-nec.ko
  LD [M]  drivers/media/rc/keymaps/rc-technisat-ts35.ko
  LD [M]  drivers/media/rc/keymaps/rc-technisat-usb2.ko
  LD [M]  drivers/media/rc/keymaps/rc-terratec-cinergy-s2-hd.ko
  LD [M]  drivers/media/rc/keymaps/rc-terratec-cinergy-xs.ko
  LD [M]  drivers/media/rc/keymaps/rc-terratec-cinergy-c-pci.ko
  LD [M]  drivers/media/rc/keymaps/rc-terratec-slim-2.ko
  LD [M]  drivers/media/rc/keymaps/rc-terratec-slim.ko
  LD [M]  drivers/media/rc/keymaps/rc-tevii-nec.ko
  LD [M]  drivers/media/rc/keymaps/rc-tivo.ko
  LD [M]  drivers/media/rc/keymaps/rc-total-media-in-hand-02.ko
  LD [M]  drivers/media/rc/keymaps/rc-total-media-in-hand.ko
  LD [M]  drivers/media/rc/keymaps/rc-trekstor.ko
  LD [M]  drivers/media/rc/keymaps/rc-tt-1500.ko
  LD [M]  drivers/media/rc/keymaps/rc-twinhan1027.ko
  LD [M]  drivers/media/rc/keymaps/rc-twinhan-dtv-cab-ci.ko
  LD [M]  drivers/media/rc/keymaps/rc-vega-s9x.ko
  LD [M]  drivers/media/rc/keymaps/rc-videomate-m1f.ko
  LD [M]  drivers/media/rc/keymaps/rc-videomate-s350.ko
  LD [M]  drivers/media/rc/keymaps/rc-videomate-tv-pvr.ko
  LD [M]  drivers/media/rc/keymaps/rc-videostrong-kii-pro.ko
  LD [M]  drivers/media/rc/keymaps/rc-wetek-hub.ko
  LD [M]  drivers/media/rc/keymaps/rc-wetek-play2.ko
  LD [M]  drivers/media/rc/keymaps/rc-winfast-usbii-deluxe.ko
  LD [M]  drivers/media/rc/keymaps/rc-winfast.ko
  LD [M]  drivers/media/rc/keymaps/rc-xbox-360.ko
  LD [M]  drivers/media/rc/keymaps/rc-x96max.ko
  LD [M]  drivers/media/rc/keymaps/rc-xbox-dvd.ko
  LD [M]  drivers/media/rc/keymaps/rc-zx-irdec.ko
  LD [M]  drivers/media/rc/rc-core.ko
  LD [M]  drivers/media/rc/gpio-ir-recv.ko
  LD [M]  drivers/media/rc/ir-spi.ko
  LD [M]  drivers/media/common/videobuf2/videobuf2-common.ko
  LD [M]  drivers/media/common/videobuf2/videobuf2-dma-sg.ko
  LD [M]  drivers/media/common/videobuf2/videobuf2-dma-contig.ko
  LD [M]  drivers/media/common/videobuf2/videobuf2-memops.ko
  LD [M]  drivers/media/common/videobuf2/videobuf2-v4l2.ko
  LD [M]  drivers/media/common/videobuf2/videobuf2-vmalloc.ko
  LD [M]  drivers/media/common/uvc.ko
  LD [M]  drivers/media/platform/cadence/cdns-csi2rx.ko
  LD [M]  drivers/media/platform/qcom/camss/qcom-camss.ko
  LD [M]  drivers/media/platform/qcom/venus/venus-core.ko
  LD [M]  drivers/media/platform/qcom/venus/venus-dec.ko
  LD [M]  drivers/media/platform/qcom/venus/venus-enc.ko
  LD [M]  drivers/media/usb/uvc/uvcvideo.ko
  LD [M]  drivers/media/mc/mc.ko
  LD [M]  drivers/media/v4l2-core/v4l2-async.ko
  LD [M]  drivers/media/v4l2-core/v4l2-fwnode.ko
  LD [M]  drivers/media/v4l2-core/v4l2-mem2mem.ko
  LD [M]  drivers/media/v4l2-core/v4l2-dv-timings.ko
  LD [M]  drivers/media/v4l2-core/videodev.ko
  LD [M]  drivers/media/cec/core/cec.ko
  LD [M]  drivers/power/reset/nvmem-reboot-mode.ko
  LD [M]  drivers/power/supply/qcom_battmgr.ko
  LD [M]  drivers/power/supply/max17042_battery.ko
  LD [M]  drivers/power/supply/mt6360_charger.ko
  LD [M]  drivers/power/supply/bq25890_charger.ko
  LD [M]  drivers/power/supply/bq25980_charger.ko
  LD [M]  drivers/power/supply/rk817_charger.ko
  LD [M]  drivers/power/sequencing/pwrseq-core.ko
  LD [M]  drivers/power/sequencing/pwrseq-qcom-wcn.ko
  LD [M]  drivers/hwmon/jc42.ko
  LD [M]  drivers/hwmon/lm75.ko
  LD [M]  drivers/thermal/qcom/qcom-spmi-adc-tm5.ko
  LD [M]  drivers/thermal/qcom/lmh.ko
  LD [M]  drivers/thermal/thermal-generic-adc.ko
  LD [M]  drivers/watchdog/qcom-wdt.ko
  LD [M]  drivers/watchdog/pm8916_wdt.ko
  LD [M]  drivers/cpufreq/cpufreq_conservative.ko
  LD [M]  drivers/cpufreq/cppc_cpufreq.ko
  LD [M]  drivers/ufs/host/cdns-pltfrm.ko
  LD [M]  drivers/firmware/cirrus/cs_dsp.ko
  LD [M]  drivers/firmware/google/coreboot_table.ko
  LD [M]  drivers/firmware/google/cbmem.ko
  LD [M]  drivers/crypto/hisilicon/hpre/hisi_hpre.ko
  LD [M]  drivers/crypto/hisilicon/sec2/hisi_sec2.ko
  LD [M]  drivers/crypto/hisilicon/hisi_qm.ko
  LD [M]  drivers/crypto/hisilicon/zip/hisi_zip.ko
  LD [M]  drivers/crypto/hisilicon/trng/hisi-trng-v2.ko
  LD [M]  drivers/crypto/qcom-rng.ko
  LD [M]  drivers/crypto/amlogic/amlogic-gxl-crypto.ko
  LD [M]  drivers/hid/hid-generic.ko
  LD [M]  drivers/hid/uhid.ko
  LD [M]  drivers/hid/hid-chicony.ko
  LD [M]  drivers/hid/hid-logitech.ko
  LD [M]  drivers/hid/hid-lg-g15.ko
  LD [M]  drivers/hid/hid-multitouch.ko
  LD [M]  drivers/hid/hid-nintendo.ko
  LD [M]  drivers/hid/hid-sony.ko
  LD [M]  drivers/hid/usbhid/usbhid.ko
  LD [M]  drivers/hid/i2c-hid/i2c-hid.ko
  LD [M]  drivers/hid/i2c-hid/i2c-hid-acpi.ko
  LD [M]  drivers/hid/i2c-hid/i2c-hid-of.ko
  LD [M]  drivers/hid/i2c-hid/i2c-hid-of-elan.ko
  LD [M]  drivers/staging/media/max96712/max96712.ko
  LD [M]  drivers/remoteproc/qcom_pil_info.ko
  LD [M]  drivers/remoteproc/qcom_common.ko
  LD [M]  drivers/remoteproc/qcom_q6v5.ko
  LD [M]  drivers/remoteproc/qcom_q6v5_adsp.ko
  LD [M]  drivers/remoteproc/qcom_q6v5_pas.ko
  LD [M]  drivers/remoteproc/qcom_q6v5_mss.ko
  LD [M]  drivers/remoteproc/qcom_sysmon.ko
  LD [M]  drivers/remoteproc/qcom_wcnss_pil.ko
  LD [M]  drivers/rpmsg/rpmsg_ctrl.ko
  LD [M]  drivers/rpmsg/qcom_glink_smem.ko
  LD [M]  drivers/devfreq/governor_passive.ko
  LD [M]  drivers/iio/adc/qcom-spmi-vadc.ko
  LD [M]  drivers/iio/adc/ti-ads1015.ko
  LD [M]  drivers/iio/buffer/industrialio-triggered-buffer.ko
  LD [M]  drivers/iio/buffer/kfifo_buf.ko
  LD [M]  drivers/iio/common/st_sensors/st_sensors_spi.ko
  LD [M]  drivers/iio/common/st_sensors/st_sensors_i2c.ko
  LD [M]  drivers/iio/common/st_sensors/st_sensors.ko
  LD [M]  drivers/iio/imu/st_lsm6dsx/st_lsm6dsx.ko
  LD [M]  drivers/iio/imu/st_lsm6dsx/st_lsm6dsx_i2c.ko
  LD [M]  drivers/iio/imu/st_lsm6dsx/st_lsm6dsx_spi.ko
  LD [M]  drivers/iio/light/vcnl4000.ko
  LD [M]  drivers/iio/magnetometer/st_magn.ko
  LD [M]  drivers/iio/magnetometer/st_magn_i2c.ko
  LD [M]  drivers/iio/magnetometer/st_magn_spi.ko
  LD [M]  drivers/perf/arm-cci.ko
  LD [M]  drivers/perf/arm-ccn.ko
  LD [M]  drivers/perf/arm-cmn.ko
  LD [M]  drivers/perf/arm_dsu_pmu.ko
  LD [M]  drivers/perf/arm_smmuv3_pmu.ko
  LD [M]  drivers/perf/arm_dmc620_pmu.ko
  LD [M]  drivers/perf/arm_spe_pmu.ko
  LD [M]  drivers/perf/arm_cspmu/arm_cspmu_module.ko
  LD [M]  drivers/perf/arm_cspmu/nvidia_cspmu.ko
  LD [M]  drivers/nvmem/layouts/sl28vpd.ko
  LD [M]  drivers/nvmem/nvmem_sec_qfprom.ko
  LD [M]  drivers/nvmem/nvmem_qcom-spmi-sdam.ko
  LD [M]  drivers/interconnect/qcom/qnoc-msm8916.ko
  LD [M]  drivers/interconnect/qcom/icc-osm-l3.ko
  LD [M]  drivers/bluetooth/hci_uart.ko
  LD [M]  drivers/bluetooth/btusb.ko
  LD [M]  drivers/bluetooth/btmrvl.ko
  LD [M]  drivers/bluetooth/btmrvl_sdio.ko
  LD [M]  drivers/bluetooth/btqcomsmd.ko
  LD [M]  drivers/bluetooth/btintel.ko
  LD [M]  drivers/bluetooth/btrtl.ko
  LD [M]  drivers/bluetooth/btbcm.ko
  LD [M]  drivers/bluetooth/btqca.ko
  LD [M]  drivers/bluetooth/btmtk.ko
  LD [M]  drivers/bluetooth/btnxpuart.ko
  LD [M]  drivers/bluetooth/btrsi.ko
  LD [M]  drivers/soundwire/soundwire-bus.ko
  LD [M]  drivers/soundwire/soundwire-qcom.ko
  LD [M]  drivers/hwtracing/coresight/coresight.ko
  LD [M]  drivers/hwtracing/coresight/coresight-tmc.ko
  LD [M]  drivers/hwtracing/coresight/coresight-tpiu.ko
  LD [M]  drivers/hwtracing/coresight/coresight-etb10.ko
  LD [M]  drivers/hwtracing/coresight/coresight-funnel.ko
  LD [M]  drivers/hwtracing/coresight/coresight-replicator.ko
  LD [M]  drivers/hwtracing/coresight/coresight-cpu-debug.ko
  LD [M]  drivers/hwtracing/coresight/coresight-stm.ko
  LD [M]  drivers/hwtracing/coresight/coresight-catu.ko
  LD [M]  drivers/hwtracing/coresight/coresight-cti.ko
  LD [M]  drivers/hwtracing/stm/stm_core.ko
  LD [M]  drivers/mux/mux-core.ko
  LD [M]  drivers/mux/mux-gpio.ko
  LD [M]  drivers/mux/mux-mmio.ko
  LD [M]  drivers/gnss/gnss.ko
  LD [M]  sound/core/snd-hwdep.ko
  LD [M]  sound/core/snd-rawmidi.ko
  LD [M]  drivers/counter/counter.ko
  LD [M]  sound/drivers/snd-aloop.ko
  LD [M]  sound/usb/snd-usb-audio.ko
  LD [M]  sound/usb/snd-usbmidi-lib.ko
  LD [M]  sound/soc/codecs/snd-soc-ak4619.ko
  LD [M]  sound/soc/codecs/snd-soc-bt-sco.ko
  LD [M]  sound/soc/codecs/snd-soc-cs35l41.ko
  LD [M]  sound/soc/codecs/snd-soc-cs35l41-lib.ko
  LD [M]  sound/soc/codecs/snd-soc-cs35l41-i2c.ko
  LD [M]  sound/soc/codecs/snd-soc-da7213.ko
  LD [M]  sound/soc/codecs/snd-soc-dmic.ko
  LD [M]  sound/soc/codecs/snd-soc-es8316.ko
  LD [M]  sound/soc/codecs/snd-soc-max98927.ko
  LD [M]  sound/soc/codecs/snd-soc-msm8916-analog.ko
  LD [M]  sound/soc/codecs/snd-soc-max98390.ko
  LD [M]  sound/soc/codecs/snd-soc-msm8916-digital.ko
  LD [M]  sound/soc/codecs/snd-soc-mt6357.ko
  LD [M]  sound/soc/codecs/snd-soc-mt6358.ko
  LD [M]  sound/soc/codecs/snd-soc-nau8822.ko
  LD [M]  sound/soc/codecs/snd-soc-rk817.ko
  LD [M]  sound/soc/codecs/snd-soc-rl6231.ko
  LD [M]  sound/soc/codecs/snd-soc-rt5640.ko
  LD [M]  sound/soc/codecs/snd-soc-rt5663.ko
  LD [M]  sound/soc/codecs/snd-soc-sgtl5000.ko
  LD [M]  sound/soc/codecs/snd-soc-spdif-rx.ko
  LD [M]  sound/soc/codecs/snd-soc-spdif-tx.ko
  LD [M]  sound/soc/codecs/snd-soc-tas2552.ko
  LD [M]  sound/soc/codecs/snd-soc-tlv320aic32x4.ko
  LD [M]  sound/soc/codecs/snd-soc-tlv320aic31xx.ko
  LD [M]  sound/soc/codecs/snd-soc-tlv320aic32x4-i2c.ko
  LD [M]  sound/soc/codecs/snd-soc-tlv320aic3x.ko
  LD [M]  sound/soc/codecs/snd-soc-tlv320aic3x-i2c.ko
  LD [M]  sound/soc/codecs/snd-soc-ts3a227e.ko
  LD [M]  sound/soc/codecs/snd-soc-wcd-classh.ko
  LD [M]  sound/soc/codecs/snd-soc-wcd-mbhc.ko
  LD [M]  sound/soc/codecs/snd-soc-wcd9335.ko
  LD [M]  sound/soc/codecs/snd-soc-wcd934x.ko
  LD [M]  sound/soc/codecs/snd-soc-wcd938x.ko
  LD [M]  sound/soc/codecs/snd-soc-wcd938x-sdw.ko
  LD [M]  sound/soc/codecs/snd-soc-wcd939x.ko
  LD [M]  sound/soc/codecs/snd-soc-wcd939x-sdw.ko
  LD [M]  sound/soc/codecs/snd-soc-wm8524.ko
  LD [M]  sound/soc/codecs/snd-soc-wm8978.ko
  LD [M]  sound/soc/codecs/snd-soc-wm-adsp.ko
  LD [M]  sound/soc/codecs/snd-soc-wsa881x.ko
  LD [M]  sound/soc/codecs/snd-soc-wsa883x.ko
  LD [M]  sound/soc/codecs/snd-soc-wsa884x.ko
  LD [M]  sound/soc/codecs/snd-soc-lpass-wsa-macro.ko
  LD [M]  sound/soc/codecs/snd-soc-lpass-macro-common.ko
  LD [M]  sound/soc/codecs/snd-soc-lpass-va-macro.ko
  LD [M]  sound/soc/codecs/snd-soc-lpass-rx-macro.ko
  LD [M]  sound/soc/codecs/snd-soc-lpass-tx-macro.ko
  LD [M]  sound/soc/codecs/snd-soc-simple-mux.ko
  LD [M]  sound/soc/generic/snd-soc-simple-card-utils.ko
  LD [M]  sound/soc/generic/snd-soc-audio-graph-card2.ko
  LD [M]  sound/soc/fsl/snd-soc-fsl-ssi.ko
  LD [M]  sound/soc/fsl/snd-soc-fsl-esai.ko
  LD [M]  sound/soc/fsl/snd-soc-imx-audmux.ko
  LD [M]  sound/soc/qcom/snd-soc-lpass-cpu.ko
  LD [M]  sound/soc/qcom/snd-soc-lpass-platform.ko
  LD [M]  sound/soc/qcom/snd-soc-lpass-apq8016.ko
  LD [M]  sound/soc/qcom/snd-soc-apq8096.ko
  LD [M]  sound/soc/qcom/snd-soc-apq8016-sbc.ko
  LD [M]  sound/soc/qcom/snd-soc-sc8280xp.ko
  LD [M]  sound/soc/qcom/snd-soc-sm8250.ko
  LD [M]  sound/soc/qcom/snd-soc-qcom-common.ko
  LD [M]  sound/soc/qcom/snd-soc-sdm845.ko
  LD [M]  sound/soc/qcom/snd-soc-qcom-sdw.ko
  LD [M]  sound/soc/qcom/snd-soc-x1e80100.ko
  LD [M]  net/802/p8022.ko
  LD [M]  net/802/psnap.ko
  LD [M]  net/802/stp.ko
  LD [M]  net/802/garp.ko
  LD [M]  net/802/mrp.ko
  LD [M]  net/sched/cls_cgroup.ko
  LD [M]  net/netlink/netlink_diag.ko
  LD [M]  net/netfilter/nfnetlink.ko
  LD [M]  net/netfilter/nf_conntrack.ko
  LD [M]  net/netfilter/nf_log_syslog.ko
  LD [M]  net/netfilter/nf_tables.ko
  LD [M]  net/netfilter/nf_nat.ko
  LD [M]  net/netfilter/nft_ct.ko
  LD [M]  net/netfilter/nft_limit.ko
  LD [M]  net/netfilter/nft_nat.ko
  LD [M]  net/netfilter/nft_reject_inet.ko
  LD [M]  net/netfilter/nft_reject.ko
  LD [M]  net/netfilter/nft_masq.ko
  LD [M]  net/netfilter/nft_log.ko
  LD [M]  net/netfilter/nft_fib.ko
  LD [M]  net/netfilter/nft_chain_nat.ko
  LD [M]  net/netfilter/x_tables.ko
  LD [M]  net/netfilter/xt_tcpudp.ko
  LD [M]  net/netfilter/xt_mark.ko
  LD [M]  net/netfilter/xt_nat.ko
  LD [M]  net/netfilter/xt_CHECKSUM.ko
  LD [M]  net/netfilter/xt_LOG.ko
  LD [M]  net/netfilter/xt_REDIRECT.ko
  LD [M]  net/netfilter/xt_MASQUERADE.ko
  LD [M]  net/netfilter/xt_TCPMSS.ko
  LD [M]  net/netfilter/xt_addrtype.ko
  LD [M]  net/netfilter/xt_comment.ko
  LD [M]  net/netfilter/xt_ipvs.ko
  LD [M]  net/netfilter/xt_tcpmss.ko
  LD [M]  net/netfilter/xt_conntrack.ko
  LD [M]  net/netfilter/ipvs/ip_vs.ko
  LD [M]  net/netfilter/ipvs/ip_vs_rr.ko
  LD [M]  net/ipv4/netfilter/nf_defrag_ipv4.ko
  LD [M]  net/ipv4/netfilter/nf_reject_ipv4.ko
  LD [M]  net/ipv4/netfilter/nft_reject_ipv4.ko
  LD [M]  net/ipv4/netfilter/nft_fib_ipv4.ko
  LD [M]  net/ipv4/netfilter/ip_tables.ko
  LD [M]  net/ipv4/netfilter/iptable_filter.ko
  LD [M]  net/ipv4/netfilter/iptable_nat.ko
  LD [M]  net/ipv4/netfilter/iptable_mangle.ko
  LD [M]  net/ipv4/netfilter/ipt_REJECT.ko
  LD [M]  net/ipv4/ip_tunnel.ko
  LD [M]  net/ipv4/udp_tunnel.ko
  LD [M]  net/ipv4/tunnel4.ko
  LD [M]  net/ipv4/tcp_bic.ko
  LD [M]  net/ipv4/tcp_htcp.ko
  LD [M]  net/ipv6/netfilter/ip6_tables.ko
  LD [M]  net/ipv6/netfilter/ip6table_filter.ko
  LD [M]  net/ipv6/netfilter/ip6table_mangle.ko
  LD [M]  net/ipv6/netfilter/ip6table_nat.ko
  LD [M]  net/ipv6/netfilter/nf_defrag_ipv6.ko
  LD [M]  net/ipv6/netfilter/nf_reject_ipv6.ko
  LD [M]  net/ipv6/netfilter/nft_reject_ipv6.ko
  LD [M]  net/ipv6/netfilter/nft_fib_ipv6.ko
  LD [M]  net/ipv6/netfilter/ip6t_REJECT.ko
  LD [M]  net/ipv6/ipv6.ko
  LD [M]  net/ipv6/sit.ko
  LD [M]  net/ipv6/ip6_udp_tunnel.ko
  LD [M]  net/8021q/8021q.ko
  LD [M]  net/wireless/cfg80211.ko
  LD [M]  net/llc/llc.ko
  LD [M]  net/bridge/bridge.ko
  LD [M]  net/bridge/br_netfilter.ko
  LD [M]  net/bluetooth/bluetooth.ko
  LD [M]  net/bluetooth/hidp/hidp.ko
  LD [M]  net/mac80211/mac80211.ko
  LD [M]  net/rfkill/rfkill.ko
  LD [M]  net/nfc/nfc.ko
  LD [M]  net/nfc/nci/nci.ko
  LD [M]  net/qrtr/qrtr.ko
  LD [M]  net/qrtr/qrtr-smd.ko
  LD [M]  net/qrtr/qrtr-tun.ko
  LD [M]  net/qrtr/qrtr-mhi.ko
  LD [M]  drivers/input/touchscreen/focaltech_fts5452.ko
  INSTALL debian/linux-image-6.13.0-sm8250/usr/lib/linux-image-6.13.0-sm8250/qcom/apq8016-sbc.dtb
  INSTALL debian/linux-image-6.13.0-sm8250/usr/lib/linux-image-6.13.0-sm8250/qcom/apq8016-sbc-usb-host.dtb
  INSTALL debian/linux-image-6.13.0-sm8250/usr/lib/linux-image-6.13.0-sm8250/qcom/apq8016-sbc-d3-camera-mezzanine.dtb
  INSTALL debian/linux-image-6.13.0-sm8250/usr/lib/linux-image-6.13.0-sm8250/qcom/apq8016-schneider-hmibsc.dtb
  INSTALL debian/linux-image-6.13.0-sm8250/usr/lib/linux-image-6.13.0-sm8250/qcom/apq8094-sony-xperia-kitakami-karin_windy.dtb
  INSTALL debian/linux-image-6.13.0-sm8250/usr/lib/linux-image-6.13.0-sm8250/qcom/apq8039-t2.dtb
  INSTALL debian/linux-image-6.13.0-sm8250/usr/lib/linux-image-6.13.0-sm8250/qcom/apq8096-ifc6640.dtb
  INSTALL debian/linux-image-6.13.0-sm8250/usr/lib/linux-image-6.13.0-sm8250/qcom/apq8096-db820c.dtb
  INSTALL debian/linux-image-6.13.0-sm8250/usr/lib/linux-image-6.13.0-sm8250/qcom/ipq5018-rdp432-c2.dtb
  INSTALL debian/linux-image-6.13.0-sm8250/usr/lib/linux-image-6.13.0-sm8250/qcom/ipq5018-tplink-archer-ax55-v1.dtb
  INSTALL debian/linux-image-6.13.0-sm8250/usr/lib/linux-image-6.13.0-sm8250/qcom/ipq5332-rdp441.dtb
  INSTALL debian/linux-image-6.13.0-sm8250/usr/lib/linux-image-6.13.0-sm8250/qcom/ipq5332-rdp442.dtb
  INSTALL debian/linux-image-6.13.0-sm8250/usr/lib/linux-image-6.13.0-sm8250/qcom/ipq5332-rdp468.dtb
  INSTALL debian/linux-image-6.13.0-sm8250/usr/lib/linux-image-6.13.0-sm8250/qcom/ipq5332-rdp474.dtb
  INSTALL debian/linux-image-6.13.0-sm8250/usr/lib/linux-image-6.13.0-sm8250/qcom/ipq6018-cp01-c1.dtb
  INSTALL debian/linux-image-6.13.0-sm8250/usr/lib/linux-image-6.13.0-sm8250/qcom/ipq8074-hk01.dtb
  INSTALL debian/linux-image-6.13.0-sm8250/usr/lib/linux-image-6.13.0-sm8250/qcom/ipq8074-hk10-c1.dtb
  INSTALL debian/linux-image-6.13.0-sm8250/usr/lib/linux-image-6.13.0-sm8250/qcom/ipq8074-hk10-c2.dtb
  INSTALL debian/linux-image-6.13.0-sm8250/usr/lib/linux-image-6.13.0-sm8250/qcom/ipq9574-rdp418.dtb
  INSTALL debian/linux-image-6.13.0-sm8250/usr/lib/linux-image-6.13.0-sm8250/qcom/ipq9574-rdp433.dtb
  INSTALL debian/linux-image-6.13.0-sm8250/usr/lib/linux-image-6.13.0-sm8250/qcom/ipq9574-rdp449.dtb
  INSTALL debian/linux-image-6.13.0-sm8250/usr/lib/linux-image-6.13.0-sm8250/qcom/ipq9574-rdp453.dtb
  INSTALL debian/linux-image-6.13.0-sm8250/usr/lib/linux-image-6.13.0-sm8250/qcom/ipq9574-rdp454.dtb
  INSTALL debian/linux-image-6.13.0-sm8250/usr/lib/linux-image-6.13.0-sm8250/qcom/msm8216-samsung-fortuna3g.dtb
  INSTALL debian/linux-image-6.13.0-sm8250/usr/lib/linux-image-6.13.0-sm8250/qcom/msm8916-acer-a1-724.dtb
  INSTALL debian/linux-image-6.13.0-sm8250/usr/lib/linux-image-6.13.0-sm8250/qcom/msm8916-alcatel-idol347.dtb
  INSTALL debian/linux-image-6.13.0-sm8250/usr/lib/linux-image-6.13.0-sm8250/qcom/msm8916-asus-z00l.dtb
  INSTALL debian/linux-image-6.13.0-sm8250/usr/lib/linux-image-6.13.0-sm8250/qcom/msm8916-gplus-fl8005a.dtb
  INSTALL debian/linux-image-6.13.0-sm8250/usr/lib/linux-image-6.13.0-sm8250/qcom/msm8916-lg-c50.dtb
  INSTALL debian/linux-image-6.13.0-sm8250/usr/lib/linux-image-6.13.0-sm8250/qcom/msm8916-huawei-g7.dtb
  INSTALL debian/linux-image-6.13.0-sm8250/usr/lib/linux-image-6.13.0-sm8250/qcom/msm8916-lg-m216.dtb
  INSTALL debian/linux-image-6.13.0-sm8250/usr/lib/linux-image-6.13.0-sm8250/qcom/msm8916-longcheer-l8150.dtb
  INSTALL debian/linux-image-6.13.0-sm8250/usr/lib/linux-image-6.13.0-sm8250/qcom/msm8916-longcheer-l8910.dtb
  INSTALL debian/linux-image-6.13.0-sm8250/usr/lib/linux-image-6.13.0-sm8250/qcom/msm8916-motorola-harpia.dtb
  INSTALL debian/linux-image-6.13.0-sm8250/usr/lib/linux-image-6.13.0-sm8250/qcom/msm8916-motorola-osprey.dtb
  INSTALL debian/linux-image-6.13.0-sm8250/usr/lib/linux-image-6.13.0-sm8250/qcom/msm8916-motorola-surnia.dtb
  INSTALL debian/linux-image-6.13.0-sm8250/usr/lib/linux-image-6.13.0-sm8250/qcom/msm8916-mtp.dtb
  INSTALL debian/linux-image-6.13.0-sm8250/usr/lib/linux-image-6.13.0-sm8250/qcom/msm8916-samsung-a3u-eur.dtb
  INSTALL debian/linux-image-6.13.0-sm8250/usr/lib/linux-image-6.13.0-sm8250/qcom/msm8916-samsung-a5u-eur.dtb
  INSTALL debian/linux-image-6.13.0-sm8250/usr/lib/linux-image-6.13.0-sm8250/qcom/msm8916-samsung-e5.dtb
  INSTALL debian/linux-image-6.13.0-sm8250/usr/lib/linux-image-6.13.0-sm8250/qcom/msm8916-samsung-e7.dtb
  INSTALL debian/linux-image-6.13.0-sm8250/usr/lib/linux-image-6.13.0-sm8250/qcom/msm8916-samsung-gprimeltecan.dtb
  INSTALL debian/linux-image-6.13.0-sm8250/usr/lib/linux-image-6.13.0-sm8250/qcom/msm8916-samsung-grandmax.dtb
  INSTALL debian/linux-image-6.13.0-sm8250/usr/lib/linux-image-6.13.0-sm8250/qcom/msm8916-samsung-grandprimelte.dtb
  INSTALL debian/linux-image-6.13.0-sm8250/usr/lib/linux-image-6.13.0-sm8250/qcom/msm8916-samsung-gt510.dtb
  INSTALL debian/linux-image-6.13.0-sm8250/usr/lib/linux-image-6.13.0-sm8250/qcom/msm8916-samsung-gt58.dtb
  INSTALL debian/linux-image-6.13.0-sm8250/usr/lib/linux-image-6.13.0-sm8250/qcom/msm8916-samsung-j3ltetw.dtb
  INSTALL debian/linux-image-6.13.0-sm8250/usr/lib/linux-image-6.13.0-sm8250/qcom/msm8916-samsung-j5.dtb
  INSTALL debian/linux-image-6.13.0-sm8250/usr/lib/linux-image-6.13.0-sm8250/qcom/msm8916-samsung-j5x.dtb
  INSTALL debian/linux-image-6.13.0-sm8250/usr/lib/linux-image-6.13.0-sm8250/qcom/msm8916-samsung-rossa.dtb
  INSTALL debian/linux-image-6.13.0-sm8250/usr/lib/linux-image-6.13.0-sm8250/qcom/msm8916-samsung-serranove.dtb
  INSTALL debian/linux-image-6.13.0-sm8250/usr/lib/linux-image-6.13.0-sm8250/qcom/msm8916-thwc-uf896.dtb
  INSTALL debian/linux-image-6.13.0-sm8250/usr/lib/linux-image-6.13.0-sm8250/qcom/msm8916-thwc-ufi001c.dtb
  INSTALL debian/linux-image-6.13.0-sm8250/usr/lib/linux-image-6.13.0-sm8250/qcom/msm8916-wingtech-wt86518.dtb
  INSTALL debian/linux-image-6.13.0-sm8250/usr/lib/linux-image-6.13.0-sm8250/qcom/msm8916-wingtech-wt86528.dtb
  INSTALL debian/linux-image-6.13.0-sm8250/usr/lib/linux-image-6.13.0-sm8250/qcom/msm8916-wingtech-wt88047.dtb
  INSTALL debian/linux-image-6.13.0-sm8250/usr/lib/linux-image-6.13.0-sm8250/qcom/msm8916-yiming-uz801v3.dtb
  INSTALL debian/linux-image-6.13.0-sm8250/usr/lib/linux-image-6.13.0-sm8250/qcom/msm8929-wingtech-wt82918hd.dtb
  INSTALL debian/linux-image-6.13.0-sm8250/usr/lib/linux-image-6.13.0-sm8250/qcom/msm8939-huawei-kiwi.dtb
  INSTALL debian/linux-image-6.13.0-sm8250/usr/lib/linux-image-6.13.0-sm8250/qcom/msm8939-longcheer-l9100.dtb
  INSTALL debian/linux-image-6.13.0-sm8250/usr/lib/linux-image-6.13.0-sm8250/qcom/msm8939-samsung-a7.dtb
  INSTALL debian/linux-image-6.13.0-sm8250/usr/lib/linux-image-6.13.0-sm8250/qcom/msm8939-wingtech-wt82918.dtb
  INSTALL debian/linux-image-6.13.0-sm8250/usr/lib/linux-image-6.13.0-sm8250/qcom/msm8939-sony-xperia-kanuti-tulip.dtb
  INSTALL debian/linux-image-6.13.0-sm8250/usr/lib/linux-image-6.13.0-sm8250/qcom/msm8939-wingtech-wt82918hd.dtb
  INSTALL debian/linux-image-6.13.0-sm8250/usr/lib/linux-image-6.13.0-sm8250/qcom/msm8953-motorola-potter.dtb
  INSTALL debian/linux-image-6.13.0-sm8250/usr/lib/linux-image-6.13.0-sm8250/qcom/msm8953-xiaomi-daisy.dtb
  INSTALL debian/linux-image-6.13.0-sm8250/usr/lib/linux-image-6.13.0-sm8250/qcom/msm8953-xiaomi-mido.dtb
  INSTALL debian/linux-image-6.13.0-sm8250/usr/lib/linux-image-6.13.0-sm8250/qcom/msm8953-xiaomi-tissot.dtb
  INSTALL debian/linux-image-6.13.0-sm8250/usr/lib/linux-image-6.13.0-sm8250/qcom/msm8953-xiaomi-vince.dtb
  INSTALL debian/linux-image-6.13.0-sm8250/usr/lib/linux-image-6.13.0-sm8250/qcom/msm8956-sony-xperia-loire-kugo.dtb
  INSTALL debian/linux-image-6.13.0-sm8250/usr/lib/linux-image-6.13.0-sm8250/qcom/msm8956-sony-xperia-loire-suzu.dtb
  INSTALL debian/linux-image-6.13.0-sm8250/usr/lib/linux-image-6.13.0-sm8250/qcom/msm8992-lg-bullhead-rev-10.dtb
  INSTALL debian/linux-image-6.13.0-sm8250/usr/lib/linux-image-6.13.0-sm8250/qcom/msm8992-lg-bullhead-rev-101.dtb
  INSTALL debian/linux-image-6.13.0-sm8250/usr/lib/linux-image-6.13.0-sm8250/qcom/msm8992-msft-lumia-octagon-talkman.dtb
  INSTALL debian/linux-image-6.13.0-sm8250/usr/lib/linux-image-6.13.0-sm8250/qcom/msm8992-lg-h815.dtb
  INSTALL debian/linux-image-6.13.0-sm8250/usr/lib/linux-image-6.13.0-sm8250/qcom/msm8992-xiaomi-libra.dtb
  INSTALL debian/linux-image-6.13.0-sm8250/usr/lib/linux-image-6.13.0-sm8250/qcom/msm8994-huawei-angler-rev-101.dtb
  INSTALL debian/linux-image-6.13.0-sm8250/usr/lib/linux-image-6.13.0-sm8250/qcom/msm8994-msft-lumia-octagon-cityman.dtb
  INSTALL debian/linux-image-6.13.0-sm8250/usr/lib/linux-image-6.13.0-sm8250/qcom/msm8994-sony-xperia-kitakami-ivy.dtb
  INSTALL debian/linux-image-6.13.0-sm8250/usr/lib/linux-image-6.13.0-sm8250/qcom/msm8994-sony-xperia-kitakami-karin.dtb
  INSTALL debian/linux-image-6.13.0-sm8250/usr/lib/linux-image-6.13.0-sm8250/qcom/msm8994-sony-xperia-kitakami-satsuki.dtb
  INSTALL debian/linux-image-6.13.0-sm8250/usr/lib/linux-image-6.13.0-sm8250/qcom/msm8994-sony-xperia-kitakami-sumire.dtb
  INSTALL debian/linux-image-6.13.0-sm8250/usr/lib/linux-image-6.13.0-sm8250/qcom/msm8994-sony-xperia-kitakami-suzuran.dtb
  INSTALL debian/linux-image-6.13.0-sm8250/usr/lib/linux-image-6.13.0-sm8250/qcom/msm8996-mtp.dtb
  INSTALL debian/linux-image-6.13.0-sm8250/usr/lib/linux-image-6.13.0-sm8250/qcom/msm8996-oneplus3.dtb
  INSTALL debian/linux-image-6.13.0-sm8250/usr/lib/linux-image-6.13.0-sm8250/qcom/msm8996-oneplus3t.dtb
  INSTALL debian/linux-image-6.13.0-sm8250/usr/lib/linux-image-6.13.0-sm8250/qcom/msm8996-sony-xperia-tone-dora.dtb
  INSTALL debian/linux-image-6.13.0-sm8250/usr/lib/linux-image-6.13.0-sm8250/qcom/msm8996-sony-xperia-tone-kagura.dtb
  INSTALL debian/linux-image-6.13.0-sm8250/usr/lib/linux-image-6.13.0-sm8250/qcom/msm8996-sony-xperia-tone-keyaki.dtb
  INSTALL debian/linux-image-6.13.0-sm8250/usr/lib/linux-image-6.13.0-sm8250/qcom/msm8996-xiaomi-gemini.dtb
  INSTALL debian/linux-image-6.13.0-sm8250/usr/lib/linux-image-6.13.0-sm8250/qcom/msm8996pro-xiaomi-natrium.dtb
  INSTALL debian/linux-image-6.13.0-sm8250/usr/lib/linux-image-6.13.0-sm8250/qcom/msm8996pro-xiaomi-scorpio.dtb
  INSTALL debian/linux-image-6.13.0-sm8250/usr/lib/linux-image-6.13.0-sm8250/qcom/msm8998-asus-novago-tp370ql.dtb
  INSTALL debian/linux-image-6.13.0-sm8250/usr/lib/linux-image-6.13.0-sm8250/qcom/msm8998-fxtec-pro1.dtb
  INSTALL debian/linux-image-6.13.0-sm8250/usr/lib/linux-image-6.13.0-sm8250/qcom/msm8998-hp-envy-x2.dtb
  INSTALL debian/linux-image-6.13.0-sm8250/usr/lib/linux-image-6.13.0-sm8250/qcom/msm8998-lenovo-miix-630.dtb
  INSTALL debian/linux-image-6.13.0-sm8250/usr/lib/linux-image-6.13.0-sm8250/qcom/msm8998-mtp.dtb
  INSTALL debian/linux-image-6.13.0-sm8250/usr/lib/linux-image-6.13.0-sm8250/qcom/msm8998-oneplus-cheeseburger.dtb
  INSTALL debian/linux-image-6.13.0-sm8250/usr/lib/linux-image-6.13.0-sm8250/qcom/msm8998-oneplus-dumpling.dtb
  INSTALL debian/linux-image-6.13.0-sm8250/usr/lib/linux-image-6.13.0-sm8250/qcom/msm8998-sony-xperia-yoshino-lilac.dtb
  INSTALL debian/linux-image-6.13.0-sm8250/usr/lib/linux-image-6.13.0-sm8250/qcom/msm8998-sony-xperia-yoshino-maple.dtb
  INSTALL debian/linux-image-6.13.0-sm8250/usr/lib/linux-image-6.13.0-sm8250/qcom/msm8998-sony-xperia-yoshino-poplar.dtb
  INSTALL debian/linux-image-6.13.0-sm8250/usr/lib/linux-image-6.13.0-sm8250/qcom/msm8998-xiaomi-sagit.dtb
  INSTALL debian/linux-image-6.13.0-sm8250/usr/lib/linux-image-6.13.0-sm8250/qcom/qcm6490-fairphone-fp5.dtb
  INSTALL debian/linux-image-6.13.0-sm8250/usr/lib/linux-image-6.13.0-sm8250/qcom/qcm6490-idp.dtb
  INSTALL debian/linux-image-6.13.0-sm8250/usr/lib/linux-image-6.13.0-sm8250/qcom/qcm6490-shift-otter.dtb
  INSTALL debian/linux-image-6.13.0-sm8250/usr/lib/linux-image-6.13.0-sm8250/qcom/qcs404-evb-1000.dtb
  INSTALL debian/linux-image-6.13.0-sm8250/usr/lib/linux-image-6.13.0-sm8250/qcom/qcs404-evb-4000.dtb
  INSTALL debian/linux-image-6.13.0-sm8250/usr/lib/linux-image-6.13.0-sm8250/qcom/qcs6490-rb3gen2.dtb
  INSTALL debian/linux-image-6.13.0-sm8250/usr/lib/linux-image-6.13.0-sm8250/qcom/qcs8550-aim300-aiot.dtb
  INSTALL debian/linux-image-6.13.0-sm8250/usr/lib/linux-image-6.13.0-sm8250/qcom/qcs9100-ride.dtb
  INSTALL debian/linux-image-6.13.0-sm8250/usr/lib/linux-image-6.13.0-sm8250/qcom/qcs9100-ride-r3.dtb
  INSTALL debian/linux-image-6.13.0-sm8250/usr/lib/linux-image-6.13.0-sm8250/qcom/qrb2210-rb1.dtb
  INSTALL debian/linux-image-6.13.0-sm8250/usr/lib/linux-image-6.13.0-sm8250/qcom/qdu1000-idp.dtb
  INSTALL debian/linux-image-6.13.0-sm8250/usr/lib/linux-image-6.13.0-sm8250/qcom/qrb4210-rb2.dtb
  INSTALL debian/linux-image-6.13.0-sm8250/usr/lib/linux-image-6.13.0-sm8250/qcom/qrb5165-rb5.dtb
  INSTALL debian/linux-image-6.13.0-sm8250/usr/lib/linux-image-6.13.0-sm8250/qcom/qrb5165-rb5-vision-mezzanine.dtb
  INSTALL debian/linux-image-6.13.0-sm8250/usr/lib/linux-image-6.13.0-sm8250/qcom/qru1000-idp.dtb
  INSTALL debian/linux-image-6.13.0-sm8250/usr/lib/linux-image-6.13.0-sm8250/qcom/sa8155p-adp.dtb
  INSTALL debian/linux-image-6.13.0-sm8250/usr/lib/linux-image-6.13.0-sm8250/qcom/sa8295p-adp.dtb
  INSTALL debian/linux-image-6.13.0-sm8250/usr/lib/linux-image-6.13.0-sm8250/qcom/sa8540p-ride.dtb
  INSTALL debian/linux-image-6.13.0-sm8250/usr/lib/linux-image-6.13.0-sm8250/qcom/sa8775p-ride.dtb
  INSTALL debian/linux-image-6.13.0-sm8250/usr/lib/linux-image-6.13.0-sm8250/qcom/sa8775p-ride-r3.dtb
  INSTALL debian/linux-image-6.13.0-sm8250/usr/lib/linux-image-6.13.0-sm8250/qcom/sc7180-acer-aspire1.dtb
  INSTALL debian/linux-image-6.13.0-sm8250/usr/lib/linux-image-6.13.0-sm8250/qcom/sc7180-idp.dtb
  INSTALL debian/linux-image-6.13.0-sm8250/usr/lib/linux-image-6.13.0-sm8250/qcom/sc7180-trogdor-coachz-r1.dtb
  INSTALL debian/linux-image-6.13.0-sm8250/usr/lib/linux-image-6.13.0-sm8250/qcom/sc7180-trogdor-coachz-r1-lte.dtb
  INSTALL debian/linux-image-6.13.0-sm8250/usr/lib/linux-image-6.13.0-sm8250/qcom/sc7180-trogdor-coachz-r3.dtb
  INSTALL debian/linux-image-6.13.0-sm8250/usr/lib/linux-image-6.13.0-sm8250/qcom/sc7180-trogdor-coachz-r3-lte.dtb
  INSTALL debian/linux-image-6.13.0-sm8250/usr/lib/linux-image-6.13.0-sm8250/qcom/sc7180-trogdor-homestar-r2.dtb
  INSTALL debian/linux-image-6.13.0-sm8250/usr/lib/linux-image-6.13.0-sm8250/qcom/sc7180-trogdor-homestar-r3.dtb
  INSTALL debian/linux-image-6.13.0-sm8250/usr/lib/linux-image-6.13.0-sm8250/qcom/sc7180-trogdor-homestar-r4.dtb
  INSTALL debian/linux-image-6.13.0-sm8250/usr/lib/linux-image-6.13.0-sm8250/qcom/sc7180-trogdor-kingoftown.dtb
  INSTALL debian/linux-image-6.13.0-sm8250/usr/lib/linux-image-6.13.0-sm8250/qcom/sc7180-trogdor-lazor-r1.dtb
  INSTALL debian/linux-image-6.13.0-sm8250/usr/lib/linux-image-6.13.0-sm8250/qcom/sc7180-trogdor-lazor-r1-kb.dtb
  INSTALL debian/linux-image-6.13.0-sm8250/usr/lib/linux-image-6.13.0-sm8250/qcom/sc7180-trogdor-lazor-r1-lte.dtb
  INSTALL debian/linux-image-6.13.0-sm8250/usr/lib/linux-image-6.13.0-sm8250/qcom/sc7180-trogdor-lazor-r3.dtb
  INSTALL debian/linux-image-6.13.0-sm8250/usr/lib/linux-image-6.13.0-sm8250/qcom/sc7180-trogdor-lazor-r3-kb.dtb
  INSTALL debian/linux-image-6.13.0-sm8250/usr/lib/linux-image-6.13.0-sm8250/qcom/sc7180-trogdor-lazor-r3-lte.dtb
  INSTALL debian/linux-image-6.13.0-sm8250/usr/lib/linux-image-6.13.0-sm8250/qcom/sc7180-trogdor-lazor-r9.dtb
  INSTALL debian/linux-image-6.13.0-sm8250/usr/lib/linux-image-6.13.0-sm8250/qcom/sc7180-trogdor-lazor-r9-kb.dtb
  INSTALL debian/linux-image-6.13.0-sm8250/usr/lib/linux-image-6.13.0-sm8250/qcom/sc7180-trogdor-lazor-r10.dtb
  INSTALL debian/linux-image-6.13.0-sm8250/usr/lib/linux-image-6.13.0-sm8250/qcom/sc7180-trogdor-lazor-r9-lte.dtb
  INSTALL debian/linux-image-6.13.0-sm8250/usr/lib/linux-image-6.13.0-sm8250/qcom/sc7180-trogdor-lazor-r10-kb.dtb
  INSTALL debian/linux-image-6.13.0-sm8250/usr/lib/linux-image-6.13.0-sm8250/qcom/sc7180-trogdor-lazor-r10-lte.dtb
  INSTALL debian/linux-image-6.13.0-sm8250/usr/lib/linux-image-6.13.0-sm8250/qcom/sc7180-trogdor-lazor-limozeen-r4.dtb
  INSTALL debian/linux-image-6.13.0-sm8250/usr/lib/linux-image-6.13.0-sm8250/qcom/sc7180-trogdor-lazor-limozeen-r10.dtb
  INSTALL debian/linux-image-6.13.0-sm8250/usr/lib/linux-image-6.13.0-sm8250/qcom/sc7180-trogdor-lazor-limozeen-r9.dtb
  INSTALL debian/linux-image-6.13.0-sm8250/usr/lib/linux-image-6.13.0-sm8250/qcom/sc7180-trogdor-lazor-limozeen-nots-r4.dtb
  INSTALL debian/linux-image-6.13.0-sm8250/usr/lib/linux-image-6.13.0-sm8250/qcom/sc7180-trogdor-lazor-limozeen-nots-r5.dtb
  INSTALL debian/linux-image-6.13.0-sm8250/usr/lib/linux-image-6.13.0-sm8250/qcom/sc7180-trogdor-lazor-limozeen-nots-r9.dtb
  INSTALL debian/linux-image-6.13.0-sm8250/usr/lib/linux-image-6.13.0-sm8250/qcom/sc7180-trogdor-lazor-limozeen-nots-r10.dtb
  INSTALL debian/linux-image-6.13.0-sm8250/usr/lib/linux-image-6.13.0-sm8250/qcom/sc7180-trogdor-pazquel-lte-parade.dtb
  INSTALL debian/linux-image-6.13.0-sm8250/usr/lib/linux-image-6.13.0-sm8250/qcom/sc7180-trogdor-pazquel-lte-ti.dtb
  INSTALL debian/linux-image-6.13.0-sm8250/usr/lib/linux-image-6.13.0-sm8250/qcom/sc7180-trogdor-pazquel-ti.dtb
  INSTALL debian/linux-image-6.13.0-sm8250/usr/lib/linux-image-6.13.0-sm8250/qcom/sc7180-trogdor-pazquel-parade.dtb
  INSTALL debian/linux-image-6.13.0-sm8250/usr/lib/linux-image-6.13.0-sm8250/qcom/sc7180-trogdor-pazquel360-lte.dtb
  INSTALL debian/linux-image-6.13.0-sm8250/usr/lib/linux-image-6.13.0-sm8250/qcom/sc7180-trogdor-pazquel360-wifi.dtb
  INSTALL debian/linux-image-6.13.0-sm8250/usr/lib/linux-image-6.13.0-sm8250/qcom/sc7180-trogdor-pompom-r1.dtb
  INSTALL debian/linux-image-6.13.0-sm8250/usr/lib/linux-image-6.13.0-sm8250/qcom/sc7180-trogdor-pompom-r1-lte.dtb
  INSTALL debian/linux-image-6.13.0-sm8250/usr/lib/linux-image-6.13.0-sm8250/qcom/sc7180-trogdor-pompom-r2.dtb
  INSTALL debian/linux-image-6.13.0-sm8250/usr/lib/linux-image-6.13.0-sm8250/qcom/sc7180-trogdor-pompom-r2-lte.dtb
  INSTALL debian/linux-image-6.13.0-sm8250/usr/lib/linux-image-6.13.0-sm8250/qcom/sc7180-trogdor-pompom-r3.dtb
  INSTALL debian/linux-image-6.13.0-sm8250/usr/lib/linux-image-6.13.0-sm8250/qcom/sc7180-trogdor-pompom-r3-lte.dtb
  INSTALL debian/linux-image-6.13.0-sm8250/usr/lib/linux-image-6.13.0-sm8250/qcom/sc7180-trogdor-quackingstick-r0.dtb
  INSTALL debian/linux-image-6.13.0-sm8250/usr/lib/linux-image-6.13.0-sm8250/qcom/sc7180-trogdor-quackingstick-r0-lte.dtb
  INSTALL debian/linux-image-6.13.0-sm8250/usr/lib/linux-image-6.13.0-sm8250/qcom/sc7180-trogdor-wormdingler-rev1-boe.dtb
  INSTALL debian/linux-image-6.13.0-sm8250/usr/lib/linux-image-6.13.0-sm8250/qcom/sc7180-trogdor-wormdingler-rev1-inx.dtb
  INSTALL debian/linux-image-6.13.0-sm8250/usr/lib/linux-image-6.13.0-sm8250/qcom/sc7180-trogdor-wormdingler-rev1-inx-rt5682s.dtb
  INSTALL debian/linux-image-6.13.0-sm8250/usr/lib/linux-image-6.13.0-sm8250/qcom/sc7180-trogdor-wormdingler-rev1-boe-rt5682s.dtb
  INSTALL debian/linux-image-6.13.0-sm8250/usr/lib/linux-image-6.13.0-sm8250/qcom/sc7180-trogdor-r1.dtb
  INSTALL debian/linux-image-6.13.0-sm8250/usr/lib/linux-image-6.13.0-sm8250/qcom/sc7180-trogdor-r1-lte.dtb
  INSTALL debian/linux-image-6.13.0-sm8250/usr/lib/linux-image-6.13.0-sm8250/qcom/sc7280-herobrine-crd.dtb
  INSTALL debian/linux-image-6.13.0-sm8250/usr/lib/linux-image-6.13.0-sm8250/qcom/sc7280-herobrine-crd-pro.dtb
  INSTALL debian/linux-image-6.13.0-sm8250/usr/lib/linux-image-6.13.0-sm8250/qcom/sc7280-herobrine-evoker.dtb
  INSTALL debian/linux-image-6.13.0-sm8250/usr/lib/linux-image-6.13.0-sm8250/qcom/sc7280-herobrine-evoker-lte.dtb
  INSTALL debian/linux-image-6.13.0-sm8250/usr/lib/linux-image-6.13.0-sm8250/qcom/sc7280-herobrine-herobrine-r1.dtb
  INSTALL debian/linux-image-6.13.0-sm8250/usr/lib/linux-image-6.13.0-sm8250/qcom/sc7280-herobrine-villager-r1.dtb
  INSTALL debian/linux-image-6.13.0-sm8250/usr/lib/linux-image-6.13.0-sm8250/qcom/sc7280-herobrine-villager-r1-lte.dtb
  INSTALL debian/linux-image-6.13.0-sm8250/usr/lib/linux-image-6.13.0-sm8250/qcom/sc7280-herobrine-villager-r0.dtb
  INSTALL debian/linux-image-6.13.0-sm8250/usr/lib/linux-image-6.13.0-sm8250/qcom/sc7280-herobrine-zombie.dtb
  INSTALL debian/linux-image-6.13.0-sm8250/usr/lib/linux-image-6.13.0-sm8250/qcom/sc7280-herobrine-zombie-lte.dtb
  INSTALL debian/linux-image-6.13.0-sm8250/usr/lib/linux-image-6.13.0-sm8250/qcom/sc7280-herobrine-zombie-nvme.dtb
  INSTALL debian/linux-image-6.13.0-sm8250/usr/lib/linux-image-6.13.0-sm8250/qcom/sc7280-herobrine-zombie-nvme-lte.dtb
  INSTALL debian/linux-image-6.13.0-sm8250/usr/lib/linux-image-6.13.0-sm8250/qcom/sc7280-idp.dtb
  INSTALL debian/linux-image-6.13.0-sm8250/usr/lib/linux-image-6.13.0-sm8250/qcom/sc7280-idp2.dtb
  INSTALL debian/linux-image-6.13.0-sm8250/usr/lib/linux-image-6.13.0-sm8250/qcom/sc7280-crd-r3.dtb
  INSTALL debian/linux-image-6.13.0-sm8250/usr/lib/linux-image-6.13.0-sm8250/qcom/sc8180x-lenovo-flex-5g.dtb
  INSTALL debian/linux-image-6.13.0-sm8250/usr/lib/linux-image-6.13.0-sm8250/qcom/sc8180x-primus.dtb
  INSTALL debian/linux-image-6.13.0-sm8250/usr/lib/linux-image-6.13.0-sm8250/qcom/sc8280xp-crd.dtb
  INSTALL debian/linux-image-6.13.0-sm8250/usr/lib/linux-image-6.13.0-sm8250/qcom/sc8280xp-lenovo-thinkpad-x13s.dtb
  INSTALL debian/linux-image-6.13.0-sm8250/usr/lib/linux-image-6.13.0-sm8250/qcom/sc8280xp-microsoft-arcata.dtb
  INSTALL debian/linux-image-6.13.0-sm8250/usr/lib/linux-image-6.13.0-sm8250/qcom/sda660-inforce-ifc6560.dtb
  INSTALL debian/linux-image-6.13.0-sm8250/usr/lib/linux-image-6.13.0-sm8250/qcom/sdm450-lenovo-tbx605f.dtb
  INSTALL debian/linux-image-6.13.0-sm8250/usr/lib/linux-image-6.13.0-sm8250/qcom/sdm630-sony-xperia-ganges-kirin.dtb
  INSTALL debian/linux-image-6.13.0-sm8250/usr/lib/linux-image-6.13.0-sm8250/qcom/sdm630-sony-xperia-nile-discovery.dtb
  INSTALL debian/linux-image-6.13.0-sm8250/usr/lib/linux-image-6.13.0-sm8250/qcom/sdm630-sony-xperia-nile-pioneer.dtb
  INSTALL debian/linux-image-6.13.0-sm8250/usr/lib/linux-image-6.13.0-sm8250/qcom/sdm450-motorola-ali.dtb
  INSTALL debian/linux-image-6.13.0-sm8250/usr/lib/linux-image-6.13.0-sm8250/qcom/sdm632-fairphone-fp3.dtb
  INSTALL debian/linux-image-6.13.0-sm8250/usr/lib/linux-image-6.13.0-sm8250/qcom/sdm630-sony-xperia-nile-voyager.dtb
  INSTALL debian/linux-image-6.13.0-sm8250/usr/lib/linux-image-6.13.0-sm8250/qcom/sdm632-motorola-ocean.dtb
  INSTALL debian/linux-image-6.13.0-sm8250/usr/lib/linux-image-6.13.0-sm8250/qcom/sdm636-sony-xperia-ganges-mermaid.dtb
  INSTALL debian/linux-image-6.13.0-sm8250/usr/lib/linux-image-6.13.0-sm8250/qcom/sdm660-xiaomi-lavender.dtb
  INSTALL debian/linux-image-6.13.0-sm8250/usr/lib/linux-image-6.13.0-sm8250/qcom/sdm670-google-sargo.dtb
  INSTALL debian/linux-image-6.13.0-sm8250/usr/lib/linux-image-6.13.0-sm8250/qcom/sdm845-cheza-r1.dtb
  INSTALL debian/linux-image-6.13.0-sm8250/usr/lib/linux-image-6.13.0-sm8250/qcom/sdm845-cheza-r2.dtb
  INSTALL debian/linux-image-6.13.0-sm8250/usr/lib/linux-image-6.13.0-sm8250/qcom/sdm845-cheza-r3.dtb
  INSTALL debian/linux-image-6.13.0-sm8250/usr/lib/linux-image-6.13.0-sm8250/qcom/sdm845-db845c.dtb
  INSTALL debian/linux-image-6.13.0-sm8250/usr/lib/linux-image-6.13.0-sm8250/qcom/sdm845-lg-judyln.dtb
  INSTALL debian/linux-image-6.13.0-sm8250/usr/lib/linux-image-6.13.0-sm8250/qcom/sdm845-lg-judyp.dtb
  INSTALL debian/linux-image-6.13.0-sm8250/usr/lib/linux-image-6.13.0-sm8250/qcom/sdm845-mtp.dtb
  INSTALL debian/linux-image-6.13.0-sm8250/usr/lib/linux-image-6.13.0-sm8250/qcom/sdm845-oneplus-enchilada.dtb
  INSTALL debian/linux-image-6.13.0-sm8250/usr/lib/linux-image-6.13.0-sm8250/qcom/sdm845-db845c-navigation-mezzanine.dtb
  INSTALL debian/linux-image-6.13.0-sm8250/usr/lib/linux-image-6.13.0-sm8250/qcom/sdm845-oneplus-fajita.dtb
  INSTALL debian/linux-image-6.13.0-sm8250/usr/lib/linux-image-6.13.0-sm8250/qcom/sdm845-samsung-starqltechn.dtb
  INSTALL debian/linux-image-6.13.0-sm8250/usr/lib/linux-image-6.13.0-sm8250/qcom/sdm845-sony-xperia-tama-akari.dtb
  INSTALL debian/linux-image-6.13.0-sm8250/usr/lib/linux-image-6.13.0-sm8250/qcom/sdm845-sony-xperia-tama-akatsuki.dtb
  INSTALL debian/linux-image-6.13.0-sm8250/usr/lib/linux-image-6.13.0-sm8250/qcom/sdm845-sony-xperia-tama-apollo.dtb
  INSTALL debian/linux-image-6.13.0-sm8250/usr/lib/linux-image-6.13.0-sm8250/qcom/sdm845-xiaomi-beryllium-ebbg.dtb
  INSTALL debian/linux-image-6.13.0-sm8250/usr/lib/linux-image-6.13.0-sm8250/qcom/sdm845-xiaomi-beryllium-tianma.dtb
  INSTALL debian/linux-image-6.13.0-sm8250/usr/lib/linux-image-6.13.0-sm8250/qcom/sdm845-xiaomi-polaris.dtb
  INSTALL debian/linux-image-6.13.0-sm8250/usr/lib/linux-image-6.13.0-sm8250/qcom/sdm845-shift-axolotl.dtb
  INSTALL debian/linux-image-6.13.0-sm8250/usr/lib/linux-image-6.13.0-sm8250/qcom/sdm850-lenovo-yoga-c630.dtb
  INSTALL debian/linux-image-6.13.0-sm8250/usr/lib/linux-image-6.13.0-sm8250/qcom/sdm850-samsung-w737.dtb
  INSTALL debian/linux-image-6.13.0-sm8250/usr/lib/linux-image-6.13.0-sm8250/qcom/sdx75-idp.dtb
  INSTALL debian/linux-image-6.13.0-sm8250/usr/lib/linux-image-6.13.0-sm8250/qcom/sm4450-qrd.dtb
  INSTALL debian/linux-image-6.13.0-sm8250/usr/lib/linux-image-6.13.0-sm8250/qcom/sm6115-fxtec-pro1x.dtb
  INSTALL debian/linux-image-6.13.0-sm8250/usr/lib/linux-image-6.13.0-sm8250/qcom/sm4250-oneplus-billie2.dtb
  INSTALL debian/linux-image-6.13.0-sm8250/usr/lib/linux-image-6.13.0-sm8250/qcom/sm6115p-lenovo-j606f.dtb
  INSTALL debian/linux-image-6.13.0-sm8250/usr/lib/linux-image-6.13.0-sm8250/qcom/sm6125-sony-xperia-seine-pdx201.dtb
  INSTALL debian/linux-image-6.13.0-sm8250/usr/lib/linux-image-6.13.0-sm8250/qcom/sm6125-xiaomi-laurel-sprout.dtb
  INSTALL debian/linux-image-6.13.0-sm8250/usr/lib/linux-image-6.13.0-sm8250/qcom/sm6350-sony-xperia-lena-pdx213.dtb
  INSTALL debian/linux-image-6.13.0-sm8250/usr/lib/linux-image-6.13.0-sm8250/qcom/sm6375-sony-xperia-murray-pdx225.dtb
  INSTALL debian/linux-image-6.13.0-sm8250/usr/lib/linux-image-6.13.0-sm8250/qcom/sm7125-xiaomi-curtana.dtb
  INSTALL debian/linux-image-6.13.0-sm8250/usr/lib/linux-image-6.13.0-sm8250/qcom/sm7125-xiaomi-joyeuse.dtb
  INSTALL debian/linux-image-6.13.0-sm8250/usr/lib/linux-image-6.13.0-sm8250/qcom/sm7225-fairphone-fp4.dtb
  INSTALL debian/linux-image-6.13.0-sm8250/usr/lib/linux-image-6.13.0-sm8250/qcom/sm7325-nothing-spacewar.dtb
  INSTALL debian/linux-image-6.13.0-sm8250/usr/lib/linux-image-6.13.0-sm8250/qcom/sm8150-hdk.dtb
  INSTALL debian/linux-image-6.13.0-sm8250/usr/lib/linux-image-6.13.0-sm8250/qcom/sm8150-microsoft-surface-duo.dtb
  INSTALL debian/linux-image-6.13.0-sm8250/usr/lib/linux-image-6.13.0-sm8250/qcom/sm8150-mtp.dtb
  INSTALL debian/linux-image-6.13.0-sm8250/usr/lib/linux-image-6.13.0-sm8250/qcom/sm8150-sony-xperia-kumano-bahamut.dtb
  INSTALL debian/linux-image-6.13.0-sm8250/usr/lib/linux-image-6.13.0-sm8250/qcom/sm8150-sony-xperia-kumano-griffin.dtb
  INSTALL debian/linux-image-6.13.0-sm8250/usr/lib/linux-image-6.13.0-sm8250/qcom/sm8250-hdk.dtb
  INSTALL debian/linux-image-6.13.0-sm8250/usr/lib/linux-image-6.13.0-sm8250/qcom/sm8250-mtp.dtb
  INSTALL debian/linux-image-6.13.0-sm8250/usr/lib/linux-image-6.13.0-sm8250/qcom/sm8250-sony-xperia-edo-pdx203.dtb
  INSTALL debian/linux-image-6.13.0-sm8250/usr/lib/linux-image-6.13.0-sm8250/qcom/sm8250-sony-xperia-edo-pdx206.dtb
  INSTALL debian/linux-image-6.13.0-sm8250/usr/lib/linux-image-6.13.0-sm8250/qcom/sm8250-xiaomi-alioth.dtb
  INSTALL debian/linux-image-6.13.0-sm8250/usr/lib/linux-image-6.13.0-sm8250/qcom/sm8250-xiaomi-lmi.dtb
  INSTALL debian/linux-image-6.13.0-sm8250/usr/lib/linux-image-6.13.0-sm8250/qcom/sm8250-xiaomi-elish-boe.dtb
  INSTALL debian/linux-image-6.13.0-sm8250/usr/lib/linux-image-6.13.0-sm8250/qcom/sm8250-xiaomi-elish-csot.dtb
  INSTALL debian/linux-image-6.13.0-sm8250/usr/lib/linux-image-6.13.0-sm8250/qcom/sm8350-hdk.dtb
  INSTALL debian/linux-image-6.13.0-sm8250/usr/lib/linux-image-6.13.0-sm8250/qcom/sm8250-xiaomi-pipa.dtb
  INSTALL debian/linux-image-6.13.0-sm8250/usr/lib/linux-image-6.13.0-sm8250/qcom/sm8350-microsoft-surface-duo2.dtb
  INSTALL debian/linux-image-6.13.0-sm8250/usr/lib/linux-image-6.13.0-sm8250/qcom/sm8350-mtp.dtb
  INSTALL debian/linux-image-6.13.0-sm8250/usr/lib/linux-image-6.13.0-sm8250/qcom/sm8350-sony-xperia-sagami-pdx215.dtb
  INSTALL debian/linux-image-6.13.0-sm8250/usr/lib/linux-image-6.13.0-sm8250/qcom/sm8350-sony-xperia-sagami-pdx214.dtb
  INSTALL debian/linux-image-6.13.0-sm8250/usr/lib/linux-image-6.13.0-sm8250/qcom/sm8450-hdk.dtb
  INSTALL debian/linux-image-6.13.0-sm8250/usr/lib/linux-image-6.13.0-sm8250/qcom/sm8450-qrd.dtb
  INSTALL debian/linux-image-6.13.0-sm8250/usr/lib/linux-image-6.13.0-sm8250/qcom/sm8450-sony-xperia-nagara-pdx223.dtb
  INSTALL debian/linux-image-6.13.0-sm8250/usr/lib/linux-image-6.13.0-sm8250/qcom/sm8450-sony-xperia-nagara-pdx224.dtb
  INSTALL debian/linux-image-6.13.0-sm8250/usr/lib/linux-image-6.13.0-sm8250/qcom/sm8550-hdk.dtb
  INSTALL debian/linux-image-6.13.0-sm8250/usr/lib/linux-image-6.13.0-sm8250/qcom/sm8550-mtp.dtb
  INSTALL debian/linux-image-6.13.0-sm8250/usr/lib/linux-image-6.13.0-sm8250/qcom/sm8550-qrd.dtb
  INSTALL debian/linux-image-6.13.0-sm8250/usr/lib/linux-image-6.13.0-sm8250/qcom/sm8550-samsung-q5q.dtb
  INSTALL debian/linux-image-6.13.0-sm8250/usr/lib/linux-image-6.13.0-sm8250/qcom/sm8550-sony-xperia-yodo-pdx234.dtb
  INSTALL debian/linux-image-6.13.0-sm8250/usr/lib/linux-image-6.13.0-sm8250/qcom/sm8650-hdk.dtb
  INSTALL debian/linux-image-6.13.0-sm8250/usr/lib/linux-image-6.13.0-sm8250/qcom/sm8650-hdk-display-card.dtb
  INSTALL debian/linux-image-6.13.0-sm8250/usr/lib/linux-image-6.13.0-sm8250/qcom/sm8650-mtp.dtb
  INSTALL debian/linux-image-6.13.0-sm8250/usr/lib/linux-image-6.13.0-sm8250/qcom/sm8650-qrd.dtb
  INSTALL debian/linux-image-6.13.0-sm8250/usr/lib/linux-image-6.13.0-sm8250/qcom/x1e78100-lenovo-thinkpad-t14s.dtb
  INSTALL debian/linux-image-6.13.0-sm8250/usr/lib/linux-image-6.13.0-sm8250/qcom/x1e80100-asus-vivobook-s15.dtb
  INSTALL debian/linux-image-6.13.0-sm8250/usr/lib/linux-image-6.13.0-sm8250/qcom/x1e80100-crd.dtb
  INSTALL debian/linux-image-6.13.0-sm8250/usr/lib/linux-image-6.13.0-sm8250/qcom/x1e80100-dell-xps13-9345.dtb
  INSTALL debian/linux-image-6.13.0-sm8250/usr/lib/linux-image-6.13.0-sm8250/qcom/x1e80100-lenovo-yoga-slim7x.dtb
  INSTALL debian/linux-image-6.13.0-sm8250/usr/lib/linux-image-6.13.0-sm8250/qcom/x1e80100-microsoft-romulus13.dtb
  INSTALL debian/linux-image-6.13.0-sm8250/usr/lib/linux-image-6.13.0-sm8250/qcom/x1e80100-microsoft-romulus15.dtb
  INSTALL debian/linux-image-6.13.0-sm8250/usr/lib/linux-image-6.13.0-sm8250/qcom/x1e80100-qcp.dtb
  INSTALL debian/linux-image-6.13.0-sm8250/lib/modules/6.13.0-sm8250/modules.order
  SYMLINK debian/linux-image-6.13.0-sm8250/lib/modules/6.13.0-sm8250/build
  INSTALL debian/linux-image-6.13.0-sm8250/lib/modules/6.13.0-sm8250/modules.builtin
  INSTALL debian/linux-image-6.13.0-sm8250/lib/modules/6.13.0-sm8250/modules.builtin.modinfo
  INSTALL debian/linux-image-6.13.0-sm8250/lib/modules/6.13.0-sm8250/kernel/arch/arm64/crypto/sha512-ce.ko
  INSTALL debian/linux-image-6.13.0-sm8250/lib/modules/6.13.0-sm8250/kernel/arch/arm64/crypto/sha3-ce.ko
  INSTALL debian/linux-image-6.13.0-sm8250/lib/modules/6.13.0-sm8250/kernel/arch/arm64/crypto/sm3-ce.ko
  STRIP   debian/linux-image-6.13.0-sm8250/lib/modules/6.13.0-sm8250/kernel/arch/arm64/crypto/sha512-ce.ko
  STRIP   debian/linux-image-6.13.0-sm8250/lib/modules/6.13.0-sm8250/kernel/arch/arm64/crypto/sha3-ce.ko
  STRIP   debian/linux-image-6.13.0-sm8250/lib/modules/6.13.0-sm8250/kernel/arch/arm64/crypto/sm3-ce.ko
  INSTALL debian/linux-image-6.13.0-sm8250/lib/modules/6.13.0-sm8250/kernel/arch/arm64/crypto/crct10dif-ce.ko
  INSTALL debian/linux-image-6.13.0-sm8250/lib/modules/6.13.0-sm8250/kernel/arch/arm64/crypto/aes-neon-blk.ko
  INSTALL debian/linux-image-6.13.0-sm8250/lib/modules/6.13.0-sm8250/kernel/arch/arm64/crypto/sha512-arm64.ko
  STRIP   debian/linux-image-6.13.0-sm8250/lib/modules/6.13.0-sm8250/kernel/arch/arm64/crypto/crct10dif-ce.ko
  INSTALL debian/linux-image-6.13.0-sm8250/lib/modules/6.13.0-sm8250/kernel/arch/arm64/crypto/chacha-neon.ko
  STRIP   debian/linux-image-6.13.0-sm8250/lib/modules/6.13.0-sm8250/kernel/arch/arm64/crypto/aes-neon-blk.ko
  INSTALL debian/linux-image-6.13.0-sm8250/lib/modules/6.13.0-sm8250/kernel/arch/arm64/crypto/poly1305-neon.ko
  STRIP   debian/linux-image-6.13.0-sm8250/lib/modules/6.13.0-sm8250/kernel/arch/arm64/crypto/sha512-arm64.ko
  STRIP   debian/linux-image-6.13.0-sm8250/lib/modules/6.13.0-sm8250/kernel/arch/arm64/crypto/chacha-neon.ko
  INSTALL debian/linux-image-6.13.0-sm8250/lib/modules/6.13.0-sm8250/kernel/arch/arm64/crypto/aes-neon-bs.ko
  STRIP   debian/linux-image-6.13.0-sm8250/lib/modules/6.13.0-sm8250/kernel/arch/arm64/crypto/poly1305-neon.ko
  INSTALL debian/linux-image-6.13.0-sm8250/lib/modules/6.13.0-sm8250/kernel/mm/zsmalloc.ko
  INSTALL debian/linux-image-6.13.0-sm8250/lib/modules/6.13.0-sm8250/kernel/fs/binfmt_misc.ko
  INSTALL debian/linux-image-6.13.0-sm8250/lib/modules/6.13.0-sm8250/kernel/fs/exfat/exfat.ko
  STRIP   debian/linux-image-6.13.0-sm8250/lib/modules/6.13.0-sm8250/kernel/arch/arm64/crypto/aes-neon-bs.ko
  INSTALL debian/linux-image-6.13.0-sm8250/lib/modules/6.13.0-sm8250/kernel/fs/fuse/fuse.ko
  STRIP   debian/linux-image-6.13.0-sm8250/lib/modules/6.13.0-sm8250/kernel/mm/zsmalloc.ko
  STRIP   debian/linux-image-6.13.0-sm8250/lib/modules/6.13.0-sm8250/kernel/fs/exfat/exfat.ko
  STRIP   debian/linux-image-6.13.0-sm8250/lib/modules/6.13.0-sm8250/kernel/fs/binfmt_misc.ko
  STRIP   debian/linux-image-6.13.0-sm8250/lib/modules/6.13.0-sm8250/kernel/fs/fuse/fuse.ko
  INSTALL debian/linux-image-6.13.0-sm8250/lib/modules/6.13.0-sm8250/kernel/fs/fuse/cuse.ko
  INSTALL debian/linux-image-6.13.0-sm8250/lib/modules/6.13.0-sm8250/kernel/fs/overlayfs/overlay.ko
  INSTALL debian/linux-image-6.13.0-sm8250/lib/modules/6.13.0-sm8250/kernel/crypto/crypto_engine.ko
  STRIP   debian/linux-image-6.13.0-sm8250/lib/modules/6.13.0-sm8250/kernel/fs/fuse/cuse.ko
  STRIP   debian/linux-image-6.13.0-sm8250/lib/modules/6.13.0-sm8250/kernel/fs/overlayfs/overlay.ko
  INSTALL debian/linux-image-6.13.0-sm8250/lib/modules/6.13.0-sm8250/kernel/crypto/sm3.ko
  STRIP   debian/linux-image-6.13.0-sm8250/lib/modules/6.13.0-sm8250/kernel/crypto/crypto_engine.ko
  INSTALL debian/linux-image-6.13.0-sm8250/lib/modules/6.13.0-sm8250/kernel/crypto/sm3_generic.ko
  STRIP   debian/linux-image-6.13.0-sm8250/lib/modules/6.13.0-sm8250/kernel/crypto/sm3.ko
  INSTALL debian/linux-image-6.13.0-sm8250/lib/modules/6.13.0-sm8250/kernel/crypto/des_generic.ko
  INSTALL debian/linux-image-6.13.0-sm8250/lib/modules/6.13.0-sm8250/kernel/crypto/sm4.ko
  INSTALL debian/linux-image-6.13.0-sm8250/lib/modules/6.13.0-sm8250/kernel/crypto/sm4_generic.ko
  STRIP   debian/linux-image-6.13.0-sm8250/lib/modules/6.13.0-sm8250/kernel/crypto/sm3_generic.ko
  INSTALL debian/linux-image-6.13.0-sm8250/lib/modules/6.13.0-sm8250/kernel/crypto/deflate.ko
  STRIP   debian/linux-image-6.13.0-sm8250/lib/modules/6.13.0-sm8250/kernel/crypto/des_generic.ko
  STRIP   debian/linux-image-6.13.0-sm8250/lib/modules/6.13.0-sm8250/kernel/crypto/sm4.ko
  STRIP   debian/linux-image-6.13.0-sm8250/lib/modules/6.13.0-sm8250/kernel/crypto/sm4_generic.ko
  INSTALL debian/linux-image-6.13.0-sm8250/lib/modules/6.13.0-sm8250/kernel/crypto/michael_mic.ko
  INSTALL debian/linux-image-6.13.0-sm8250/lib/modules/6.13.0-sm8250/kernel/crypto/lzo.ko
  STRIP   debian/linux-image-6.13.0-sm8250/lib/modules/6.13.0-sm8250/kernel/crypto/deflate.ko
  STRIP   debian/linux-image-6.13.0-sm8250/lib/modules/6.13.0-sm8250/kernel/crypto/michael_mic.ko
  STRIP   debian/linux-image-6.13.0-sm8250/lib/modules/6.13.0-sm8250/kernel/crypto/lzo.ko
  INSTALL debian/linux-image-6.13.0-sm8250/lib/modules/6.13.0-sm8250/kernel/crypto/lzo-rle.ko
  INSTALL debian/linux-image-6.13.0-sm8250/lib/modules/6.13.0-sm8250/kernel/crypto/lz4.ko
  INSTALL debian/linux-image-6.13.0-sm8250/lib/modules/6.13.0-sm8250/kernel/crypto/tcrypt.ko
  INSTALL debian/linux-image-6.13.0-sm8250/lib/modules/6.13.0-sm8250/kernel/crypto/algif_hash.ko
  STRIP   debian/linux-image-6.13.0-sm8250/lib/modules/6.13.0-sm8250/kernel/crypto/lz4.ko
  STRIP   debian/linux-image-6.13.0-sm8250/lib/modules/6.13.0-sm8250/kernel/crypto/tcrypt.ko
  STRIP   debian/linux-image-6.13.0-sm8250/lib/modules/6.13.0-sm8250/kernel/crypto/algif_hash.ko
  STRIP   debian/linux-image-6.13.0-sm8250/lib/modules/6.13.0-sm8250/kernel/crypto/lzo-rle.ko
  INSTALL debian/linux-image-6.13.0-sm8250/lib/modules/6.13.0-sm8250/kernel/crypto/algif_skcipher.ko
  INSTALL debian/linux-image-6.13.0-sm8250/lib/modules/6.13.0-sm8250/kernel/crypto/algif_rng.ko
  STRIP   debian/linux-image-6.13.0-sm8250/lib/modules/6.13.0-sm8250/kernel/crypto/algif_skcipher.ko
  STRIP   debian/linux-image-6.13.0-sm8250/lib/modules/6.13.0-sm8250/kernel/crypto/algif_rng.ko
  INSTALL debian/linux-image-6.13.0-sm8250/lib/modules/6.13.0-sm8250/kernel/crypto/zstd.ko
  INSTALL debian/linux-image-6.13.0-sm8250/lib/modules/6.13.0-sm8250/kernel/crypto/ecc.ko
  INSTALL debian/linux-image-6.13.0-sm8250/lib/modules/6.13.0-sm8250/kernel/crypto/curve25519-generic.ko
  INSTALL debian/linux-image-6.13.0-sm8250/lib/modules/6.13.0-sm8250/kernel/crypto/ecdh_generic.ko
  INSTALL debian/linux-image-6.13.0-sm8250/lib/modules/6.13.0-sm8250/kernel/lib/crypto/libchacha.ko
  STRIP   debian/linux-image-6.13.0-sm8250/lib/modules/6.13.0-sm8250/kernel/crypto/zstd.ko
  STRIP   debian/linux-image-6.13.0-sm8250/lib/modules/6.13.0-sm8250/kernel/crypto/ecc.ko
  STRIP   debian/linux-image-6.13.0-sm8250/lib/modules/6.13.0-sm8250/kernel/crypto/curve25519-generic.ko
  STRIP   debian/linux-image-6.13.0-sm8250/lib/modules/6.13.0-sm8250/kernel/crypto/ecdh_generic.ko
  STRIP   debian/linux-image-6.13.0-sm8250/lib/modules/6.13.0-sm8250/kernel/lib/crypto/libchacha.ko
  INSTALL debian/linux-image-6.13.0-sm8250/lib/modules/6.13.0-sm8250/kernel/lib/crypto/libarc4.ko
  INSTALL debian/linux-image-6.13.0-sm8250/lib/modules/6.13.0-sm8250/kernel/lib/crypto/libchacha20poly1305.ko
  STRIP   debian/linux-image-6.13.0-sm8250/lib/modules/6.13.0-sm8250/kernel/lib/crypto/libarc4.ko
  INSTALL debian/linux-image-6.13.0-sm8250/lib/modules/6.13.0-sm8250/kernel/lib/crypto/libcurve25519-generic.ko
  INSTALL debian/linux-image-6.13.0-sm8250/lib/modules/6.13.0-sm8250/kernel/lib/crypto/libcurve25519.ko
  STRIP   debian/linux-image-6.13.0-sm8250/lib/modules/6.13.0-sm8250/kernel/lib/crypto/libchacha20poly1305.ko
  INSTALL debian/linux-image-6.13.0-sm8250/lib/modules/6.13.0-sm8250/kernel/lib/crypto/libdes.ko
  STRIP   debian/linux-image-6.13.0-sm8250/lib/modules/6.13.0-sm8250/kernel/lib/crypto/libcurve25519-generic.ko
  STRIP   debian/linux-image-6.13.0-sm8250/lib/modules/6.13.0-sm8250/kernel/lib/crypto/libcurve25519.ko
  STRIP   debian/linux-image-6.13.0-sm8250/lib/modules/6.13.0-sm8250/kernel/lib/crypto/libdes.ko
  INSTALL debian/linux-image-6.13.0-sm8250/lib/modules/6.13.0-sm8250/kernel/lib/lz4/lz4_compress.ko
  INSTALL debian/linux-image-6.13.0-sm8250/lib/modules/6.13.0-sm8250/kernel/lib/crc-ccitt.ko
  STRIP   debian/linux-image-6.13.0-sm8250/lib/modules/6.13.0-sm8250/kernel/lib/lz4/lz4_compress.ko
  INSTALL debian/linux-image-6.13.0-sm8250/lib/modules/6.13.0-sm8250/kernel/drivers/bus/mhi/host/mhi.ko
  INSTALL debian/linux-image-6.13.0-sm8250/lib/modules/6.13.0-sm8250/kernel/drivers/bus/mhi/host/mhi_pci_generic.ko
  STRIP   debian/linux-image-6.13.0-sm8250/lib/modules/6.13.0-sm8250/kernel/lib/crc-ccitt.ko
  STRIP   debian/linux-image-6.13.0-sm8250/lib/modules/6.13.0-sm8250/kernel/drivers/bus/mhi/host/mhi.ko
  STRIP   debian/linux-image-6.13.0-sm8250/lib/modules/6.13.0-sm8250/kernel/drivers/bus/mhi/host/mhi_pci_generic.ko
  INSTALL debian/linux-image-6.13.0-sm8250/lib/modules/6.13.0-sm8250/kernel/drivers/phy/cadence/phy-cadence-torrent.ko
  STRIP   debian/linux-image-6.13.0-sm8250/lib/modules/6.13.0-sm8250/kernel/drivers/phy/cadence/phy-cadence-torrent.ko
  INSTALL debian/linux-image-6.13.0-sm8250/lib/modules/6.13.0-sm8250/kernel/drivers/phy/cadence/cdns-dphy-rx.ko
  INSTALL debian/linux-image-6.13.0-sm8250/lib/modules/6.13.0-sm8250/kernel/drivers/phy/cadence/phy-cadence-sierra.ko
  INSTALL debian/linux-image-6.13.0-sm8250/lib/modules/6.13.0-sm8250/kernel/drivers/phy/cadence/phy-cadence-salvo.ko
  STRIP   debian/linux-image-6.13.0-sm8250/lib/modules/6.13.0-sm8250/kernel/drivers/phy/cadence/phy-cadence-sierra.ko
  STRIP   debian/linux-image-6.13.0-sm8250/lib/modules/6.13.0-sm8250/kernel/drivers/phy/cadence/phy-cadence-salvo.ko
  STRIP   debian/linux-image-6.13.0-sm8250/lib/modules/6.13.0-sm8250/kernel/drivers/phy/cadence/cdns-dphy-rx.ko
  INSTALL debian/linux-image-6.13.0-sm8250/lib/modules/6.13.0-sm8250/kernel/drivers/phy/qualcomm/phy-qcom-edp.ko
  INSTALL debian/linux-image-6.13.0-sm8250/lib/modules/6.13.0-sm8250/kernel/drivers/phy/qualcomm/phy-qcom-m31.ko
  INSTALL debian/linux-image-6.13.0-sm8250/lib/modules/6.13.0-sm8250/kernel/drivers/phy/qualcomm/phy-qcom-pcie2.ko
  STRIP   debian/linux-image-6.13.0-sm8250/lib/modules/6.13.0-sm8250/kernel/drivers/phy/qualcomm/phy-qcom-edp.ko
  STRIP   debian/linux-image-6.13.0-sm8250/lib/modules/6.13.0-sm8250/kernel/drivers/phy/qualcomm/phy-qcom-m31.ko
  INSTALL debian/linux-image-6.13.0-sm8250/lib/modules/6.13.0-sm8250/kernel/drivers/phy/qualcomm/phy-qcom-qmp-pcie-msm8996.ko
  INSTALL debian/linux-image-6.13.0-sm8250/lib/modules/6.13.0-sm8250/kernel/drivers/phy/qualcomm/phy-qcom-sgmii-eth.ko
  STRIP   debian/linux-image-6.13.0-sm8250/lib/modules/6.13.0-sm8250/kernel/drivers/phy/qualcomm/phy-qcom-pcie2.ko
  STRIP   debian/linux-image-6.13.0-sm8250/lib/modules/6.13.0-sm8250/kernel/drivers/phy/qualcomm/phy-qcom-qmp-pcie-msm8996.ko
  STRIP   debian/linux-image-6.13.0-sm8250/lib/modules/6.13.0-sm8250/kernel/drivers/phy/qualcomm/phy-qcom-sgmii-eth.ko
  INSTALL debian/linux-image-6.13.0-sm8250/lib/modules/6.13.0-sm8250/kernel/drivers/phy/phy-can-transceiver.ko
  INSTALL debian/linux-image-6.13.0-sm8250/lib/modules/6.13.0-sm8250/kernel/drivers/pinctrl/qcom/pinctrl-sc7280-lpass-lpi.ko
  INSTALL debian/linux-image-6.13.0-sm8250/lib/modules/6.13.0-sm8250/kernel/drivers/pinctrl/qcom/pinctrl-sm6115-lpass-lpi.ko
  STRIP   debian/linux-image-6.13.0-sm8250/lib/modules/6.13.0-sm8250/kernel/drivers/pinctrl/qcom/pinctrl-sc7280-lpass-lpi.ko
  STRIP   debian/linux-image-6.13.0-sm8250/lib/modules/6.13.0-sm8250/kernel/drivers/phy/phy-can-transceiver.ko
  STRIP   debian/linux-image-6.13.0-sm8250/lib/modules/6.13.0-sm8250/kernel/drivers/pinctrl/qcom/pinctrl-sm6115-lpass-lpi.ko
  INSTALL debian/linux-image-6.13.0-sm8250/lib/modules/6.13.0-sm8250/kernel/drivers/pinctrl/qcom/pinctrl-sm8350-lpass-lpi.ko
  STRIP   debian/linux-image-6.13.0-sm8250/lib/modules/6.13.0-sm8250/kernel/drivers/pinctrl/qcom/pinctrl-sm8350-lpass-lpi.ko
  INSTALL debian/linux-image-6.13.0-sm8250/lib/modules/6.13.0-sm8250/kernel/drivers/pinctrl/qcom/pinctrl-sm8450-lpass-lpi.ko
  INSTALL debian/linux-image-6.13.0-sm8250/lib/modules/6.13.0-sm8250/kernel/drivers/pinctrl/qcom/pinctrl-sm8550-lpass-lpi.ko
  INSTALL debian/linux-image-6.13.0-sm8250/lib/modules/6.13.0-sm8250/kernel/drivers/pinctrl/qcom/pinctrl-sm8650-lpass-lpi.ko
  STRIP   debian/linux-image-6.13.0-sm8250/lib/modules/6.13.0-sm8250/kernel/drivers/pinctrl/qcom/pinctrl-sm8450-lpass-lpi.ko
  STRIP   debian/linux-image-6.13.0-sm8250/lib/modules/6.13.0-sm8250/kernel/drivers/pinctrl/qcom/pinctrl-sm8550-lpass-lpi.ko
  INSTALL debian/linux-image-6.13.0-sm8250/lib/modules/6.13.0-sm8250/kernel/drivers/pinctrl/qcom/pinctrl-sc8280xp-lpass-lpi.ko
  STRIP   debian/linux-image-6.13.0-sm8250/lib/modules/6.13.0-sm8250/kernel/drivers/pinctrl/qcom/pinctrl-sm8650-lpass-lpi.ko
  INSTALL debian/linux-image-6.13.0-sm8250/lib/modules/6.13.0-sm8250/kernel/drivers/pinctrl/pinctrl-da9062.ko
  STRIP   debian/linux-image-6.13.0-sm8250/lib/modules/6.13.0-sm8250/kernel/drivers/pinctrl/qcom/pinctrl-sc8280xp-lpass-lpi.ko
  STRIP   debian/linux-image-6.13.0-sm8250/lib/modules/6.13.0-sm8250/kernel/drivers/pinctrl/pinctrl-da9062.ko
  INSTALL debian/linux-image-6.13.0-sm8250/lib/modules/6.13.0-sm8250/kernel/drivers/pinctrl/pinctrl-rk805.ko
  INSTALL debian/linux-image-6.13.0-sm8250/lib/modules/6.13.0-sm8250/kernel/drivers/pinctrl/pinctrl-tps6594.ko
  STRIP   debian/linux-image-6.13.0-sm8250/lib/modules/6.13.0-sm8250/kernel/drivers/pinctrl/pinctrl-rk805.ko
  INSTALL debian/linux-image-6.13.0-sm8250/lib/modules/6.13.0-sm8250/kernel/drivers/gpio/gpio-regmap.ko
  INSTALL debian/linux-image-6.13.0-sm8250/lib/modules/6.13.0-sm8250/kernel/drivers/gpio/gpio-adp5585.ko
  STRIP   debian/linux-image-6.13.0-sm8250/lib/modules/6.13.0-sm8250/kernel/drivers/pinctrl/pinctrl-tps6594.ko
  INSTALL debian/linux-image-6.13.0-sm8250/lib/modules/6.13.0-sm8250/kernel/drivers/gpio/gpio-aggregator.ko
  STRIP   debian/linux-image-6.13.0-sm8250/lib/modules/6.13.0-sm8250/kernel/drivers/gpio/gpio-regmap.ko
  STRIP   debian/linux-image-6.13.0-sm8250/lib/modules/6.13.0-sm8250/kernel/drivers/gpio/gpio-adp5585.ko
  INSTALL debian/linux-image-6.13.0-sm8250/lib/modules/6.13.0-sm8250/kernel/drivers/gpio/gpio-pcf857x.ko
  STRIP   debian/linux-image-6.13.0-sm8250/lib/modules/6.13.0-sm8250/kernel/drivers/gpio/gpio-aggregator.ko
  INSTALL debian/linux-image-6.13.0-sm8250/lib/modules/6.13.0-sm8250/kernel/drivers/pwm/pwm-adp5585.ko
  INSTALL debian/linux-image-6.13.0-sm8250/lib/modules/6.13.0-sm8250/kernel/drivers/gpio/gpio-wcd934x.ko
  STRIP   debian/linux-image-6.13.0-sm8250/lib/modules/6.13.0-sm8250/kernel/drivers/gpio/gpio-pcf857x.ko
  INSTALL debian/linux-image-6.13.0-sm8250/lib/modules/6.13.0-sm8250/kernel/drivers/leds/flash/leds-qcom-flash.ko
  STRIP   debian/linux-image-6.13.0-sm8250/lib/modules/6.13.0-sm8250/kernel/drivers/pwm/pwm-adp5585.ko
  INSTALL debian/linux-image-6.13.0-sm8250/lib/modules/6.13.0-sm8250/kernel/drivers/leds/led-class-multicolor.ko
  STRIP   debian/linux-image-6.13.0-sm8250/lib/modules/6.13.0-sm8250/kernel/drivers/gpio/gpio-wcd934x.ko
  STRIP   debian/linux-image-6.13.0-sm8250/lib/modules/6.13.0-sm8250/kernel/drivers/leds/flash/leds-qcom-flash.ko
  STRIP   debian/linux-image-6.13.0-sm8250/lib/modules/6.13.0-sm8250/kernel/drivers/leds/led-class-multicolor.ko
  INSTALL debian/linux-image-6.13.0-sm8250/lib/modules/6.13.0-sm8250/kernel/drivers/leds/leds-lm3692x.ko
  INSTALL debian/linux-image-6.13.0-sm8250/lib/modules/6.13.0-sm8250/kernel/drivers/leds/leds-pca9532.ko
  INSTALL debian/linux-image-6.13.0-sm8250/lib/modules/6.13.0-sm8250/kernel/drivers/leds/rgb/leds-qcom-lpg.ko
  STRIP   debian/linux-image-6.13.0-sm8250/lib/modules/6.13.0-sm8250/kernel/drivers/leds/leds-lm3692x.ko
  STRIP   debian/linux-image-6.13.0-sm8250/lib/modules/6.13.0-sm8250/kernel/drivers/leds/leds-pca9532.ko
  INSTALL debian/linux-image-6.13.0-sm8250/lib/modules/6.13.0-sm8250/kernel/drivers/pci/pwrctrl/pci-pwrctrl-core.ko
  STRIP   debian/linux-image-6.13.0-sm8250/lib/modules/6.13.0-sm8250/kernel/drivers/leds/rgb/leds-qcom-lpg.ko
  INSTALL debian/linux-image-6.13.0-sm8250/lib/modules/6.13.0-sm8250/kernel/drivers/pci/pwrctrl/pci-pwrctrl-pwrseq.ko
  INSTALL debian/linux-image-6.13.0-sm8250/lib/modules/6.13.0-sm8250/kernel/drivers/pci/endpoint/functions/pci-epf-test.ko
  STRIP   debian/linux-image-6.13.0-sm8250/lib/modules/6.13.0-sm8250/kernel/drivers/pci/pwrctrl/pci-pwrctrl-core.ko
  STRIP   debian/linux-image-6.13.0-sm8250/lib/modules/6.13.0-sm8250/kernel/drivers/pci/pwrctrl/pci-pwrctrl-pwrseq.ko
  STRIP   debian/linux-image-6.13.0-sm8250/lib/modules/6.13.0-sm8250/kernel/drivers/pci/endpoint/functions/pci-epf-test.ko
  INSTALL debian/linux-image-6.13.0-sm8250/lib/modules/6.13.0-sm8250/kernel/drivers/pci/controller/dwc/pci-meson.ko
  INSTALL debian/linux-image-6.13.0-sm8250/lib/modules/6.13.0-sm8250/kernel/drivers/video/backlight/pwm_bl.ko
  STRIP   debian/linux-image-6.13.0-sm8250/lib/modules/6.13.0-sm8250/kernel/drivers/pci/controller/dwc/pci-meson.ko
  INSTALL debian/linux-image-6.13.0-sm8250/lib/modules/6.13.0-sm8250/kernel/drivers/char/ipmi/ipmi_msghandler.ko
  INSTALL debian/linux-image-6.13.0-sm8250/lib/modules/6.13.0-sm8250/kernel/drivers/char/ipmi/ipmi_devintf.ko
  INSTALL debian/linux-image-6.13.0-sm8250/lib/modules/6.13.0-sm8250/kernel/drivers/char/ipmi/ipmi_si.ko
  STRIP   debian/linux-image-6.13.0-sm8250/lib/modules/6.13.0-sm8250/kernel/drivers/video/backlight/pwm_bl.ko
  STRIP   debian/linux-image-6.13.0-sm8250/lib/modules/6.13.0-sm8250/kernel/drivers/char/ipmi/ipmi_devintf.ko
  STRIP   debian/linux-image-6.13.0-sm8250/lib/modules/6.13.0-sm8250/kernel/drivers/char/ipmi/ipmi_msghandler.ko
  STRIP   debian/linux-image-6.13.0-sm8250/lib/modules/6.13.0-sm8250/kernel/drivers/char/ipmi/ipmi_si.ko
  INSTALL debian/linux-image-6.13.0-sm8250/lib/modules/6.13.0-sm8250/kernel/drivers/clk/qcom/camcc-x1e80100.ko
  INSTALL debian/linux-image-6.13.0-sm8250/lib/modules/6.13.0-sm8250/kernel/drivers/clk/qcom/dispcc-x1e80100.ko
  STRIP   debian/linux-image-6.13.0-sm8250/lib/modules/6.13.0-sm8250/kernel/drivers/clk/qcom/camcc-x1e80100.ko
  STRIP   debian/linux-image-6.13.0-sm8250/lib/modules/6.13.0-sm8250/kernel/drivers/clk/qcom/dispcc-x1e80100.ko
  INSTALL debian/linux-image-6.13.0-sm8250/lib/modules/6.13.0-sm8250/kernel/drivers/clk/qcom/gpucc-x1e80100.ko
  INSTALL debian/linux-image-6.13.0-sm8250/lib/modules/6.13.0-sm8250/kernel/drivers/clk/qcom/mmcc-msm8994.ko
  INSTALL debian/linux-image-6.13.0-sm8250/lib/modules/6.13.0-sm8250/kernel/drivers/clk/qcom/mmcc-msm8996.ko
  STRIP   debian/linux-image-6.13.0-sm8250/lib/modules/6.13.0-sm8250/kernel/drivers/clk/qcom/gpucc-x1e80100.ko
  STRIP   debian/linux-image-6.13.0-sm8250/lib/modules/6.13.0-sm8250/kernel/drivers/clk/qcom/mmcc-msm8994.ko
  INSTALL debian/linux-image-6.13.0-sm8250/lib/modules/6.13.0-sm8250/kernel/drivers/clk/qcom/mmcc-msm8998.ko
  INSTALL debian/linux-image-6.13.0-sm8250/lib/modules/6.13.0-sm8250/kernel/drivers/clk/qcom/dispcc-qcm2290.ko
  STRIP   debian/linux-image-6.13.0-sm8250/lib/modules/6.13.0-sm8250/kernel/drivers/clk/qcom/mmcc-msm8996.ko
  INSTALL debian/linux-image-6.13.0-sm8250/lib/modules/6.13.0-sm8250/kernel/drivers/clk/qcom/camcc-sc7280.ko
  STRIP   debian/linux-image-6.13.0-sm8250/lib/modules/6.13.0-sm8250/kernel/drivers/clk/qcom/mmcc-msm8998.ko
  STRIP   debian/linux-image-6.13.0-sm8250/lib/modules/6.13.0-sm8250/kernel/drivers/clk/qcom/dispcc-qcm2290.ko
  INSTALL debian/linux-image-6.13.0-sm8250/lib/modules/6.13.0-sm8250/kernel/drivers/clk/qcom/camcc-sc8280xp.ko
  INSTALL debian/linux-image-6.13.0-sm8250/lib/modules/6.13.0-sm8250/kernel/drivers/clk/qcom/dispcc-sc7280.ko
  STRIP   debian/linux-image-6.13.0-sm8250/lib/modules/6.13.0-sm8250/kernel/drivers/clk/qcom/camcc-sc7280.ko
  STRIP   debian/linux-image-6.13.0-sm8250/lib/modules/6.13.0-sm8250/kernel/drivers/clk/qcom/camcc-sc8280xp.ko
  STRIP   debian/linux-image-6.13.0-sm8250/lib/modules/6.13.0-sm8250/kernel/drivers/clk/qcom/dispcc-sc7280.ko
  INSTALL debian/linux-image-6.13.0-sm8250/lib/modules/6.13.0-sm8250/kernel/drivers/clk/qcom/dispcc-sc8280xp.ko
  INSTALL debian/linux-image-6.13.0-sm8250/lib/modules/6.13.0-sm8250/kernel/drivers/clk/qcom/gpucc-sa8775p.ko
  INSTALL debian/linux-image-6.13.0-sm8250/lib/modules/6.13.0-sm8250/kernel/drivers/clk/qcom/gcc-sc8280xp.ko
  STRIP   debian/linux-image-6.13.0-sm8250/lib/modules/6.13.0-sm8250/kernel/drivers/clk/qcom/dispcc-sc8280xp.ko
  STRIP   debian/linux-image-6.13.0-sm8250/lib/modules/6.13.0-sm8250/kernel/drivers/clk/qcom/gcc-sc8280xp.ko
  STRIP   debian/linux-image-6.13.0-sm8250/lib/modules/6.13.0-sm8250/kernel/drivers/clk/qcom/gpucc-sa8775p.ko
  INSTALL debian/linux-image-6.13.0-sm8250/lib/modules/6.13.0-sm8250/kernel/drivers/clk/qcom/gpucc-sc7280.ko
  INSTALL debian/linux-image-6.13.0-sm8250/lib/modules/6.13.0-sm8250/kernel/drivers/clk/qcom/gpucc-sc8280xp.ko
  INSTALL debian/linux-image-6.13.0-sm8250/lib/modules/6.13.0-sm8250/kernel/drivers/clk/qcom/lpasscc-sc8280xp.ko
  STRIP   debian/linux-image-6.13.0-sm8250/lib/modules/6.13.0-sm8250/kernel/drivers/clk/qcom/gpucc-sc7280.ko
  STRIP   debian/linux-image-6.13.0-sm8250/lib/modules/6.13.0-sm8250/kernel/drivers/clk/qcom/gpucc-sc8280xp.ko
  STRIP   debian/linux-image-6.13.0-sm8250/lib/modules/6.13.0-sm8250/kernel/drivers/clk/qcom/lpasscc-sc8280xp.ko
  INSTALL debian/linux-image-6.13.0-sm8250/lib/modules/6.13.0-sm8250/kernel/drivers/clk/qcom/lpasscorecc-sc7280.ko
  INSTALL debian/linux-image-6.13.0-sm8250/lib/modules/6.13.0-sm8250/kernel/drivers/clk/qcom/lpassaudiocc-sc7280.ko
  STRIP   debian/linux-image-6.13.0-sm8250/lib/modules/6.13.0-sm8250/kernel/drivers/clk/qcom/lpasscorecc-sc7280.ko
  INSTALL debian/linux-image-6.13.0-sm8250/lib/modules/6.13.0-sm8250/kernel/drivers/clk/qcom/videocc-sc7280.ko
  STRIP   debian/linux-image-6.13.0-sm8250/lib/modules/6.13.0-sm8250/kernel/drivers/clk/qcom/lpassaudiocc-sc7280.ko
  INSTALL debian/linux-image-6.13.0-sm8250/lib/modules/6.13.0-sm8250/kernel/drivers/clk/qcom/camcc-sdm845.ko
  INSTALL debian/linux-image-6.13.0-sm8250/lib/modules/6.13.0-sm8250/kernel/drivers/clk/qcom/lpasscc-sdm845.ko
  STRIP   debian/linux-image-6.13.0-sm8250/lib/modules/6.13.0-sm8250/kernel/drivers/clk/qcom/videocc-sc7280.ko
  STRIP   debian/linux-image-6.13.0-sm8250/lib/modules/6.13.0-sm8250/kernel/drivers/clk/qcom/camcc-sdm845.ko
  STRIP   debian/linux-image-6.13.0-sm8250/lib/modules/6.13.0-sm8250/kernel/drivers/clk/qcom/lpasscc-sdm845.ko
  INSTALL debian/linux-image-6.13.0-sm8250/lib/modules/6.13.0-sm8250/kernel/drivers/clk/qcom/dispcc-sm6115.ko
  INSTALL debian/linux-image-6.13.0-sm8250/lib/modules/6.13.0-sm8250/kernel/drivers/clk/qcom/dispcc-sm8550.ko
  INSTALL debian/linux-image-6.13.0-sm8250/lib/modules/6.13.0-sm8250/kernel/drivers/clk/qcom/gcc-sm8350.ko
  INSTALL debian/linux-image-6.13.0-sm8250/lib/modules/6.13.0-sm8250/kernel/drivers/clk/qcom/gcc-sm8450.ko
  STRIP   debian/linux-image-6.13.0-sm8250/lib/modules/6.13.0-sm8250/kernel/drivers/clk/qcom/dispcc-sm6115.ko
  STRIP   debian/linux-image-6.13.0-sm8250/lib/modules/6.13.0-sm8250/kernel/drivers/clk/qcom/dispcc-sm8550.ko
  STRIP   debian/linux-image-6.13.0-sm8250/lib/modules/6.13.0-sm8250/kernel/drivers/clk/qcom/gcc-sm8350.ko
  STRIP   debian/linux-image-6.13.0-sm8250/lib/modules/6.13.0-sm8250/kernel/drivers/clk/qcom/gcc-sm8450.ko
  INSTALL debian/linux-image-6.13.0-sm8250/lib/modules/6.13.0-sm8250/kernel/drivers/clk/qcom/gpucc-sm6115.ko
  INSTALL debian/linux-image-6.13.0-sm8250/lib/modules/6.13.0-sm8250/kernel/drivers/clk/qcom/gpucc-sm8350.ko
  INSTALL debian/linux-image-6.13.0-sm8250/lib/modules/6.13.0-sm8250/kernel/drivers/clk/qcom/gpucc-sm8450.ko
  STRIP   debian/linux-image-6.13.0-sm8250/lib/modules/6.13.0-sm8250/kernel/drivers/clk/qcom/gpucc-sm6115.ko
  INSTALL debian/linux-image-6.13.0-sm8250/lib/modules/6.13.0-sm8250/kernel/drivers/clk/qcom/gpucc-sm8550.ko
  STRIP   debian/linux-image-6.13.0-sm8250/lib/modules/6.13.0-sm8250/kernel/drivers/clk/qcom/gpucc-sm8350.ko
  STRIP   debian/linux-image-6.13.0-sm8250/lib/modules/6.13.0-sm8250/kernel/drivers/clk/qcom/gpucc-sm8450.ko
  INSTALL debian/linux-image-6.13.0-sm8250/lib/modules/6.13.0-sm8250/kernel/drivers/clk/qcom/gpucc-sm8650.ko
  STRIP   debian/linux-image-6.13.0-sm8250/lib/modules/6.13.0-sm8250/kernel/drivers/clk/qcom/gpucc-sm8550.ko
  STRIP   debian/linux-image-6.13.0-sm8250/lib/modules/6.13.0-sm8250/kernel/drivers/clk/qcom/gpucc-sm8650.ko
  INSTALL debian/linux-image-6.13.0-sm8250/lib/modules/6.13.0-sm8250/kernel/drivers/dma/dw-edma/dw-edma.ko
  INSTALL debian/linux-image-6.13.0-sm8250/lib/modules/6.13.0-sm8250/kernel/drivers/soc/qcom/qcom_pd_mapper.ko
  STRIP   debian/linux-image-6.13.0-sm8250/lib/modules/6.13.0-sm8250/kernel/drivers/dma/dw-edma/dw-edma.ko
  INSTALL debian/linux-image-6.13.0-sm8250/lib/modules/6.13.0-sm8250/kernel/drivers/soc/qcom/spm.ko
  INSTALL debian/linux-image-6.13.0-sm8250/lib/modules/6.13.0-sm8250/kernel/drivers/soc/qcom/qcom_stats.ko
  STRIP   debian/linux-image-6.13.0-sm8250/lib/modules/6.13.0-sm8250/kernel/drivers/soc/qcom/qcom_pd_mapper.ko
  STRIP   debian/linux-image-6.13.0-sm8250/lib/modules/6.13.0-sm8250/kernel/drivers/soc/qcom/spm.ko
  INSTALL debian/linux-image-6.13.0-sm8250/lib/modules/6.13.0-sm8250/kernel/drivers/soc/qcom/wcnss_ctrl.ko
  STRIP   debian/linux-image-6.13.0-sm8250/lib/modules/6.13.0-sm8250/kernel/drivers/soc/qcom/qcom_stats.ko
  INSTALL debian/linux-image-6.13.0-sm8250/lib/modules/6.13.0-sm8250/kernel/drivers/soc/qcom/qcom-pbs.ko
  STRIP   debian/linux-image-6.13.0-sm8250/lib/modules/6.13.0-sm8250/kernel/drivers/soc/qcom/wcnss_ctrl.ko
  STRIP   debian/linux-image-6.13.0-sm8250/lib/modules/6.13.0-sm8250/kernel/drivers/soc/qcom/qcom-pbs.ko
  INSTALL debian/linux-image-6.13.0-sm8250/lib/modules/6.13.0-sm8250/kernel/drivers/xen/xen-pciback/xen-pciback.ko
  INSTALL debian/linux-image-6.13.0-sm8250/lib/modules/6.13.0-sm8250/kernel/drivers/regulator/lp873x-regulator.ko
  INSTALL debian/linux-image-6.13.0-sm8250/lib/modules/6.13.0-sm8250/kernel/drivers/regulator/da9211-regulator.ko
  INSTALL debian/linux-image-6.13.0-sm8250/lib/modules/6.13.0-sm8250/kernel/drivers/regulator/max20411-regulator.ko
  STRIP   debian/linux-image-6.13.0-sm8250/lib/modules/6.13.0-sm8250/kernel/drivers/regulator/lp873x-regulator.ko
  STRIP   debian/linux-image-6.13.0-sm8250/lib/modules/6.13.0-sm8250/kernel/drivers/xen/xen-pciback/xen-pciback.ko
  STRIP   debian/linux-image-6.13.0-sm8250/lib/modules/6.13.0-sm8250/kernel/drivers/regulator/max20411-regulator.ko
  STRIP   debian/linux-image-6.13.0-sm8250/lib/modules/6.13.0-sm8250/kernel/drivers/regulator/da9211-regulator.ko
  INSTALL debian/linux-image-6.13.0-sm8250/lib/modules/6.13.0-sm8250/kernel/drivers/regulator/mt6315-regulator.ko
  INSTALL debian/linux-image-6.13.0-sm8250/lib/modules/6.13.0-sm8250/kernel/drivers/regulator/qcom-refgen-regulator.ko
  STRIP   debian/linux-image-6.13.0-sm8250/lib/modules/6.13.0-sm8250/kernel/drivers/regulator/mt6315-regulator.ko
  STRIP   debian/linux-image-6.13.0-sm8250/lib/modules/6.13.0-sm8250/kernel/drivers/regulator/qcom-refgen-regulator.ko
  INSTALL debian/linux-image-6.13.0-sm8250/lib/modules/6.13.0-sm8250/kernel/drivers/regulator/qcom_usb_vbus-regulator.ko
  INSTALL debian/linux-image-6.13.0-sm8250/lib/modules/6.13.0-sm8250/kernel/drivers/regulator/tps6594-regulator.ko
  INSTALL debian/linux-image-6.13.0-sm8250/lib/modules/6.13.0-sm8250/kernel/drivers/reset/reset-gpio.ko
  STRIP   debian/linux-image-6.13.0-sm8250/lib/modules/6.13.0-sm8250/kernel/drivers/regulator/qcom_usb_vbus-regulator.ko
  STRIP   debian/linux-image-6.13.0-sm8250/lib/modules/6.13.0-sm8250/kernel/drivers/regulator/tps6594-regulator.ko
  STRIP   debian/linux-image-6.13.0-sm8250/lib/modules/6.13.0-sm8250/kernel/drivers/reset/reset-gpio.ko
  INSTALL debian/linux-image-6.13.0-sm8250/lib/modules/6.13.0-sm8250/kernel/drivers/reset/reset-qcom-pdc.ko
  INSTALL debian/linux-image-6.13.0-sm8250/lib/modules/6.13.0-sm8250/kernel/drivers/gpu/drm/arm/hdlcd.ko
  STRIP   debian/linux-image-6.13.0-sm8250/lib/modules/6.13.0-sm8250/kernel/drivers/reset/reset-qcom-pdc.ko
  INSTALL debian/linux-image-6.13.0-sm8250/lib/modules/6.13.0-sm8250/kernel/drivers/gpu/drm/arm/display/komeda/komeda.ko
  INSTALL debian/linux-image-6.13.0-sm8250/lib/modules/6.13.0-sm8250/kernel/drivers/gpu/drm/i2c/ch7006.ko
  STRIP   debian/linux-image-6.13.0-sm8250/lib/modules/6.13.0-sm8250/kernel/drivers/gpu/drm/arm/hdlcd.ko
  INSTALL debian/linux-image-6.13.0-sm8250/lib/modules/6.13.0-sm8250/kernel/drivers/gpu/drm/i2c/sil164.ko
  STRIP   debian/linux-image-6.13.0-sm8250/lib/modules/6.13.0-sm8250/kernel/drivers/gpu/drm/arm/display/komeda/komeda.ko
  STRIP   debian/linux-image-6.13.0-sm8250/lib/modules/6.13.0-sm8250/kernel/drivers/gpu/drm/i2c/ch7006.ko
  STRIP   debian/linux-image-6.13.0-sm8250/lib/modules/6.13.0-sm8250/kernel/drivers/gpu/drm/i2c/sil164.ko
  INSTALL debian/linux-image-6.13.0-sm8250/lib/modules/6.13.0-sm8250/kernel/drivers/gpu/drm/panel/panel-boe-tv101wum-nl6.ko
  INSTALL debian/linux-image-6.13.0-sm8250/lib/modules/6.13.0-sm8250/kernel/drivers/gpu/drm/panel/panel-simple.ko
  INSTALL debian/linux-image-6.13.0-sm8250/lib/modules/6.13.0-sm8250/kernel/drivers/gpu/drm/panel/panel-edp.ko
  STRIP   debian/linux-image-6.13.0-sm8250/lib/modules/6.13.0-sm8250/kernel/drivers/gpu/drm/panel/panel-boe-tv101wum-nl6.ko
  STRIP   debian/linux-image-6.13.0-sm8250/lib/modules/6.13.0-sm8250/kernel/drivers/gpu/drm/panel/panel-simple.ko
  STRIP   debian/linux-image-6.13.0-sm8250/lib/modules/6.13.0-sm8250/kernel/drivers/gpu/drm/panel/panel-edp.ko
  INSTALL debian/linux-image-6.13.0-sm8250/lib/modules/6.13.0-sm8250/kernel/drivers/gpu/drm/panel/panel-ilitek-ili9882t.ko
  INSTALL debian/linux-image-6.13.0-sm8250/lib/modules/6.13.0-sm8250/kernel/drivers/gpu/drm/panel/panel-khadas-ts050.ko
  STRIP   debian/linux-image-6.13.0-sm8250/lib/modules/6.13.0-sm8250/kernel/drivers/gpu/drm/panel/panel-ilitek-ili9882t.ko
  STRIP   debian/linux-image-6.13.0-sm8250/lib/modules/6.13.0-sm8250/kernel/drivers/gpu/drm/panel/panel-khadas-ts050.ko
  INSTALL debian/linux-image-6.13.0-sm8250/lib/modules/6.13.0-sm8250/kernel/drivers/gpu/drm/panel/panel-novatek-nt36672e.ko
  INSTALL debian/linux-image-6.13.0-sm8250/lib/modules/6.13.0-sm8250/kernel/drivers/gpu/drm/panel/panel-mantix-mlaf057we51.ko
  STRIP   debian/linux-image-6.13.0-sm8250/lib/modules/6.13.0-sm8250/kernel/drivers/gpu/drm/panel/panel-novatek-nt36672e.ko
  STRIP   debian/linux-image-6.13.0-sm8250/lib/modules/6.13.0-sm8250/kernel/drivers/gpu/drm/panel/panel-mantix-mlaf057we51.ko
  INSTALL debian/linux-image-6.13.0-sm8250/lib/modules/6.13.0-sm8250/kernel/drivers/gpu/drm/panel/panel-samsung-ams667xx01.ko
  INSTALL debian/linux-image-6.13.0-sm8250/lib/modules/6.13.0-sm8250/kernel/drivers/gpu/drm/panel/panel-samsung-atna33xc20.ko
  INSTALL debian/linux-image-6.13.0-sm8250/lib/modules/6.13.0-sm8250/kernel/drivers/gpu/drm/panel/panel-truly-nt35597.ko
  STRIP   debian/linux-image-6.13.0-sm8250/lib/modules/6.13.0-sm8250/kernel/drivers/gpu/drm/panel/panel-samsung-ams667xx01.ko
  STRIP   debian/linux-image-6.13.0-sm8250/lib/modules/6.13.0-sm8250/kernel/drivers/gpu/drm/panel/panel-samsung-atna33xc20.ko
  STRIP   debian/linux-image-6.13.0-sm8250/lib/modules/6.13.0-sm8250/kernel/drivers/gpu/drm/panel/panel-truly-nt35597.ko
  INSTALL debian/linux-image-6.13.0-sm8250/lib/modules/6.13.0-sm8250/kernel/drivers/gpu/drm/panel/panel-visionox-vtdr6130.ko
  INSTALL debian/linux-image-6.13.0-sm8250/lib/modules/6.13.0-sm8250/kernel/drivers/gpu/drm/bridge/analogix/anx7625.ko
  INSTALL debian/linux-image-6.13.0-sm8250/lib/modules/6.13.0-sm8250/kernel/drivers/gpu/drm/bridge/cadence/cdns-mhdp8546.ko
  STRIP   debian/linux-image-6.13.0-sm8250/lib/modules/6.13.0-sm8250/kernel/drivers/gpu/drm/panel/panel-visionox-vtdr6130.ko
  INSTALL debian/linux-image-6.13.0-sm8250/lib/modules/6.13.0-sm8250/kernel/drivers/gpu/drm/bridge/display-connector.ko
  STRIP   debian/linux-image-6.13.0-sm8250/lib/modules/6.13.0-sm8250/kernel/drivers/gpu/drm/bridge/analogix/anx7625.ko
  STRIP   debian/linux-image-6.13.0-sm8250/lib/modules/6.13.0-sm8250/kernel/drivers/gpu/drm/bridge/cadence/cdns-mhdp8546.ko
  STRIP   debian/linux-image-6.13.0-sm8250/lib/modules/6.13.0-sm8250/kernel/drivers/gpu/drm/bridge/display-connector.ko
  INSTALL debian/linux-image-6.13.0-sm8250/lib/modules/6.13.0-sm8250/kernel/drivers/gpu/drm/bridge/lontium-lt8912b.ko
  INSTALL debian/linux-image-6.13.0-sm8250/lib/modules/6.13.0-sm8250/kernel/drivers/gpu/drm/bridge/lontium-lt9611.ko
  STRIP   debian/linux-image-6.13.0-sm8250/lib/modules/6.13.0-sm8250/kernel/drivers/gpu/drm/bridge/lontium-lt8912b.ko
  INSTALL debian/linux-image-6.13.0-sm8250/lib/modules/6.13.0-sm8250/kernel/drivers/gpu/drm/bridge/lontium-lt9611uxc.ko
  INSTALL debian/linux-image-6.13.0-sm8250/lib/modules/6.13.0-sm8250/kernel/drivers/gpu/drm/bridge/samsung-dsim.ko
  STRIP   debian/linux-image-6.13.0-sm8250/lib/modules/6.13.0-sm8250/kernel/drivers/gpu/drm/bridge/lontium-lt9611.ko
  STRIP   debian/linux-image-6.13.0-sm8250/lib/modules/6.13.0-sm8250/kernel/drivers/gpu/drm/bridge/lontium-lt9611uxc.ko
  STRIP   debian/linux-image-6.13.0-sm8250/lib/modules/6.13.0-sm8250/kernel/drivers/gpu/drm/bridge/samsung-dsim.ko
  INSTALL debian/linux-image-6.13.0-sm8250/lib/modules/6.13.0-sm8250/kernel/drivers/gpu/drm/bridge/simple-bridge.ko
  STRIP   debian/linux-image-6.13.0-sm8250/lib/modules/6.13.0-sm8250/kernel/drivers/gpu/drm/bridge/simple-bridge.ko
  INSTALL debian/linux-image-6.13.0-sm8250/lib/modules/6.13.0-sm8250/kernel/drivers/gpu/drm/bridge/tc358767.ko
  INSTALL debian/linux-image-6.13.0-sm8250/lib/modules/6.13.0-sm8250/kernel/drivers/gpu/drm/bridge/tc358768.ko
  INSTALL debian/linux-image-6.13.0-sm8250/lib/modules/6.13.0-sm8250/kernel/drivers/gpu/drm/bridge/adv7511/adv7511.ko
  INSTALL debian/linux-image-6.13.0-sm8250/lib/modules/6.13.0-sm8250/kernel/drivers/gpu/drm/bridge/ti-sn65dsi83.ko
  STRIP   debian/linux-image-6.13.0-sm8250/lib/modules/6.13.0-sm8250/kernel/drivers/gpu/drm/bridge/tc358767.ko
  STRIP   debian/linux-image-6.13.0-sm8250/lib/modules/6.13.0-sm8250/kernel/drivers/gpu/drm/bridge/tc358768.ko
  STRIP   debian/linux-image-6.13.0-sm8250/lib/modules/6.13.0-sm8250/kernel/drivers/gpu/drm/bridge/adv7511/adv7511.ko
  STRIP   debian/linux-image-6.13.0-sm8250/lib/modules/6.13.0-sm8250/kernel/drivers/gpu/drm/bridge/ti-sn65dsi83.ko
  INSTALL debian/linux-image-6.13.0-sm8250/lib/modules/6.13.0-sm8250/kernel/drivers/gpu/drm/bridge/ti-sn65dsi86.ko
  INSTALL debian/linux-image-6.13.0-sm8250/lib/modules/6.13.0-sm8250/kernel/drivers/gpu/drm/bridge/ti-tfp410.ko
  STRIP   debian/linux-image-6.13.0-sm8250/lib/modules/6.13.0-sm8250/kernel/drivers/gpu/drm/bridge/ti-sn65dsi86.ko
  INSTALL debian/linux-image-6.13.0-sm8250/lib/modules/6.13.0-sm8250/kernel/drivers/gpu/drm/bridge/ite-it66121.ko
  INSTALL debian/linux-image-6.13.0-sm8250/lib/modules/6.13.0-sm8250/kernel/drivers/gpu/drm/gud/gud.ko
  STRIP   debian/linux-image-6.13.0-sm8250/lib/modules/6.13.0-sm8250/kernel/drivers/gpu/drm/bridge/ti-tfp410.ko
  STRIP   debian/linux-image-6.13.0-sm8250/lib/modules/6.13.0-sm8250/kernel/drivers/gpu/drm/bridge/ite-it66121.ko
  STRIP   debian/linux-image-6.13.0-sm8250/lib/modules/6.13.0-sm8250/kernel/drivers/gpu/drm/gud/gud.ko
  INSTALL debian/linux-image-6.13.0-sm8250/lib/modules/6.13.0-sm8250/kernel/drivers/base/regmap/regmap-slimbus.ko
  INSTALL debian/linux-image-6.13.0-sm8250/lib/modules/6.13.0-sm8250/kernel/drivers/gpu/drm/drm_dma_helper.ko
  INSTALL debian/linux-image-6.13.0-sm8250/lib/modules/6.13.0-sm8250/kernel/drivers/base/regmap/regmap-sdw.ko
  STRIP   debian/linux-image-6.13.0-sm8250/lib/modules/6.13.0-sm8250/kernel/drivers/gpu/drm/drm_dma_helper.ko
  STRIP   debian/linux-image-6.13.0-sm8250/lib/modules/6.13.0-sm8250/kernel/drivers/base/regmap/regmap-slimbus.ko
  INSTALL debian/linux-image-6.13.0-sm8250/lib/modules/6.13.0-sm8250/kernel/drivers/block/nbd.ko
  STRIP   debian/linux-image-6.13.0-sm8250/lib/modules/6.13.0-sm8250/kernel/drivers/base/regmap/regmap-sdw.ko
  STRIP   debian/linux-image-6.13.0-sm8250/lib/modules/6.13.0-sm8250/kernel/drivers/block/nbd.ko
  INSTALL debian/linux-image-6.13.0-sm8250/lib/modules/6.13.0-sm8250/kernel/drivers/block/zram/zram.ko
  INSTALL debian/linux-image-6.13.0-sm8250/lib/modules/6.13.0-sm8250/kernel/drivers/misc/qcom-coincell.ko
  STRIP   debian/linux-image-6.13.0-sm8250/lib/modules/6.13.0-sm8250/kernel/drivers/block/zram/zram.ko
  INSTALL debian/linux-image-6.13.0-sm8250/lib/modules/6.13.0-sm8250/kernel/drivers/misc/pci_endpoint_test.ko
  INSTALL debian/linux-image-6.13.0-sm8250/lib/modules/6.13.0-sm8250/kernel/drivers/misc/tps6594-esm.ko
  STRIP   debian/linux-image-6.13.0-sm8250/lib/modules/6.13.0-sm8250/kernel/drivers/misc/qcom-coincell.ko
  STRIP   debian/linux-image-6.13.0-sm8250/lib/modules/6.13.0-sm8250/kernel/drivers/misc/tps6594-esm.ko
  STRIP   debian/linux-image-6.13.0-sm8250/lib/modules/6.13.0-sm8250/kernel/drivers/misc/pci_endpoint_test.ko
  INSTALL debian/linux-image-6.13.0-sm8250/lib/modules/6.13.0-sm8250/kernel/drivers/misc/tps6594-pfsm.ko
  STRIP   debian/linux-image-6.13.0-sm8250/lib/modules/6.13.0-sm8250/kernel/drivers/misc/tps6594-pfsm.ko
  INSTALL debian/linux-image-6.13.0-sm8250/lib/modules/6.13.0-sm8250/kernel/drivers/mfd/lp873x.ko
  INSTALL debian/linux-image-6.13.0-sm8250/lib/modules/6.13.0-sm8250/kernel/drivers/mfd/wm8994.ko
  INSTALL debian/linux-image-6.13.0-sm8250/lib/modules/6.13.0-sm8250/kernel/drivers/mfd/wcd934x.ko
  INSTALL debian/linux-image-6.13.0-sm8250/lib/modules/6.13.0-sm8250/kernel/drivers/mfd/tps6594-core.ko
  INSTALL debian/linux-image-6.13.0-sm8250/lib/modules/6.13.0-sm8250/kernel/drivers/mfd/tps6594-i2c.ko
  STRIP   debian/linux-image-6.13.0-sm8250/lib/modules/6.13.0-sm8250/kernel/drivers/mfd/lp873x.ko
  STRIP   debian/linux-image-6.13.0-sm8250/lib/modules/6.13.0-sm8250/kernel/drivers/mfd/wcd934x.ko
  STRIP   debian/linux-image-6.13.0-sm8250/lib/modules/6.13.0-sm8250/kernel/drivers/mfd/wm8994.ko
  STRIP   debian/linux-image-6.13.0-sm8250/lib/modules/6.13.0-sm8250/kernel/drivers/mfd/tps6594-core.ko
  STRIP   debian/linux-image-6.13.0-sm8250/lib/modules/6.13.0-sm8250/kernel/drivers/mfd/tps6594-i2c.ko
  INSTALL debian/linux-image-6.13.0-sm8250/lib/modules/6.13.0-sm8250/kernel/drivers/mfd/da9062-core.ko
  INSTALL debian/linux-image-6.13.0-sm8250/lib/modules/6.13.0-sm8250/kernel/drivers/mfd/adp5585.ko
  INSTALL debian/linux-image-6.13.0-sm8250/lib/modules/6.13.0-sm8250/kernel/drivers/nfc/nxp-nci/nxp-nci.ko
  STRIP   debian/linux-image-6.13.0-sm8250/lib/modules/6.13.0-sm8250/kernel/drivers/mfd/da9062-core.ko
  STRIP   debian/linux-image-6.13.0-sm8250/lib/modules/6.13.0-sm8250/kernel/drivers/mfd/adp5585.ko
  STRIP   debian/linux-image-6.13.0-sm8250/lib/modules/6.13.0-sm8250/kernel/drivers/nfc/nxp-nci/nxp-nci.ko
  INSTALL debian/linux-image-6.13.0-sm8250/lib/modules/6.13.0-sm8250/kernel/drivers/nfc/nxp-nci/nxp-nci_i2c.ko
  INSTALL debian/linux-image-6.13.0-sm8250/lib/modules/6.13.0-sm8250/kernel/drivers/nfc/s3fwrn5/s3fwrn5.ko
  INSTALL debian/linux-image-6.13.0-sm8250/lib/modules/6.13.0-sm8250/kernel/drivers/nfc/s3fwrn5/s3fwrn5_i2c.ko
  STRIP   debian/linux-image-6.13.0-sm8250/lib/modules/6.13.0-sm8250/kernel/drivers/nfc/nxp-nci/nxp-nci_i2c.ko
  STRIP   debian/linux-image-6.13.0-sm8250/lib/modules/6.13.0-sm8250/kernel/drivers/nfc/s3fwrn5/s3fwrn5.ko
  STRIP   debian/linux-image-6.13.0-sm8250/lib/modules/6.13.0-sm8250/kernel/drivers/nfc/s3fwrn5/s3fwrn5_i2c.ko
  INSTALL debian/linux-image-6.13.0-sm8250/lib/modules/6.13.0-sm8250/kernel/drivers/scsi/raid_class.ko
  INSTALL debian/linux-image-6.13.0-sm8250/lib/modules/6.13.0-sm8250/kernel/drivers/spi/spidev.ko
  INSTALL debian/linux-image-6.13.0-sm8250/lib/modules/6.13.0-sm8250/kernel/drivers/slimbus/slim-qcom-ngd-ctrl.ko
  STRIP   debian/linux-image-6.13.0-sm8250/lib/modules/6.13.0-sm8250/kernel/drivers/scsi/raid_class.ko
  INSTALL debian/linux-image-6.13.0-sm8250/lib/modules/6.13.0-sm8250/kernel/drivers/net/phy/phylink.ko
  INSTALL debian/linux-image-6.13.0-sm8250/lib/modules/6.13.0-sm8250/kernel/drivers/net/phy/ax88796b.ko
  STRIP   debian/linux-image-6.13.0-sm8250/lib/modules/6.13.0-sm8250/kernel/drivers/spi/spidev.ko
  STRIP   debian/linux-image-6.13.0-sm8250/lib/modules/6.13.0-sm8250/kernel/drivers/slimbus/slim-qcom-ngd-ctrl.ko
  STRIP   debian/linux-image-6.13.0-sm8250/lib/modules/6.13.0-sm8250/kernel/drivers/net/phy/phylink.ko
  STRIP   debian/linux-image-6.13.0-sm8250/lib/modules/6.13.0-sm8250/kernel/drivers/net/phy/ax88796b.ko
  INSTALL debian/linux-image-6.13.0-sm8250/lib/modules/6.13.0-sm8250/kernel/drivers/net/phy/bcm54140.ko
  INSTALL debian/linux-image-6.13.0-sm8250/lib/modules/6.13.0-sm8250/kernel/drivers/net/phy/bcm7xxx.ko
  INSTALL debian/linux-image-6.13.0-sm8250/lib/modules/6.13.0-sm8250/kernel/drivers/net/phy/bcm-phy-lib.ko
  INSTALL debian/linux-image-6.13.0-sm8250/lib/modules/6.13.0-sm8250/kernel/drivers/net/phy/broadcom.ko
  STRIP   debian/linux-image-6.13.0-sm8250/lib/modules/6.13.0-sm8250/kernel/drivers/net/phy/bcm7xxx.ko
  INSTALL debian/linux-image-6.13.0-sm8250/lib/modules/6.13.0-sm8250/kernel/drivers/net/phy/dp83869.ko
  STRIP   debian/linux-image-6.13.0-sm8250/lib/modules/6.13.0-sm8250/kernel/drivers/net/phy/bcm54140.ko
  STRIP   debian/linux-image-6.13.0-sm8250/lib/modules/6.13.0-sm8250/kernel/drivers/net/phy/bcm-phy-lib.ko
  STRIP   debian/linux-image-6.13.0-sm8250/lib/modules/6.13.0-sm8250/kernel/drivers/net/phy/broadcom.ko
  STRIP   debian/linux-image-6.13.0-sm8250/lib/modules/6.13.0-sm8250/kernel/drivers/net/phy/dp83869.ko
  INSTALL debian/linux-image-6.13.0-sm8250/lib/modules/6.13.0-sm8250/kernel/drivers/net/phy/marvell.ko
  INSTALL debian/linux-image-6.13.0-sm8250/lib/modules/6.13.0-sm8250/kernel/drivers/net/phy/microchip.ko
  STRIP   debian/linux-image-6.13.0-sm8250/lib/modules/6.13.0-sm8250/kernel/drivers/net/phy/marvell.ko
  INSTALL debian/linux-image-6.13.0-sm8250/lib/modules/6.13.0-sm8250/kernel/drivers/net/phy/realtek.ko
  INSTALL debian/linux-image-6.13.0-sm8250/lib/modules/6.13.0-sm8250/kernel/drivers/net/phy/smsc.ko
  STRIP   debian/linux-image-6.13.0-sm8250/lib/modules/6.13.0-sm8250/kernel/drivers/net/phy/microchip.ko
  INSTALL debian/linux-image-6.13.0-sm8250/lib/modules/6.13.0-sm8250/kernel/drivers/net/pcs/pcs_xpcs.ko
  STRIP   debian/linux-image-6.13.0-sm8250/lib/modules/6.13.0-sm8250/kernel/drivers/net/phy/realtek.ko
  STRIP   debian/linux-image-6.13.0-sm8250/lib/modules/6.13.0-sm8250/kernel/drivers/net/phy/smsc.ko
  STRIP   debian/linux-image-6.13.0-sm8250/lib/modules/6.13.0-sm8250/kernel/drivers/net/pcs/pcs_xpcs.ko
  INSTALL debian/linux-image-6.13.0-sm8250/lib/modules/6.13.0-sm8250/kernel/drivers/net/ethernet/broadcom/genet/genet.ko
  INSTALL debian/linux-image-6.13.0-sm8250/lib/modules/6.13.0-sm8250/kernel/drivers/net/ethernet/broadcom/bcmsysport.ko
  INSTALL debian/linux-image-6.13.0-sm8250/lib/modules/6.13.0-sm8250/kernel/drivers/net/ethernet/qualcomm/emac/qcom-emac.ko
  STRIP   debian/linux-image-6.13.0-sm8250/lib/modules/6.13.0-sm8250/kernel/drivers/net/ethernet/broadcom/genet/genet.ko
  INSTALL debian/linux-image-6.13.0-sm8250/lib/modules/6.13.0-sm8250/kernel/drivers/net/ethernet/qualcomm/rmnet/rmnet.ko
  STRIP   debian/linux-image-6.13.0-sm8250/lib/modules/6.13.0-sm8250/kernel/drivers/net/ethernet/broadcom/bcmsysport.ko
  STRIP   debian/linux-image-6.13.0-sm8250/lib/modules/6.13.0-sm8250/kernel/drivers/net/ethernet/qualcomm/emac/qcom-emac.ko
  INSTALL debian/linux-image-6.13.0-sm8250/lib/modules/6.13.0-sm8250/kernel/drivers/net/ethernet/realtek/r8169.ko
  STRIP   debian/linux-image-6.13.0-sm8250/lib/modules/6.13.0-sm8250/kernel/drivers/net/ethernet/qualcomm/rmnet/rmnet.ko
  STRIP   debian/linux-image-6.13.0-sm8250/lib/modules/6.13.0-sm8250/kernel/drivers/net/ethernet/realtek/r8169.ko
  INSTALL debian/linux-image-6.13.0-sm8250/lib/modules/6.13.0-sm8250/kernel/drivers/net/wireless/ath/ath10k/ath10k_core.ko
  INSTALL debian/linux-image-6.13.0-sm8250/lib/modules/6.13.0-sm8250/kernel/drivers/net/wireless/ath/ath10k/ath10k_sdio.ko
  INSTALL debian/linux-image-6.13.0-sm8250/lib/modules/6.13.0-sm8250/kernel/drivers/net/wireless/ath/ath10k/ath10k_snoc.ko
  STRIP   debian/linux-image-6.13.0-sm8250/lib/modules/6.13.0-sm8250/kernel/drivers/net/wireless/ath/ath10k/ath10k_core.ko
  STRIP   debian/linux-image-6.13.0-sm8250/lib/modules/6.13.0-sm8250/kernel/drivers/net/wireless/ath/ath10k/ath10k_sdio.ko
  STRIP   debian/linux-image-6.13.0-sm8250/lib/modules/6.13.0-sm8250/kernel/drivers/net/wireless/ath/ath10k/ath10k_snoc.ko
  INSTALL debian/linux-image-6.13.0-sm8250/lib/modules/6.13.0-sm8250/kernel/drivers/net/wireless/ath/wcn36xx/wcn36xx.ko
  INSTALL debian/linux-image-6.13.0-sm8250/lib/modules/6.13.0-sm8250/kernel/drivers/net/wireless/ath/ath11k/ath11k.ko
  INSTALL debian/linux-image-6.13.0-sm8250/lib/modules/6.13.0-sm8250/kernel/drivers/net/wireless/ath/ath11k/ath11k_ahb.ko
  STRIP   debian/linux-image-6.13.0-sm8250/lib/modules/6.13.0-sm8250/kernel/drivers/net/wireless/ath/wcn36xx/wcn36xx.ko
  STRIP   debian/linux-image-6.13.0-sm8250/lib/modules/6.13.0-sm8250/kernel/drivers/net/wireless/ath/ath11k/ath11k_ahb.ko
  INSTALL debian/linux-image-6.13.0-sm8250/lib/modules/6.13.0-sm8250/kernel/drivers/net/wireless/ath/ath11k/ath11k_pci.ko
  INSTALL debian/linux-image-6.13.0-sm8250/lib/modules/6.13.0-sm8250/kernel/drivers/net/wireless/ath/ath12k/ath12k.ko
  STRIP   debian/linux-image-6.13.0-sm8250/lib/modules/6.13.0-sm8250/kernel/drivers/net/wireless/ath/ath11k/ath11k.ko
  STRIP   debian/linux-image-6.13.0-sm8250/lib/modules/6.13.0-sm8250/kernel/drivers/net/wireless/ath/ath11k/ath11k_pci.ko
  STRIP   debian/linux-image-6.13.0-sm8250/lib/modules/6.13.0-sm8250/kernel/drivers/net/wireless/ath/ath12k/ath12k.ko
  INSTALL debian/linux-image-6.13.0-sm8250/lib/modules/6.13.0-sm8250/kernel/drivers/net/wireless/ath/ath.ko
  STRIP   debian/linux-image-6.13.0-sm8250/lib/modules/6.13.0-sm8250/kernel/drivers/net/wireless/ath/ath.ko
  INSTALL debian/linux-image-6.13.0-sm8250/lib/modules/6.13.0-sm8250/kernel/drivers/net/wireless/intel/iwlwifi/iwlwifi.ko
  INSTALL debian/linux-image-6.13.0-sm8250/lib/modules/6.13.0-sm8250/kernel/drivers/net/wireless/intel/iwlwifi/dvm/iwldvm.ko
  INSTALL debian/linux-image-6.13.0-sm8250/lib/modules/6.13.0-sm8250/kernel/drivers/net/wireless/intel/iwlwifi/mvm/iwlmvm.ko
  INSTALL debian/linux-image-6.13.0-sm8250/lib/modules/6.13.0-sm8250/kernel/drivers/net/wireless/marvell/mwifiex/mwifiex.ko
  INSTALL debian/linux-image-6.13.0-sm8250/lib/modules/6.13.0-sm8250/kernel/drivers/net/wireless/marvell/mwifiex/mwifiex_sdio.ko
  STRIP   debian/linux-image-6.13.0-sm8250/lib/modules/6.13.0-sm8250/kernel/drivers/net/wireless/intel/iwlwifi/iwlwifi.ko
  STRIP   debian/linux-image-6.13.0-sm8250/lib/modules/6.13.0-sm8250/kernel/drivers/net/wireless/intel/iwlwifi/dvm/iwldvm.ko
  STRIP   debian/linux-image-6.13.0-sm8250/lib/modules/6.13.0-sm8250/kernel/drivers/net/wireless/intel/iwlwifi/mvm/iwlmvm.ko
  STRIP   debian/linux-image-6.13.0-sm8250/lib/modules/6.13.0-sm8250/kernel/drivers/net/wireless/marvell/mwifiex/mwifiex.ko
  INSTALL debian/linux-image-6.13.0-sm8250/lib/modules/6.13.0-sm8250/kernel/drivers/net/wireless/marvell/mwifiex/mwifiex_pcie.ko
  STRIP   debian/linux-image-6.13.0-sm8250/lib/modules/6.13.0-sm8250/kernel/drivers/net/wireless/marvell/mwifiex/mwifiex_sdio.ko
  INSTALL debian/linux-image-6.13.0-sm8250/lib/modules/6.13.0-sm8250/kernel/drivers/net/wireless/mediatek/mt76/mt76.ko
  STRIP   debian/linux-image-6.13.0-sm8250/lib/modules/6.13.0-sm8250/kernel/drivers/net/wireless/marvell/mwifiex/mwifiex_pcie.ko
  INSTALL debian/linux-image-6.13.0-sm8250/lib/modules/6.13.0-sm8250/kernel/drivers/net/wireless/mediatek/mt76/mt76-connac-lib.ko
  STRIP   debian/linux-image-6.13.0-sm8250/lib/modules/6.13.0-sm8250/kernel/drivers/net/wireless/mediatek/mt76/mt76.ko
  STRIP   debian/linux-image-6.13.0-sm8250/lib/modules/6.13.0-sm8250/kernel/drivers/net/wireless/mediatek/mt76/mt76-connac-lib.ko
  INSTALL debian/linux-image-6.13.0-sm8250/lib/modules/6.13.0-sm8250/kernel/drivers/net/wireless/mediatek/mt76/mt792x-lib.ko
  INSTALL debian/linux-image-6.13.0-sm8250/lib/modules/6.13.0-sm8250/kernel/drivers/net/wireless/mediatek/mt76/mt7921/mt7921-common.ko
  STRIP   debian/linux-image-6.13.0-sm8250/lib/modules/6.13.0-sm8250/kernel/drivers/net/wireless/mediatek/mt76/mt792x-lib.ko
  INSTALL debian/linux-image-6.13.0-sm8250/lib/modules/6.13.0-sm8250/kernel/drivers/net/wireless/mediatek/mt76/mt7921/mt7921e.ko
  INSTALL debian/linux-image-6.13.0-sm8250/lib/modules/6.13.0-sm8250/kernel/drivers/net/wireless/rsi/rsi_91x.ko
  INSTALL debian/linux-image-6.13.0-sm8250/lib/modules/6.13.0-sm8250/kernel/drivers/net/wireless/rsi/rsi_sdio.ko
  INSTALL debian/linux-image-6.13.0-sm8250/lib/modules/6.13.0-sm8250/kernel/drivers/net/wireless/rsi/rsi_usb.ko
  STRIP   debian/linux-image-6.13.0-sm8250/lib/modules/6.13.0-sm8250/kernel/drivers/net/wireless/mediatek/mt76/mt7921/mt7921-common.ko
  STRIP   debian/linux-image-6.13.0-sm8250/lib/modules/6.13.0-sm8250/kernel/drivers/net/wireless/mediatek/mt76/mt7921/mt7921e.ko
  STRIP   debian/linux-image-6.13.0-sm8250/lib/modules/6.13.0-sm8250/kernel/drivers/net/wireless/rsi/rsi_91x.ko
  STRIP   debian/linux-image-6.13.0-sm8250/lib/modules/6.13.0-sm8250/kernel/drivers/net/wireless/rsi/rsi_sdio.ko
  STRIP   debian/linux-image-6.13.0-sm8250/lib/modules/6.13.0-sm8250/kernel/drivers/net/wireless/rsi/rsi_usb.ko
  INSTALL debian/linux-image-6.13.0-sm8250/lib/modules/6.13.0-sm8250/kernel/drivers/net/usb/pegasus.ko
  INSTALL debian/linux-image-6.13.0-sm8250/lib/modules/6.13.0-sm8250/kernel/drivers/net/usb/rtl8150.ko
  STRIP   debian/linux-image-6.13.0-sm8250/lib/modules/6.13.0-sm8250/kernel/drivers/net/usb/pegasus.ko
  INSTALL debian/linux-image-6.13.0-sm8250/lib/modules/6.13.0-sm8250/kernel/drivers/net/usb/r8152.ko
  STRIP   debian/linux-image-6.13.0-sm8250/lib/modules/6.13.0-sm8250/kernel/drivers/net/usb/rtl8150.ko
  INSTALL debian/linux-image-6.13.0-sm8250/lib/modules/6.13.0-sm8250/kernel/drivers/net/usb/lan78xx.ko
  STRIP   debian/linux-image-6.13.0-sm8250/lib/modules/6.13.0-sm8250/kernel/drivers/net/usb/r8152.ko
  INSTALL debian/linux-image-6.13.0-sm8250/lib/modules/6.13.0-sm8250/kernel/drivers/net/usb/asix.ko
  STRIP   debian/linux-image-6.13.0-sm8250/lib/modules/6.13.0-sm8250/kernel/drivers/net/usb/lan78xx.ko
  INSTALL debian/linux-image-6.13.0-sm8250/lib/modules/6.13.0-sm8250/kernel/drivers/net/usb/ax88179_178a.ko
  STRIP   debian/linux-image-6.13.0-sm8250/lib/modules/6.13.0-sm8250/kernel/drivers/net/usb/asix.ko
  INSTALL debian/linux-image-6.13.0-sm8250/lib/modules/6.13.0-sm8250/kernel/drivers/net/usb/dm9601.ko
  INSTALL debian/linux-image-6.13.0-sm8250/lib/modules/6.13.0-sm8250/kernel/drivers/net/usb/sr9800.ko
  STRIP   debian/linux-image-6.13.0-sm8250/lib/modules/6.13.0-sm8250/kernel/drivers/net/usb/ax88179_178a.ko
  INSTALL debian/linux-image-6.13.0-sm8250/lib/modules/6.13.0-sm8250/kernel/drivers/net/usb/smsc75xx.ko
  STRIP   debian/linux-image-6.13.0-sm8250/lib/modules/6.13.0-sm8250/kernel/drivers/net/usb/dm9601.ko
  STRIP   debian/linux-image-6.13.0-sm8250/lib/modules/6.13.0-sm8250/kernel/drivers/net/usb/sr9800.ko
  STRIP   debian/linux-image-6.13.0-sm8250/lib/modules/6.13.0-sm8250/kernel/drivers/net/usb/smsc75xx.ko
  INSTALL debian/linux-image-6.13.0-sm8250/lib/modules/6.13.0-sm8250/kernel/drivers/net/usb/smsc95xx.ko
  INSTALL debian/linux-image-6.13.0-sm8250/lib/modules/6.13.0-sm8250/kernel/drivers/net/usb/net1080.ko
  STRIP   debian/linux-image-6.13.0-sm8250/lib/modules/6.13.0-sm8250/kernel/drivers/net/usb/net1080.ko
  STRIP   debian/linux-image-6.13.0-sm8250/lib/modules/6.13.0-sm8250/kernel/drivers/net/usb/smsc95xx.ko
  INSTALL debian/linux-image-6.13.0-sm8250/lib/modules/6.13.0-sm8250/kernel/drivers/net/usb/cdc_subset.ko
  INSTALL debian/linux-image-6.13.0-sm8250/lib/modules/6.13.0-sm8250/kernel/drivers/net/usb/zaurus.ko
  INSTALL debian/linux-image-6.13.0-sm8250/lib/modules/6.13.0-sm8250/kernel/drivers/net/usb/mcs7830.ko
  STRIP   debian/linux-image-6.13.0-sm8250/lib/modules/6.13.0-sm8250/kernel/drivers/net/usb/zaurus.ko
  STRIP   debian/linux-image-6.13.0-sm8250/lib/modules/6.13.0-sm8250/kernel/drivers/net/usb/cdc_subset.ko
  STRIP   debian/linux-image-6.13.0-sm8250/lib/modules/6.13.0-sm8250/kernel/drivers/net/usb/mcs7830.ko
  INSTALL debian/linux-image-6.13.0-sm8250/lib/modules/6.13.0-sm8250/kernel/drivers/net/usb/r8153_ecm.ko
  STRIP   debian/linux-image-6.13.0-sm8250/lib/modules/6.13.0-sm8250/kernel/drivers/net/usb/r8153_ecm.ko
  INSTALL debian/linux-image-6.13.0-sm8250/lib/modules/6.13.0-sm8250/kernel/drivers/net/ipvlan/ipvlan.ko
  INSTALL debian/linux-image-6.13.0-sm8250/lib/modules/6.13.0-sm8250/kernel/drivers/net/dummy.ko
  STRIP   debian/linux-image-6.13.0-sm8250/lib/modules/6.13.0-sm8250/kernel/drivers/net/ipvlan/ipvlan.ko
  INSTALL debian/linux-image-6.13.0-sm8250/lib/modules/6.13.0-sm8250/kernel/drivers/net/wireguard/wireguard.ko
  INSTALL debian/linux-image-6.13.0-sm8250/lib/modules/6.13.0-sm8250/kernel/drivers/net/macvlan.ko
  STRIP   debian/linux-image-6.13.0-sm8250/lib/modules/6.13.0-sm8250/kernel/drivers/net/dummy.ko
  STRIP   debian/linux-image-6.13.0-sm8250/lib/modules/6.13.0-sm8250/kernel/drivers/net/macvlan.ko
  STRIP   debian/linux-image-6.13.0-sm8250/lib/modules/6.13.0-sm8250/kernel/drivers/net/wireguard/wireguard.ko
  INSTALL debian/linux-image-6.13.0-sm8250/lib/modules/6.13.0-sm8250/kernel/drivers/net/macvtap.ko
  INSTALL debian/linux-image-6.13.0-sm8250/lib/modules/6.13.0-sm8250/kernel/drivers/net/tap.ko
  INSTALL debian/linux-image-6.13.0-sm8250/lib/modules/6.13.0-sm8250/kernel/drivers/net/veth.ko
  INSTALL debian/linux-image-6.13.0-sm8250/lib/modules/6.13.0-sm8250/kernel/drivers/net/vxlan/vxlan.ko
  STRIP   debian/linux-image-6.13.0-sm8250/lib/modules/6.13.0-sm8250/kernel/drivers/net/macvtap.ko
  STRIP   debian/linux-image-6.13.0-sm8250/lib/modules/6.13.0-sm8250/kernel/drivers/net/tap.ko
  STRIP   debian/linux-image-6.13.0-sm8250/lib/modules/6.13.0-sm8250/kernel/drivers/net/veth.ko
  STRIP   debian/linux-image-6.13.0-sm8250/lib/modules/6.13.0-sm8250/kernel/drivers/net/vxlan/vxlan.ko
  INSTALL debian/linux-image-6.13.0-sm8250/lib/modules/6.13.0-sm8250/kernel/drivers/net/mhi_net.ko
  INSTALL debian/linux-image-6.13.0-sm8250/lib/modules/6.13.0-sm8250/kernel/drivers/net/ipa/ipa.ko
  INSTALL debian/linux-image-6.13.0-sm8250/lib/modules/6.13.0-sm8250/kernel/drivers/net/wwan/wwan.ko
  STRIP   debian/linux-image-6.13.0-sm8250/lib/modules/6.13.0-sm8250/kernel/drivers/net/mhi_net.ko
  STRIP   debian/linux-image-6.13.0-sm8250/lib/modules/6.13.0-sm8250/kernel/drivers/net/ipa/ipa.ko
  STRIP   debian/linux-image-6.13.0-sm8250/lib/modules/6.13.0-sm8250/kernel/drivers/net/wwan/wwan.ko
  INSTALL debian/linux-image-6.13.0-sm8250/lib/modules/6.13.0-sm8250/kernel/drivers/net/wwan/mhi_wwan_ctrl.ko
  INSTALL debian/linux-image-6.13.0-sm8250/lib/modules/6.13.0-sm8250/kernel/drivers/net/wwan/mhi_wwan_mbim.ko
  INSTALL debian/linux-image-6.13.0-sm8250/lib/modules/6.13.0-sm8250/kernel/drivers/usb/misc/qcom_eud.ko
  STRIP   debian/linux-image-6.13.0-sm8250/lib/modules/6.13.0-sm8250/kernel/drivers/net/wwan/mhi_wwan_mbim.ko
  INSTALL debian/linux-image-6.13.0-sm8250/lib/modules/6.13.0-sm8250/kernel/drivers/usb/misc/onboard_usb_dev.ko
  STRIP   debian/linux-image-6.13.0-sm8250/lib/modules/6.13.0-sm8250/kernel/drivers/usb/misc/qcom_eud.ko
  STRIP   debian/linux-image-6.13.0-sm8250/lib/modules/6.13.0-sm8250/kernel/drivers/net/wwan/mhi_wwan_ctrl.ko
  STRIP   debian/linux-image-6.13.0-sm8250/lib/modules/6.13.0-sm8250/kernel/drivers/usb/misc/onboard_usb_dev.ko
  INSTALL debian/linux-image-6.13.0-sm8250/lib/modules/6.13.0-sm8250/kernel/drivers/usb/gadget/legacy/gadgetfs.ko
  INSTALL debian/linux-image-6.13.0-sm8250/lib/modules/6.13.0-sm8250/kernel/drivers/usb/gadget/legacy/g_mass_storage.ko
  STRIP   debian/linux-image-6.13.0-sm8250/lib/modules/6.13.0-sm8250/kernel/drivers/usb/gadget/legacy/gadgetfs.ko
  INSTALL debian/linux-image-6.13.0-sm8250/lib/modules/6.13.0-sm8250/kernel/drivers/usb/typec/ucsi/ucsi_ccg.ko
  INSTALL debian/linux-image-6.13.0-sm8250/lib/modules/6.13.0-sm8250/kernel/drivers/usb/typec/mux/gpio-sbu-mux.ko
  STRIP   debian/linux-image-6.13.0-sm8250/lib/modules/6.13.0-sm8250/kernel/drivers/usb/gadget/legacy/g_mass_storage.ko
  STRIP   debian/linux-image-6.13.0-sm8250/lib/modules/6.13.0-sm8250/kernel/drivers/usb/typec/ucsi/ucsi_ccg.ko
  STRIP   debian/linux-image-6.13.0-sm8250/lib/modules/6.13.0-sm8250/kernel/drivers/usb/typec/mux/gpio-sbu-mux.ko
  INSTALL debian/linux-image-6.13.0-sm8250/lib/modules/6.13.0-sm8250/kernel/drivers/usb/typec/mux/nb7vpq904m.ko
  INSTALL debian/linux-image-6.13.0-sm8250/lib/modules/6.13.0-sm8250/kernel/drivers/usb/typec/mux/wcd939x-usbss.ko
  INSTALL debian/linux-image-6.13.0-sm8250/lib/modules/6.13.0-sm8250/kernel/drivers/usb/typec/tipd/tps6598x.ko
  INSTALL debian/linux-image-6.13.0-sm8250/lib/modules/6.13.0-sm8250/kernel/drivers/usb/cdns3/cdns-usb-common.ko
  STRIP   debian/linux-image-6.13.0-sm8250/lib/modules/6.13.0-sm8250/kernel/drivers/usb/typec/mux/nb7vpq904m.ko
  STRIP   debian/linux-image-6.13.0-sm8250/lib/modules/6.13.0-sm8250/kernel/drivers/usb/typec/mux/wcd939x-usbss.ko
  STRIP   debian/linux-image-6.13.0-sm8250/lib/modules/6.13.0-sm8250/kernel/drivers/usb/typec/tipd/tps6598x.ko
  STRIP   debian/linux-image-6.13.0-sm8250/lib/modules/6.13.0-sm8250/kernel/drivers/usb/cdns3/cdns-usb-common.ko
  INSTALL debian/linux-image-6.13.0-sm8250/lib/modules/6.13.0-sm8250/kernel/drivers/usb/cdns3/cdns3.ko
  INSTALL debian/linux-image-6.13.0-sm8250/lib/modules/6.13.0-sm8250/kernel/drivers/usb/cdns3/cdns3-pci-wrap.ko
  STRIP   debian/linux-image-6.13.0-sm8250/lib/modules/6.13.0-sm8250/kernel/drivers/usb/cdns3/cdns3.ko
  INSTALL debian/linux-image-6.13.0-sm8250/lib/modules/6.13.0-sm8250/kernel/drivers/usb/class/cdc-acm.ko
  STRIP   debian/linux-image-6.13.0-sm8250/lib/modules/6.13.0-sm8250/kernel/drivers/usb/cdns3/cdns3-pci-wrap.ko
  INSTALL debian/linux-image-6.13.0-sm8250/lib/modules/6.13.0-sm8250/kernel/drivers/usb/serial/usbserial.ko
  INSTALL debian/linux-image-6.13.0-sm8250/lib/modules/6.13.0-sm8250/kernel/drivers/usb/serial/cp210x.ko
  STRIP   debian/linux-image-6.13.0-sm8250/lib/modules/6.13.0-sm8250/kernel/drivers/usb/class/cdc-acm.ko
  STRIP   debian/linux-image-6.13.0-sm8250/lib/modules/6.13.0-sm8250/kernel/drivers/usb/serial/usbserial.ko
  STRIP   debian/linux-image-6.13.0-sm8250/lib/modules/6.13.0-sm8250/kernel/drivers/usb/serial/cp210x.ko
  INSTALL debian/linux-image-6.13.0-sm8250/lib/modules/6.13.0-sm8250/kernel/drivers/usb/serial/ftdi_sio.ko
  INSTALL debian/linux-image-6.13.0-sm8250/lib/modules/6.13.0-sm8250/kernel/drivers/usb/serial/option.ko
  INSTALL debian/linux-image-6.13.0-sm8250/lib/modules/6.13.0-sm8250/kernel/drivers/usb/serial/usb_wwan.ko
  INSTALL debian/linux-image-6.13.0-sm8250/lib/modules/6.13.0-sm8250/kernel/drivers/input/keyboard/gpio_keys_polled.ko
  STRIP   debian/linux-image-6.13.0-sm8250/lib/modules/6.13.0-sm8250/kernel/drivers/usb/serial/ftdi_sio.ko
  STRIP   debian/linux-image-6.13.0-sm8250/lib/modules/6.13.0-sm8250/kernel/drivers/usb/serial/option.ko
  STRIP   debian/linux-image-6.13.0-sm8250/lib/modules/6.13.0-sm8250/kernel/drivers/input/keyboard/gpio_keys_polled.ko
  INSTALL debian/linux-image-6.13.0-sm8250/lib/modules/6.13.0-sm8250/kernel/drivers/input/mouse/elan_i2c.ko
  INSTALL debian/linux-image-6.13.0-sm8250/lib/modules/6.13.0-sm8250/kernel/drivers/input/touchscreen/edt-ft5x06.ko
  STRIP   debian/linux-image-6.13.0-sm8250/lib/modules/6.13.0-sm8250/kernel/drivers/usb/serial/usb_wwan.ko
  STRIP   debian/linux-image-6.13.0-sm8250/lib/modules/6.13.0-sm8250/kernel/drivers/input/mouse/elan_i2c.ko
  STRIP   debian/linux-image-6.13.0-sm8250/lib/modules/6.13.0-sm8250/kernel/drivers/input/touchscreen/edt-ft5x06.ko
  INSTALL debian/linux-image-6.13.0-sm8250/lib/modules/6.13.0-sm8250/kernel/drivers/input/touchscreen/elants_i2c.ko
  INSTALL debian/linux-image-6.13.0-sm8250/lib/modules/6.13.0-sm8250/kernel/drivers/input/touchscreen/focaltech_fts5452.ko
  INSTALL debian/linux-image-6.13.0-sm8250/lib/modules/6.13.0-sm8250/kernel/drivers/input/touchscreen/goodix_ts.ko
  INSTALL debian/linux-image-6.13.0-sm8250/lib/modules/6.13.0-sm8250/kernel/drivers/input/touchscreen/goodix_berlin_core.ko
  STRIP   debian/linux-image-6.13.0-sm8250/lib/modules/6.13.0-sm8250/kernel/drivers/input/touchscreen/focaltech_fts5452.ko
  STRIP   debian/linux-image-6.13.0-sm8250/lib/modules/6.13.0-sm8250/kernel/drivers/input/touchscreen/elants_i2c.ko
  STRIP   debian/linux-image-6.13.0-sm8250/lib/modules/6.13.0-sm8250/kernel/drivers/input/touchscreen/goodix_ts.ko
  INSTALL debian/linux-image-6.13.0-sm8250/lib/modules/6.13.0-sm8250/kernel/drivers/input/touchscreen/goodix_berlin_spi.ko
  STRIP   debian/linux-image-6.13.0-sm8250/lib/modules/6.13.0-sm8250/kernel/drivers/input/touchscreen/goodix_berlin_core.ko
  STRIP   debian/linux-image-6.13.0-sm8250/lib/modules/6.13.0-sm8250/kernel/drivers/input/touchscreen/goodix_berlin_spi.ko
  INSTALL debian/linux-image-6.13.0-sm8250/lib/modules/6.13.0-sm8250/kernel/drivers/input/touchscreen/focaltech_ts.ko
  STRIP   debian/linux-image-6.13.0-sm8250/lib/modules/6.13.0-sm8250/kernel/drivers/input/touchscreen/focaltech_ts.ko
  INSTALL debian/linux-image-6.13.0-sm8250/lib/modules/6.13.0-sm8250/kernel/drivers/input/misc/pm8xxx-vibrator.ko
  INSTALL debian/linux-image-6.13.0-sm8250/lib/modules/6.13.0-sm8250/kernel/drivers/input/misc/da9063_onkey.ko
  INSTALL debian/linux-image-6.13.0-sm8250/lib/modules/6.13.0-sm8250/kernel/drivers/input/misc/pwm-beeper.ko
  STRIP   debian/linux-image-6.13.0-sm8250/lib/modules/6.13.0-sm8250/kernel/drivers/input/misc/da9063_onkey.ko
  STRIP   debian/linux-image-6.13.0-sm8250/lib/modules/6.13.0-sm8250/kernel/drivers/input/misc/pm8xxx-vibrator.ko
  INSTALL debian/linux-image-6.13.0-sm8250/lib/modules/6.13.0-sm8250/kernel/drivers/input/misc/pwm-vibra.ko
  STRIP   debian/linux-image-6.13.0-sm8250/lib/modules/6.13.0-sm8250/kernel/drivers/input/misc/pwm-beeper.ko
  STRIP   debian/linux-image-6.13.0-sm8250/lib/modules/6.13.0-sm8250/kernel/drivers/input/misc/pwm-vibra.ko
  INSTALL debian/linux-image-6.13.0-sm8250/lib/modules/6.13.0-sm8250/kernel/drivers/input/misc/rk805-pwrkey.ko
  INSTALL debian/linux-image-6.13.0-sm8250/lib/modules/6.13.0-sm8250/kernel/drivers/input/misc/tps65219-pwrbutton.ko
  INSTALL debian/linux-image-6.13.0-sm8250/lib/modules/6.13.0-sm8250/kernel/drivers/input/misc/uinput.ko
  INSTALL debian/linux-image-6.13.0-sm8250/lib/modules/6.13.0-sm8250/kernel/drivers/input/joydev.ko
  STRIP   debian/linux-image-6.13.0-sm8250/lib/modules/6.13.0-sm8250/kernel/drivers/input/misc/tps65219-pwrbutton.ko
  STRIP   debian/linux-image-6.13.0-sm8250/lib/modules/6.13.0-sm8250/kernel/drivers/input/misc/uinput.ko
  STRIP   debian/linux-image-6.13.0-sm8250/lib/modules/6.13.0-sm8250/kernel/drivers/input/misc/rk805-pwrkey.ko
  STRIP   debian/linux-image-6.13.0-sm8250/lib/modules/6.13.0-sm8250/kernel/drivers/input/joydev.ko
  INSTALL debian/linux-image-6.13.0-sm8250/lib/modules/6.13.0-sm8250/kernel/drivers/rtc/rtc-bq32k.ko
  INSTALL debian/linux-image-6.13.0-sm8250/lib/modules/6.13.0-sm8250/kernel/drivers/rtc/rtc-da9063.ko
  INSTALL debian/linux-image-6.13.0-sm8250/lib/modules/6.13.0-sm8250/kernel/drivers/rtc/rtc-isl1208.ko
  INSTALL debian/linux-image-6.13.0-sm8250/lib/modules/6.13.0-sm8250/kernel/drivers/rtc/rtc-pcf8563.ko
  INSTALL debian/linux-image-6.13.0-sm8250/lib/modules/6.13.0-sm8250/kernel/drivers/rtc/rtc-pcf85063.ko
  INSTALL debian/linux-image-6.13.0-sm8250/lib/modules/6.13.0-sm8250/kernel/drivers/rtc/rtc-pm8xxx.ko
  STRIP   debian/linux-image-6.13.0-sm8250/lib/modules/6.13.0-sm8250/kernel/drivers/rtc/rtc-da9063.ko
  STRIP   debian/linux-image-6.13.0-sm8250/lib/modules/6.13.0-sm8250/kernel/drivers/rtc/rtc-bq32k.ko
  STRIP   debian/linux-image-6.13.0-sm8250/lib/modules/6.13.0-sm8250/kernel/drivers/rtc/rtc-isl1208.ko
  STRIP   debian/linux-image-6.13.0-sm8250/lib/modules/6.13.0-sm8250/kernel/drivers/rtc/rtc-pcf8563.ko
  STRIP   debian/linux-image-6.13.0-sm8250/lib/modules/6.13.0-sm8250/kernel/drivers/rtc/rtc-pcf85063.ko
  STRIP   debian/linux-image-6.13.0-sm8250/lib/modules/6.13.0-sm8250/kernel/drivers/rtc/rtc-pm8xxx.ko
  INSTALL debian/linux-image-6.13.0-sm8250/lib/modules/6.13.0-sm8250/kernel/drivers/rtc/rtc-tps6594.ko
  INSTALL debian/linux-image-6.13.0-sm8250/lib/modules/6.13.0-sm8250/kernel/drivers/i2c/algos/i2c-algo-bit.ko
  INSTALL debian/linux-image-6.13.0-sm8250/lib/modules/6.13.0-sm8250/kernel/drivers/i2c/busses/i2c-gpio.ko
  INSTALL debian/linux-image-6.13.0-sm8250/lib/modules/6.13.0-sm8250/kernel/drivers/i2c/busses/i2c-cadence.ko
  INSTALL debian/linux-image-6.13.0-sm8250/lib/modules/6.13.0-sm8250/kernel/drivers/i2c/busses/i2c-qcom-cci.ko
  INSTALL debian/linux-image-6.13.0-sm8250/lib/modules/6.13.0-sm8250/kernel/drivers/media/i2c/dw9800.ko
  STRIP   debian/linux-image-6.13.0-sm8250/lib/modules/6.13.0-sm8250/kernel/drivers/rtc/rtc-tps6594.ko
  STRIP   debian/linux-image-6.13.0-sm8250/lib/modules/6.13.0-sm8250/kernel/drivers/i2c/busses/i2c-cadence.ko
  STRIP   debian/linux-image-6.13.0-sm8250/lib/modules/6.13.0-sm8250/kernel/drivers/i2c/algos/i2c-algo-bit.ko
  STRIP   debian/linux-image-6.13.0-sm8250/lib/modules/6.13.0-sm8250/kernel/drivers/i2c/busses/i2c-gpio.ko
  STRIP   debian/linux-image-6.13.0-sm8250/lib/modules/6.13.0-sm8250/kernel/drivers/i2c/busses/i2c-qcom-cci.ko
  STRIP   debian/linux-image-6.13.0-sm8250/lib/modules/6.13.0-sm8250/kernel/drivers/media/i2c/dw9800.ko
  INSTALL debian/linux-image-6.13.0-sm8250/lib/modules/6.13.0-sm8250/kernel/drivers/media/i2c/imx355.ko
  STRIP   debian/linux-image-6.13.0-sm8250/lib/modules/6.13.0-sm8250/kernel/drivers/media/i2c/imx355.ko
  INSTALL debian/linux-image-6.13.0-sm8250/lib/modules/6.13.0-sm8250/kernel/drivers/media/i2c/imx412.ko
  INSTALL debian/linux-image-6.13.0-sm8250/lib/modules/6.13.0-sm8250/kernel/drivers/media/i2c/imx582.ko
  INSTALL debian/linux-image-6.13.0-sm8250/lib/modules/6.13.0-sm8250/kernel/drivers/media/i2c/ov5640.ko
  INSTALL debian/linux-image-6.13.0-sm8250/lib/modules/6.13.0-sm8250/kernel/drivers/media/i2c/ir-kbd-i2c.ko
  INSTALL debian/linux-image-6.13.0-sm8250/lib/modules/6.13.0-sm8250/kernel/drivers/media/i2c/s5k5e9.ko
  STRIP   debian/linux-image-6.13.0-sm8250/lib/modules/6.13.0-sm8250/kernel/drivers/media/i2c/imx412.ko
  STRIP   debian/linux-image-6.13.0-sm8250/lib/modules/6.13.0-sm8250/kernel/drivers/media/i2c/ir-kbd-i2c.ko
  STRIP   debian/linux-image-6.13.0-sm8250/lib/modules/6.13.0-sm8250/kernel/drivers/media/i2c/imx582.ko
  STRIP   debian/linux-image-6.13.0-sm8250/lib/modules/6.13.0-sm8250/kernel/drivers/media/i2c/ov5640.ko
  STRIP   debian/linux-image-6.13.0-sm8250/lib/modules/6.13.0-sm8250/kernel/drivers/media/i2c/s5k5e9.ko
  INSTALL debian/linux-image-6.13.0-sm8250/lib/modules/6.13.0-sm8250/kernel/drivers/media/rc/keymaps/rc-adstech-dvb-t-pci.ko
  INSTALL debian/linux-image-6.13.0-sm8250/lib/modules/6.13.0-sm8250/kernel/drivers/media/rc/keymaps/rc-alink-dtu-m.ko
  INSTALL debian/linux-image-6.13.0-sm8250/lib/modules/6.13.0-sm8250/kernel/drivers/media/rc/keymaps/rc-anysee.ko
  INSTALL debian/linux-image-6.13.0-sm8250/lib/modules/6.13.0-sm8250/kernel/drivers/media/rc/keymaps/rc-apac-viewcomp.ko
  STRIP   debian/linux-image-6.13.0-sm8250/lib/modules/6.13.0-sm8250/kernel/drivers/media/rc/keymaps/rc-adstech-dvb-t-pci.ko
  STRIP   debian/linux-image-6.13.0-sm8250/lib/modules/6.13.0-sm8250/kernel/drivers/media/rc/keymaps/rc-alink-dtu-m.ko
  INSTALL debian/linux-image-6.13.0-sm8250/lib/modules/6.13.0-sm8250/kernel/drivers/media/rc/keymaps/rc-astrometa-t2hybrid.ko
  STRIP   debian/linux-image-6.13.0-sm8250/lib/modules/6.13.0-sm8250/kernel/drivers/media/rc/keymaps/rc-anysee.ko
  INSTALL debian/linux-image-6.13.0-sm8250/lib/modules/6.13.0-sm8250/kernel/drivers/media/rc/keymaps/rc-asus-pc39.ko
  STRIP   debian/linux-image-6.13.0-sm8250/lib/modules/6.13.0-sm8250/kernel/drivers/media/rc/keymaps/rc-apac-viewcomp.ko
  STRIP   debian/linux-image-6.13.0-sm8250/lib/modules/6.13.0-sm8250/kernel/drivers/media/rc/keymaps/rc-astrometa-t2hybrid.ko
  STRIP   debian/linux-image-6.13.0-sm8250/lib/modules/6.13.0-sm8250/kernel/drivers/media/rc/keymaps/rc-asus-pc39.ko
  INSTALL debian/linux-image-6.13.0-sm8250/lib/modules/6.13.0-sm8250/kernel/drivers/media/rc/keymaps/rc-asus-ps3-100.ko
  INSTALL debian/linux-image-6.13.0-sm8250/lib/modules/6.13.0-sm8250/kernel/drivers/media/rc/keymaps/rc-ati-tv-wonder-hd-600.ko
  INSTALL debian/linux-image-6.13.0-sm8250/lib/modules/6.13.0-sm8250/kernel/drivers/media/rc/keymaps/rc-ati-x10.ko
  STRIP   debian/linux-image-6.13.0-sm8250/lib/modules/6.13.0-sm8250/kernel/drivers/media/rc/keymaps/rc-asus-ps3-100.ko
  STRIP   debian/linux-image-6.13.0-sm8250/lib/modules/6.13.0-sm8250/kernel/drivers/media/rc/keymaps/rc-ati-tv-wonder-hd-600.ko
  STRIP   debian/linux-image-6.13.0-sm8250/lib/modules/6.13.0-sm8250/kernel/drivers/media/rc/keymaps/rc-ati-x10.ko
  INSTALL debian/linux-image-6.13.0-sm8250/lib/modules/6.13.0-sm8250/kernel/drivers/media/rc/keymaps/rc-avermedia-a16d.ko
  INSTALL debian/linux-image-6.13.0-sm8250/lib/modules/6.13.0-sm8250/kernel/drivers/media/rc/keymaps/rc-avermedia-cardbus.ko
  STRIP   debian/linux-image-6.13.0-sm8250/lib/modules/6.13.0-sm8250/kernel/drivers/media/rc/keymaps/rc-avermedia-a16d.ko
  INSTALL debian/linux-image-6.13.0-sm8250/lib/modules/6.13.0-sm8250/kernel/drivers/media/rc/keymaps/rc-avermedia-dvbt.ko
  INSTALL debian/linux-image-6.13.0-sm8250/lib/modules/6.13.0-sm8250/kernel/drivers/media/rc/keymaps/rc-avermedia-m135a.ko
  STRIP   debian/linux-image-6.13.0-sm8250/lib/modules/6.13.0-sm8250/kernel/drivers/media/rc/keymaps/rc-avermedia-cardbus.ko
  INSTALL debian/linux-image-6.13.0-sm8250/lib/modules/6.13.0-sm8250/kernel/drivers/media/rc/keymaps/rc-avermedia-m733a-rm-k6.ko
  INSTALL debian/linux-image-6.13.0-sm8250/lib/modules/6.13.0-sm8250/kernel/drivers/media/rc/keymaps/rc-avermedia.ko
  STRIP   debian/linux-image-6.13.0-sm8250/lib/modules/6.13.0-sm8250/kernel/drivers/media/rc/keymaps/rc-avermedia-dvbt.ko
  STRIP   debian/linux-image-6.13.0-sm8250/lib/modules/6.13.0-sm8250/kernel/drivers/media/rc/keymaps/rc-avermedia-m135a.ko
  STRIP   debian/linux-image-6.13.0-sm8250/lib/modules/6.13.0-sm8250/kernel/drivers/media/rc/keymaps/rc-avermedia-m733a-rm-k6.ko
  STRIP   debian/linux-image-6.13.0-sm8250/lib/modules/6.13.0-sm8250/kernel/drivers/media/rc/keymaps/rc-avermedia.ko
  INSTALL debian/linux-image-6.13.0-sm8250/lib/modules/6.13.0-sm8250/kernel/drivers/media/rc/keymaps/rc-avermedia-rm-ks.ko
  INSTALL debian/linux-image-6.13.0-sm8250/lib/modules/6.13.0-sm8250/kernel/drivers/media/rc/keymaps/rc-avertv-303.ko
  STRIP   debian/linux-image-6.13.0-sm8250/lib/modules/6.13.0-sm8250/kernel/drivers/media/rc/keymaps/rc-avermedia-rm-ks.ko
  INSTALL debian/linux-image-6.13.0-sm8250/lib/modules/6.13.0-sm8250/kernel/drivers/media/rc/keymaps/rc-azurewave-ad-tu700.ko
  INSTALL debian/linux-image-6.13.0-sm8250/lib/modules/6.13.0-sm8250/kernel/drivers/media/rc/keymaps/rc-beelink-gs1.ko
  INSTALL debian/linux-image-6.13.0-sm8250/lib/modules/6.13.0-sm8250/kernel/drivers/media/rc/keymaps/rc-beelink-mxiii.ko
  STRIP   debian/linux-image-6.13.0-sm8250/lib/modules/6.13.0-sm8250/kernel/drivers/media/rc/keymaps/rc-avertv-303.ko
  STRIP   debian/linux-image-6.13.0-sm8250/lib/modules/6.13.0-sm8250/kernel/drivers/media/rc/keymaps/rc-azurewave-ad-tu700.ko
  INSTALL debian/linux-image-6.13.0-sm8250/lib/modules/6.13.0-sm8250/kernel/drivers/media/rc/keymaps/rc-behold-columbus.ko
  INSTALL debian/linux-image-6.13.0-sm8250/lib/modules/6.13.0-sm8250/kernel/drivers/media/rc/keymaps/rc-behold.ko
  STRIP   debian/linux-image-6.13.0-sm8250/lib/modules/6.13.0-sm8250/kernel/drivers/media/rc/keymaps/rc-beelink-mxiii.ko
  STRIP   debian/linux-image-6.13.0-sm8250/lib/modules/6.13.0-sm8250/kernel/drivers/media/rc/keymaps/rc-beelink-gs1.ko
  STRIP   debian/linux-image-6.13.0-sm8250/lib/modules/6.13.0-sm8250/kernel/drivers/media/rc/keymaps/rc-behold.ko
  STRIP   debian/linux-image-6.13.0-sm8250/lib/modules/6.13.0-sm8250/kernel/drivers/media/rc/keymaps/rc-behold-columbus.ko
  INSTALL debian/linux-image-6.13.0-sm8250/lib/modules/6.13.0-sm8250/kernel/drivers/media/rc/keymaps/rc-cinergy-1400.ko
  INSTALL debian/linux-image-6.13.0-sm8250/lib/modules/6.13.0-sm8250/kernel/drivers/media/rc/keymaps/rc-cinergy.ko
  INSTALL debian/linux-image-6.13.0-sm8250/lib/modules/6.13.0-sm8250/kernel/drivers/media/rc/keymaps/rc-ct-90405.ko
  INSTALL debian/linux-image-6.13.0-sm8250/lib/modules/6.13.0-sm8250/kernel/drivers/media/rc/keymaps/rc-budget-ci-old.ko
  STRIP   debian/linux-image-6.13.0-sm8250/lib/modules/6.13.0-sm8250/kernel/drivers/media/rc/keymaps/rc-budget-ci-old.ko
  STRIP   debian/linux-image-6.13.0-sm8250/lib/modules/6.13.0-sm8250/kernel/drivers/media/rc/keymaps/rc-cinergy-1400.ko
  STRIP   debian/linux-image-6.13.0-sm8250/lib/modules/6.13.0-sm8250/kernel/drivers/media/rc/keymaps/rc-cinergy.ko
  STRIP   debian/linux-image-6.13.0-sm8250/lib/modules/6.13.0-sm8250/kernel/drivers/media/rc/keymaps/rc-ct-90405.ko
  INSTALL debian/linux-image-6.13.0-sm8250/lib/modules/6.13.0-sm8250/kernel/drivers/media/rc/keymaps/rc-d680-dmb.ko
  STRIP   debian/linux-image-6.13.0-sm8250/lib/modules/6.13.0-sm8250/kernel/drivers/media/rc/keymaps/rc-d680-dmb.ko
  INSTALL debian/linux-image-6.13.0-sm8250/lib/modules/6.13.0-sm8250/kernel/drivers/media/rc/keymaps/rc-delock-61959.ko
  INSTALL debian/linux-image-6.13.0-sm8250/lib/modules/6.13.0-sm8250/kernel/drivers/media/rc/keymaps/rc-dib0700-nec.ko
  INSTALL debian/linux-image-6.13.0-sm8250/lib/modules/6.13.0-sm8250/kernel/drivers/media/rc/keymaps/rc-dib0700-rc5.ko
  INSTALL debian/linux-image-6.13.0-sm8250/lib/modules/6.13.0-sm8250/kernel/drivers/media/rc/keymaps/rc-digitalnow-tinytwin.ko
  STRIP   debian/linux-image-6.13.0-sm8250/lib/modules/6.13.0-sm8250/kernel/drivers/media/rc/keymaps/rc-delock-61959.ko
  STRIP   debian/linux-image-6.13.0-sm8250/lib/modules/6.13.0-sm8250/kernel/drivers/media/rc/keymaps/rc-dib0700-rc5.ko
  STRIP   debian/linux-image-6.13.0-sm8250/lib/modules/6.13.0-sm8250/kernel/drivers/media/rc/keymaps/rc-dib0700-nec.ko
  STRIP   debian/linux-image-6.13.0-sm8250/lib/modules/6.13.0-sm8250/kernel/drivers/media/rc/keymaps/rc-digitalnow-tinytwin.ko
  INSTALL debian/linux-image-6.13.0-sm8250/lib/modules/6.13.0-sm8250/kernel/drivers/media/rc/keymaps/rc-digittrade.ko
  INSTALL debian/linux-image-6.13.0-sm8250/lib/modules/6.13.0-sm8250/kernel/drivers/media/rc/keymaps/rc-dm1105-nec.ko
  INSTALL debian/linux-image-6.13.0-sm8250/lib/modules/6.13.0-sm8250/kernel/drivers/media/rc/keymaps/rc-dntv-live-dvb-t.ko
  STRIP   debian/linux-image-6.13.0-sm8250/lib/modules/6.13.0-sm8250/kernel/drivers/media/rc/keymaps/rc-digittrade.ko
  STRIP   debian/linux-image-6.13.0-sm8250/lib/modules/6.13.0-sm8250/kernel/drivers/media/rc/keymaps/rc-dm1105-nec.ko
  STRIP   debian/linux-image-6.13.0-sm8250/lib/modules/6.13.0-sm8250/kernel/drivers/media/rc/keymaps/rc-dntv-live-dvb-t.ko
  INSTALL debian/linux-image-6.13.0-sm8250/lib/modules/6.13.0-sm8250/kernel/drivers/media/rc/keymaps/rc-dntv-live-dvbt-pro.ko
  INSTALL debian/linux-image-6.13.0-sm8250/lib/modules/6.13.0-sm8250/kernel/drivers/media/rc/keymaps/rc-dreambox.ko
  INSTALL debian/linux-image-6.13.0-sm8250/lib/modules/6.13.0-sm8250/kernel/drivers/media/rc/keymaps/rc-dtt200u.ko
  STRIP   debian/linux-image-6.13.0-sm8250/lib/modules/6.13.0-sm8250/kernel/drivers/media/rc/keymaps/rc-dntv-live-dvbt-pro.ko
  STRIP   debian/linux-image-6.13.0-sm8250/lib/modules/6.13.0-sm8250/kernel/drivers/media/rc/keymaps/rc-dreambox.ko
  STRIP   debian/linux-image-6.13.0-sm8250/lib/modules/6.13.0-sm8250/kernel/drivers/media/rc/keymaps/rc-dtt200u.ko
  INSTALL debian/linux-image-6.13.0-sm8250/lib/modules/6.13.0-sm8250/kernel/drivers/media/rc/keymaps/rc-dvbsky.ko
  INSTALL debian/linux-image-6.13.0-sm8250/lib/modules/6.13.0-sm8250/kernel/drivers/media/rc/keymaps/rc-dvico-mce.ko
  INSTALL debian/linux-image-6.13.0-sm8250/lib/modules/6.13.0-sm8250/kernel/drivers/media/rc/keymaps/rc-dvico-portable.ko
  STRIP   debian/linux-image-6.13.0-sm8250/lib/modules/6.13.0-sm8250/kernel/drivers/media/rc/keymaps/rc-dvbsky.ko
  STRIP   debian/linux-image-6.13.0-sm8250/lib/modules/6.13.0-sm8250/kernel/drivers/media/rc/keymaps/rc-dvico-mce.ko
  INSTALL debian/linux-image-6.13.0-sm8250/lib/modules/6.13.0-sm8250/kernel/drivers/media/rc/keymaps/rc-em-terratec.ko
  STRIP   debian/linux-image-6.13.0-sm8250/lib/modules/6.13.0-sm8250/kernel/drivers/media/rc/keymaps/rc-dvico-portable.ko
  INSTALL debian/linux-image-6.13.0-sm8250/lib/modules/6.13.0-sm8250/kernel/drivers/media/rc/keymaps/rc-encore-enltv2.ko
  INSTALL debian/linux-image-6.13.0-sm8250/lib/modules/6.13.0-sm8250/kernel/drivers/media/rc/keymaps/rc-encore-enltv-fm53.ko
  STRIP   debian/linux-image-6.13.0-sm8250/lib/modules/6.13.0-sm8250/kernel/drivers/media/rc/keymaps/rc-em-terratec.ko
  STRIP   debian/linux-image-6.13.0-sm8250/lib/modules/6.13.0-sm8250/kernel/drivers/media/rc/keymaps/rc-encore-enltv2.ko
  STRIP   debian/linux-image-6.13.0-sm8250/lib/modules/6.13.0-sm8250/kernel/drivers/media/rc/keymaps/rc-encore-enltv-fm53.ko
  INSTALL debian/linux-image-6.13.0-sm8250/lib/modules/6.13.0-sm8250/kernel/drivers/media/rc/keymaps/rc-encore-enltv.ko
  INSTALL debian/linux-image-6.13.0-sm8250/lib/modules/6.13.0-sm8250/kernel/drivers/media/rc/keymaps/rc-evga-indtube.ko
  INSTALL debian/linux-image-6.13.0-sm8250/lib/modules/6.13.0-sm8250/kernel/drivers/media/rc/keymaps/rc-eztv.ko
  INSTALL debian/linux-image-6.13.0-sm8250/lib/modules/6.13.0-sm8250/kernel/drivers/media/rc/keymaps/rc-flydvb.ko
  STRIP   debian/linux-image-6.13.0-sm8250/lib/modules/6.13.0-sm8250/kernel/drivers/media/rc/keymaps/rc-encore-enltv.ko
  STRIP   debian/linux-image-6.13.0-sm8250/lib/modules/6.13.0-sm8250/kernel/drivers/media/rc/keymaps/rc-evga-indtube.ko
  STRIP   debian/linux-image-6.13.0-sm8250/lib/modules/6.13.0-sm8250/kernel/drivers/media/rc/keymaps/rc-eztv.ko
  INSTALL debian/linux-image-6.13.0-sm8250/lib/modules/6.13.0-sm8250/kernel/drivers/media/rc/keymaps/rc-flyvideo.ko
  STRIP   debian/linux-image-6.13.0-sm8250/lib/modules/6.13.0-sm8250/kernel/drivers/media/rc/keymaps/rc-flydvb.ko
  STRIP   debian/linux-image-6.13.0-sm8250/lib/modules/6.13.0-sm8250/kernel/drivers/media/rc/keymaps/rc-flyvideo.ko
  INSTALL debian/linux-image-6.13.0-sm8250/lib/modules/6.13.0-sm8250/kernel/drivers/media/rc/keymaps/rc-fusionhdtv-mce.ko
  INSTALL debian/linux-image-6.13.0-sm8250/lib/modules/6.13.0-sm8250/kernel/drivers/media/rc/keymaps/rc-gadmei-rm008z.ko
  STRIP   debian/linux-image-6.13.0-sm8250/lib/modules/6.13.0-sm8250/kernel/drivers/media/rc/keymaps/rc-fusionhdtv-mce.ko
  INSTALL debian/linux-image-6.13.0-sm8250/lib/modules/6.13.0-sm8250/kernel/drivers/media/rc/keymaps/rc-geekbox.ko
  INSTALL debian/linux-image-6.13.0-sm8250/lib/modules/6.13.0-sm8250/kernel/drivers/media/rc/keymaps/rc-gotview7135.ko
  INSTALL debian/linux-image-6.13.0-sm8250/lib/modules/6.13.0-sm8250/kernel/drivers/media/rc/keymaps/rc-genius-tvgo-a11mce.ko
  STRIP   debian/linux-image-6.13.0-sm8250/lib/modules/6.13.0-sm8250/kernel/drivers/media/rc/keymaps/rc-gadmei-rm008z.ko
  INSTALL debian/linux-image-6.13.0-sm8250/lib/modules/6.13.0-sm8250/kernel/drivers/media/rc/keymaps/rc-hauppauge.ko
  STRIP   debian/linux-image-6.13.0-sm8250/lib/modules/6.13.0-sm8250/kernel/drivers/media/rc/keymaps/rc-geekbox.ko
  STRIP   debian/linux-image-6.13.0-sm8250/lib/modules/6.13.0-sm8250/kernel/drivers/media/rc/keymaps/rc-gotview7135.ko
  STRIP   debian/linux-image-6.13.0-sm8250/lib/modules/6.13.0-sm8250/kernel/drivers/media/rc/keymaps/rc-genius-tvgo-a11mce.ko
  STRIP   debian/linux-image-6.13.0-sm8250/lib/modules/6.13.0-sm8250/kernel/drivers/media/rc/keymaps/rc-hauppauge.ko
  INSTALL debian/linux-image-6.13.0-sm8250/lib/modules/6.13.0-sm8250/kernel/drivers/media/rc/keymaps/rc-hisi-poplar.ko
  STRIP   debian/linux-image-6.13.0-sm8250/lib/modules/6.13.0-sm8250/kernel/drivers/media/rc/keymaps/rc-hisi-poplar.ko
  INSTALL debian/linux-image-6.13.0-sm8250/lib/modules/6.13.0-sm8250/kernel/drivers/media/rc/keymaps/rc-hisi-tv-demo.ko
  INSTALL debian/linux-image-6.13.0-sm8250/lib/modules/6.13.0-sm8250/kernel/drivers/media/rc/keymaps/rc-imon-mce.ko
  INSTALL debian/linux-image-6.13.0-sm8250/lib/modules/6.13.0-sm8250/kernel/drivers/media/rc/keymaps/rc-imon-pad.ko
  INSTALL debian/linux-image-6.13.0-sm8250/lib/modules/6.13.0-sm8250/kernel/drivers/media/rc/keymaps/rc-imon-rsc.ko
  INSTALL debian/linux-image-6.13.0-sm8250/lib/modules/6.13.0-sm8250/kernel/drivers/media/rc/keymaps/rc-iodata-bctv7e.ko
  INSTALL debian/linux-image-6.13.0-sm8250/lib/modules/6.13.0-sm8250/kernel/drivers/media/rc/keymaps/rc-it913x-v1.ko
  STRIP   debian/linux-image-6.13.0-sm8250/lib/modules/6.13.0-sm8250/kernel/drivers/media/rc/keymaps/rc-hisi-tv-demo.ko
  STRIP   debian/linux-image-6.13.0-sm8250/lib/modules/6.13.0-sm8250/kernel/drivers/media/rc/keymaps/rc-imon-mce.ko
  STRIP   debian/linux-image-6.13.0-sm8250/lib/modules/6.13.0-sm8250/kernel/drivers/media/rc/keymaps/rc-imon-rsc.ko
  STRIP   debian/linux-image-6.13.0-sm8250/lib/modules/6.13.0-sm8250/kernel/drivers/media/rc/keymaps/rc-imon-pad.ko
  STRIP   debian/linux-image-6.13.0-sm8250/lib/modules/6.13.0-sm8250/kernel/drivers/media/rc/keymaps/rc-iodata-bctv7e.ko
  STRIP   debian/linux-image-6.13.0-sm8250/lib/modules/6.13.0-sm8250/kernel/drivers/media/rc/keymaps/rc-it913x-v1.ko
  INSTALL debian/linux-image-6.13.0-sm8250/lib/modules/6.13.0-sm8250/kernel/drivers/media/rc/keymaps/rc-it913x-v2.ko
  INSTALL debian/linux-image-6.13.0-sm8250/lib/modules/6.13.0-sm8250/kernel/drivers/media/rc/keymaps/rc-khadas.ko
  INSTALL debian/linux-image-6.13.0-sm8250/lib/modules/6.13.0-sm8250/kernel/drivers/media/rc/keymaps/rc-kworld-315u.ko
  INSTALL debian/linux-image-6.13.0-sm8250/lib/modules/6.13.0-sm8250/kernel/drivers/media/rc/keymaps/rc-khamsin.ko
  INSTALL debian/linux-image-6.13.0-sm8250/lib/modules/6.13.0-sm8250/kernel/drivers/media/rc/keymaps/rc-kaiomy.ko
  INSTALL debian/linux-image-6.13.0-sm8250/lib/modules/6.13.0-sm8250/kernel/drivers/media/rc/keymaps/rc-kworld-pc150u.ko
  STRIP   debian/linux-image-6.13.0-sm8250/lib/modules/6.13.0-sm8250/kernel/drivers/media/rc/keymaps/rc-it913x-v2.ko
  STRIP   debian/linux-image-6.13.0-sm8250/lib/modules/6.13.0-sm8250/kernel/drivers/media/rc/keymaps/rc-kworld-315u.ko
  INSTALL debian/linux-image-6.13.0-sm8250/lib/modules/6.13.0-sm8250/kernel/drivers/media/rc/keymaps/rc-kworld-plus-tv-analog.ko
  STRIP   debian/linux-image-6.13.0-sm8250/lib/modules/6.13.0-sm8250/kernel/drivers/media/rc/keymaps/rc-kaiomy.ko
  STRIP   debian/linux-image-6.13.0-sm8250/lib/modules/6.13.0-sm8250/kernel/drivers/media/rc/keymaps/rc-khadas.ko
  STRIP   debian/linux-image-6.13.0-sm8250/lib/modules/6.13.0-sm8250/kernel/drivers/media/rc/keymaps/rc-khamsin.ko
  STRIP   debian/linux-image-6.13.0-sm8250/lib/modules/6.13.0-sm8250/kernel/drivers/media/rc/keymaps/rc-kworld-pc150u.ko
  STRIP   debian/linux-image-6.13.0-sm8250/lib/modules/6.13.0-sm8250/kernel/drivers/media/rc/keymaps/rc-kworld-plus-tv-analog.ko
  INSTALL debian/linux-image-6.13.0-sm8250/lib/modules/6.13.0-sm8250/kernel/drivers/media/rc/keymaps/rc-leadtek-y04g0051.ko
  INSTALL debian/linux-image-6.13.0-sm8250/lib/modules/6.13.0-sm8250/kernel/drivers/media/rc/keymaps/rc-lme2510.ko
  INSTALL debian/linux-image-6.13.0-sm8250/lib/modules/6.13.0-sm8250/kernel/drivers/media/rc/keymaps/rc-manli.ko
  INSTALL debian/linux-image-6.13.0-sm8250/lib/modules/6.13.0-sm8250/kernel/drivers/media/rc/keymaps/rc-mecool-kiii-pro.ko
  INSTALL debian/linux-image-6.13.0-sm8250/lib/modules/6.13.0-sm8250/kernel/drivers/media/rc/keymaps/rc-mecool-kii-pro.ko
  STRIP   debian/linux-image-6.13.0-sm8250/lib/modules/6.13.0-sm8250/kernel/drivers/media/rc/keymaps/rc-leadtek-y04g0051.ko
  STRIP   debian/linux-image-6.13.0-sm8250/lib/modules/6.13.0-sm8250/kernel/drivers/media/rc/keymaps/rc-manli.ko
  STRIP   debian/linux-image-6.13.0-sm8250/lib/modules/6.13.0-sm8250/kernel/drivers/media/rc/keymaps/rc-mecool-kiii-pro.ko
  STRIP   debian/linux-image-6.13.0-sm8250/lib/modules/6.13.0-sm8250/kernel/drivers/media/rc/keymaps/rc-lme2510.ko
  STRIP   debian/linux-image-6.13.0-sm8250/lib/modules/6.13.0-sm8250/kernel/drivers/media/rc/keymaps/rc-mecool-kii-pro.ko
  INSTALL debian/linux-image-6.13.0-sm8250/lib/modules/6.13.0-sm8250/kernel/drivers/media/rc/keymaps/rc-medion-x10-digitainer.ko
  INSTALL debian/linux-image-6.13.0-sm8250/lib/modules/6.13.0-sm8250/kernel/drivers/media/rc/keymaps/rc-medion-x10.ko
  INSTALL debian/linux-image-6.13.0-sm8250/lib/modules/6.13.0-sm8250/kernel/drivers/media/rc/keymaps/rc-medion-x10-or2x.ko
  STRIP   debian/linux-image-6.13.0-sm8250/lib/modules/6.13.0-sm8250/kernel/drivers/media/rc/keymaps/rc-medion-x10-digitainer.ko
  INSTALL debian/linux-image-6.13.0-sm8250/lib/modules/6.13.0-sm8250/kernel/drivers/media/rc/keymaps/rc-minix-neo.ko
  STRIP   debian/linux-image-6.13.0-sm8250/lib/modules/6.13.0-sm8250/kernel/drivers/media/rc/keymaps/rc-medion-x10.ko
  STRIP   debian/linux-image-6.13.0-sm8250/lib/modules/6.13.0-sm8250/kernel/drivers/media/rc/keymaps/rc-medion-x10-or2x.ko
  STRIP   debian/linux-image-6.13.0-sm8250/lib/modules/6.13.0-sm8250/kernel/drivers/media/rc/keymaps/rc-minix-neo.ko
  INSTALL debian/linux-image-6.13.0-sm8250/lib/modules/6.13.0-sm8250/kernel/drivers/media/rc/keymaps/rc-msi-digivox-iii.ko
  INSTALL debian/linux-image-6.13.0-sm8250/lib/modules/6.13.0-sm8250/kernel/drivers/media/rc/keymaps/rc-msi-digivox-ii.ko
  STRIP   debian/linux-image-6.13.0-sm8250/lib/modules/6.13.0-sm8250/kernel/drivers/media/rc/keymaps/rc-msi-digivox-iii.ko
  INSTALL debian/linux-image-6.13.0-sm8250/lib/modules/6.13.0-sm8250/kernel/drivers/media/rc/keymaps/rc-msi-tvanywhere.ko
  STRIP   debian/linux-image-6.13.0-sm8250/lib/modules/6.13.0-sm8250/kernel/drivers/media/rc/keymaps/rc-msi-digivox-ii.ko
  INSTALL debian/linux-image-6.13.0-sm8250/lib/modules/6.13.0-sm8250/kernel/drivers/media/rc/keymaps/rc-msi-tvanywhere-plus.ko
  INSTALL debian/linux-image-6.13.0-sm8250/lib/modules/6.13.0-sm8250/kernel/drivers/media/rc/keymaps/rc-mygica-utv3.ko
  STRIP   debian/linux-image-6.13.0-sm8250/lib/modules/6.13.0-sm8250/kernel/drivers/media/rc/keymaps/rc-msi-tvanywhere.ko
  INSTALL debian/linux-image-6.13.0-sm8250/lib/modules/6.13.0-sm8250/kernel/drivers/media/rc/keymaps/rc-nebula.ko
  STRIP   debian/linux-image-6.13.0-sm8250/lib/modules/6.13.0-sm8250/kernel/drivers/media/rc/keymaps/rc-mygica-utv3.ko
  STRIP   debian/linux-image-6.13.0-sm8250/lib/modules/6.13.0-sm8250/kernel/drivers/media/rc/keymaps/rc-msi-tvanywhere-plus.ko
  STRIP   debian/linux-image-6.13.0-sm8250/lib/modules/6.13.0-sm8250/kernel/drivers/media/rc/keymaps/rc-nebula.ko
  INSTALL debian/linux-image-6.13.0-sm8250/lib/modules/6.13.0-sm8250/kernel/drivers/media/rc/keymaps/rc-norwood.ko
  INSTALL debian/linux-image-6.13.0-sm8250/lib/modules/6.13.0-sm8250/kernel/drivers/media/rc/keymaps/rc-nec-terratec-cinergy-xs.ko
  INSTALL debian/linux-image-6.13.0-sm8250/lib/modules/6.13.0-sm8250/kernel/drivers/media/rc/keymaps/rc-npgtech.ko
  INSTALL debian/linux-image-6.13.0-sm8250/lib/modules/6.13.0-sm8250/kernel/drivers/media/rc/keymaps/rc-odroid.ko
  STRIP   debian/linux-image-6.13.0-sm8250/lib/modules/6.13.0-sm8250/kernel/drivers/media/rc/keymaps/rc-nec-terratec-cinergy-xs.ko
  STRIP   debian/linux-image-6.13.0-sm8250/lib/modules/6.13.0-sm8250/kernel/drivers/media/rc/keymaps/rc-norwood.ko
  STRIP   debian/linux-image-6.13.0-sm8250/lib/modules/6.13.0-sm8250/kernel/drivers/media/rc/keymaps/rc-odroid.ko
  STRIP   debian/linux-image-6.13.0-sm8250/lib/modules/6.13.0-sm8250/kernel/drivers/media/rc/keymaps/rc-npgtech.ko
  INSTALL debian/linux-image-6.13.0-sm8250/lib/modules/6.13.0-sm8250/kernel/drivers/media/rc/keymaps/rc-pctv-sedna.ko
  STRIP   debian/linux-image-6.13.0-sm8250/lib/modules/6.13.0-sm8250/kernel/drivers/media/rc/keymaps/rc-pctv-sedna.ko
  INSTALL debian/linux-image-6.13.0-sm8250/lib/modules/6.13.0-sm8250/kernel/drivers/media/rc/keymaps/rc-pine64.ko
  INSTALL debian/linux-image-6.13.0-sm8250/lib/modules/6.13.0-sm8250/kernel/drivers/media/rc/keymaps/rc-pinnacle-grey.ko
  INSTALL debian/linux-image-6.13.0-sm8250/lib/modules/6.13.0-sm8250/kernel/drivers/media/rc/keymaps/rc-pinnacle-color.ko
  INSTALL debian/linux-image-6.13.0-sm8250/lib/modules/6.13.0-sm8250/kernel/drivers/media/rc/keymaps/rc-pixelview-002t.ko
  STRIP   debian/linux-image-6.13.0-sm8250/lib/modules/6.13.0-sm8250/kernel/drivers/media/rc/keymaps/rc-pine64.ko
  INSTALL debian/linux-image-6.13.0-sm8250/lib/modules/6.13.0-sm8250/kernel/drivers/media/rc/keymaps/rc-pinnacle-pctv-hd.ko
  STRIP   debian/linux-image-6.13.0-sm8250/lib/modules/6.13.0-sm8250/kernel/drivers/media/rc/keymaps/rc-pinnacle-grey.ko
  INSTALL debian/linux-image-6.13.0-sm8250/lib/modules/6.13.0-sm8250/kernel/drivers/media/rc/keymaps/rc-pixelview-mk12.ko
  STRIP   debian/linux-image-6.13.0-sm8250/lib/modules/6.13.0-sm8250/kernel/drivers/media/rc/keymaps/rc-pinnacle-color.ko
  STRIP   debian/linux-image-6.13.0-sm8250/lib/modules/6.13.0-sm8250/kernel/drivers/media/rc/keymaps/rc-pinnacle-pctv-hd.ko
  STRIP   debian/linux-image-6.13.0-sm8250/lib/modules/6.13.0-sm8250/kernel/drivers/media/rc/keymaps/rc-pixelview-002t.ko
  STRIP   debian/linux-image-6.13.0-sm8250/lib/modules/6.13.0-sm8250/kernel/drivers/media/rc/keymaps/rc-pixelview-mk12.ko
  INSTALL debian/linux-image-6.13.0-sm8250/lib/modules/6.13.0-sm8250/kernel/drivers/media/rc/keymaps/rc-pixelview-new.ko
  INSTALL debian/linux-image-6.13.0-sm8250/lib/modules/6.13.0-sm8250/kernel/drivers/media/rc/keymaps/rc-pixelview.ko
  STRIP   debian/linux-image-6.13.0-sm8250/lib/modules/6.13.0-sm8250/kernel/drivers/media/rc/keymaps/rc-pixelview-new.ko
  STRIP   debian/linux-image-6.13.0-sm8250/lib/modules/6.13.0-sm8250/kernel/drivers/media/rc/keymaps/rc-pixelview.ko
  INSTALL debian/linux-image-6.13.0-sm8250/lib/modules/6.13.0-sm8250/kernel/drivers/media/rc/keymaps/rc-powercolor-real-angel.ko
  INSTALL debian/linux-image-6.13.0-sm8250/lib/modules/6.13.0-sm8250/kernel/drivers/media/rc/keymaps/rc-proteus-2309.ko
  STRIP   debian/linux-image-6.13.0-sm8250/lib/modules/6.13.0-sm8250/kernel/drivers/media/rc/keymaps/rc-powercolor-real-angel.ko
  INSTALL debian/linux-image-6.13.0-sm8250/lib/modules/6.13.0-sm8250/kernel/drivers/media/rc/keymaps/rc-purpletv.ko
  INSTALL debian/linux-image-6.13.0-sm8250/lib/modules/6.13.0-sm8250/kernel/drivers/media/rc/keymaps/rc-pv951.ko
  STRIP   debian/linux-image-6.13.0-sm8250/lib/modules/6.13.0-sm8250/kernel/drivers/media/rc/keymaps/rc-proteus-2309.ko
  STRIP   debian/linux-image-6.13.0-sm8250/lib/modules/6.13.0-sm8250/kernel/drivers/media/rc/keymaps/rc-purpletv.ko
  STRIP   debian/linux-image-6.13.0-sm8250/lib/modules/6.13.0-sm8250/kernel/drivers/media/rc/keymaps/rc-pv951.ko
  INSTALL debian/linux-image-6.13.0-sm8250/lib/modules/6.13.0-sm8250/kernel/drivers/media/rc/keymaps/rc-rc6-mce.ko
  INSTALL debian/linux-image-6.13.0-sm8250/lib/modules/6.13.0-sm8250/kernel/drivers/media/rc/keymaps/rc-real-audio-220-32-keys.ko
  INSTALL debian/linux-image-6.13.0-sm8250/lib/modules/6.13.0-sm8250/kernel/drivers/media/rc/keymaps/rc-reddo.ko
  STRIP   debian/linux-image-6.13.0-sm8250/lib/modules/6.13.0-sm8250/kernel/drivers/media/rc/keymaps/rc-real-audio-220-32-keys.ko
  STRIP   debian/linux-image-6.13.0-sm8250/lib/modules/6.13.0-sm8250/kernel/drivers/media/rc/keymaps/rc-reddo.ko
  STRIP   debian/linux-image-6.13.0-sm8250/lib/modules/6.13.0-sm8250/kernel/drivers/media/rc/keymaps/rc-rc6-mce.ko
  INSTALL debian/linux-image-6.13.0-sm8250/lib/modules/6.13.0-sm8250/kernel/drivers/media/rc/keymaps/rc-snapstream-firefly.ko
  INSTALL debian/linux-image-6.13.0-sm8250/lib/modules/6.13.0-sm8250/kernel/drivers/media/rc/keymaps/rc-streamzap.ko
  INSTALL debian/linux-image-6.13.0-sm8250/lib/modules/6.13.0-sm8250/kernel/drivers/media/rc/keymaps/rc-su3000.ko
  INSTALL debian/linux-image-6.13.0-sm8250/lib/modules/6.13.0-sm8250/kernel/drivers/media/rc/keymaps/rc-tanix-tx3mini.ko
  STRIP   debian/linux-image-6.13.0-sm8250/lib/modules/6.13.0-sm8250/kernel/drivers/media/rc/keymaps/rc-snapstream-firefly.ko
  STRIP   debian/linux-image-6.13.0-sm8250/lib/modules/6.13.0-sm8250/kernel/drivers/media/rc/keymaps/rc-streamzap.ko
  STRIP   debian/linux-image-6.13.0-sm8250/lib/modules/6.13.0-sm8250/kernel/drivers/media/rc/keymaps/rc-su3000.ko
  INSTALL debian/linux-image-6.13.0-sm8250/lib/modules/6.13.0-sm8250/kernel/drivers/media/rc/keymaps/rc-tanix-tx5max.ko
  STRIP   debian/linux-image-6.13.0-sm8250/lib/modules/6.13.0-sm8250/kernel/drivers/media/rc/keymaps/rc-tanix-tx3mini.ko
  STRIP   debian/linux-image-6.13.0-sm8250/lib/modules/6.13.0-sm8250/kernel/drivers/media/rc/keymaps/rc-tanix-tx5max.ko
  INSTALL debian/linux-image-6.13.0-sm8250/lib/modules/6.13.0-sm8250/kernel/drivers/media/rc/keymaps/rc-tbs-nec.ko
  INSTALL debian/linux-image-6.13.0-sm8250/lib/modules/6.13.0-sm8250/kernel/drivers/media/rc/keymaps/rc-technisat-ts35.ko
  INSTALL debian/linux-image-6.13.0-sm8250/lib/modules/6.13.0-sm8250/kernel/drivers/media/rc/keymaps/rc-technisat-usb2.ko
  STRIP   debian/linux-image-6.13.0-sm8250/lib/modules/6.13.0-sm8250/kernel/drivers/media/rc/keymaps/rc-tbs-nec.ko
  INSTALL debian/linux-image-6.13.0-sm8250/lib/modules/6.13.0-sm8250/kernel/drivers/media/rc/keymaps/rc-terratec-cinergy-c-pci.ko
  STRIP   debian/linux-image-6.13.0-sm8250/lib/modules/6.13.0-sm8250/kernel/drivers/media/rc/keymaps/rc-technisat-ts35.ko
  STRIP   debian/linux-image-6.13.0-sm8250/lib/modules/6.13.0-sm8250/kernel/drivers/media/rc/keymaps/rc-technisat-usb2.ko
  INSTALL debian/linux-image-6.13.0-sm8250/lib/modules/6.13.0-sm8250/kernel/drivers/media/rc/keymaps/rc-terratec-cinergy-s2-hd.ko
  STRIP   debian/linux-image-6.13.0-sm8250/lib/modules/6.13.0-sm8250/kernel/drivers/media/rc/keymaps/rc-terratec-cinergy-c-pci.ko
  STRIP   debian/linux-image-6.13.0-sm8250/lib/modules/6.13.0-sm8250/kernel/drivers/media/rc/keymaps/rc-terratec-cinergy-s2-hd.ko
  INSTALL debian/linux-image-6.13.0-sm8250/lib/modules/6.13.0-sm8250/kernel/drivers/media/rc/keymaps/rc-terratec-cinergy-xs.ko
  INSTALL debian/linux-image-6.13.0-sm8250/lib/modules/6.13.0-sm8250/kernel/drivers/media/rc/keymaps/rc-terratec-slim-2.ko
  INSTALL debian/linux-image-6.13.0-sm8250/lib/modules/6.13.0-sm8250/kernel/drivers/media/rc/keymaps/rc-terratec-slim.ko
  STRIP   debian/linux-image-6.13.0-sm8250/lib/modules/6.13.0-sm8250/kernel/drivers/media/rc/keymaps/rc-terratec-slim.ko
  STRIP   debian/linux-image-6.13.0-sm8250/lib/modules/6.13.0-sm8250/kernel/drivers/media/rc/keymaps/rc-terratec-cinergy-xs.ko
  INSTALL debian/linux-image-6.13.0-sm8250/lib/modules/6.13.0-sm8250/kernel/drivers/media/rc/keymaps/rc-tevii-nec.ko
  STRIP   debian/linux-image-6.13.0-sm8250/lib/modules/6.13.0-sm8250/kernel/drivers/media/rc/keymaps/rc-terratec-slim-2.ko
  STRIP   debian/linux-image-6.13.0-sm8250/lib/modules/6.13.0-sm8250/kernel/drivers/media/rc/keymaps/rc-tevii-nec.ko
  INSTALL debian/linux-image-6.13.0-sm8250/lib/modules/6.13.0-sm8250/kernel/drivers/media/rc/keymaps/rc-tivo.ko
  INSTALL debian/linux-image-6.13.0-sm8250/lib/modules/6.13.0-sm8250/kernel/drivers/media/rc/keymaps/rc-total-media-in-hand-02.ko
  INSTALL debian/linux-image-6.13.0-sm8250/lib/modules/6.13.0-sm8250/kernel/drivers/media/rc/keymaps/rc-total-media-in-hand.ko
  STRIP   debian/linux-image-6.13.0-sm8250/lib/modules/6.13.0-sm8250/kernel/drivers/media/rc/keymaps/rc-tivo.ko
  STRIP   debian/linux-image-6.13.0-sm8250/lib/modules/6.13.0-sm8250/kernel/drivers/media/rc/keymaps/rc-total-media-in-hand-02.ko
  STRIP   debian/linux-image-6.13.0-sm8250/lib/modules/6.13.0-sm8250/kernel/drivers/media/rc/keymaps/rc-total-media-in-hand.ko
  INSTALL debian/linux-image-6.13.0-sm8250/lib/modules/6.13.0-sm8250/kernel/drivers/media/rc/keymaps/rc-trekstor.ko
  INSTALL debian/linux-image-6.13.0-sm8250/lib/modules/6.13.0-sm8250/kernel/drivers/media/rc/keymaps/rc-tt-1500.ko
  INSTALL debian/linux-image-6.13.0-sm8250/lib/modules/6.13.0-sm8250/kernel/drivers/media/rc/keymaps/rc-twinhan1027.ko
  STRIP   debian/linux-image-6.13.0-sm8250/lib/modules/6.13.0-sm8250/kernel/drivers/media/rc/keymaps/rc-trekstor.ko
  STRIP   debian/linux-image-6.13.0-sm8250/lib/modules/6.13.0-sm8250/kernel/drivers/media/rc/keymaps/rc-tt-1500.ko
  INSTALL debian/linux-image-6.13.0-sm8250/lib/modules/6.13.0-sm8250/kernel/drivers/media/rc/keymaps/rc-twinhan-dtv-cab-ci.ko
  STRIP   debian/linux-image-6.13.0-sm8250/lib/modules/6.13.0-sm8250/kernel/drivers/media/rc/keymaps/rc-twinhan1027.ko
  INSTALL debian/linux-image-6.13.0-sm8250/lib/modules/6.13.0-sm8250/kernel/drivers/media/rc/keymaps/rc-vega-s9x.ko
  STRIP   debian/linux-image-6.13.0-sm8250/lib/modules/6.13.0-sm8250/kernel/drivers/media/rc/keymaps/rc-twinhan-dtv-cab-ci.ko
  STRIP   debian/linux-image-6.13.0-sm8250/lib/modules/6.13.0-sm8250/kernel/drivers/media/rc/keymaps/rc-vega-s9x.ko
  INSTALL debian/linux-image-6.13.0-sm8250/lib/modules/6.13.0-sm8250/kernel/drivers/media/rc/keymaps/rc-videomate-s350.ko
  INSTALL debian/linux-image-6.13.0-sm8250/lib/modules/6.13.0-sm8250/kernel/drivers/media/rc/keymaps/rc-videomate-m1f.ko
  INSTALL debian/linux-image-6.13.0-sm8250/lib/modules/6.13.0-sm8250/kernel/drivers/media/rc/keymaps/rc-videomate-tv-pvr.ko
  STRIP   debian/linux-image-6.13.0-sm8250/lib/modules/6.13.0-sm8250/kernel/drivers/media/rc/keymaps/rc-videomate-s350.ko
  INSTALL debian/linux-image-6.13.0-sm8250/lib/modules/6.13.0-sm8250/kernel/drivers/media/rc/keymaps/rc-videostrong-kii-pro.ko
  INSTALL debian/linux-image-6.13.0-sm8250/lib/modules/6.13.0-sm8250/kernel/drivers/media/rc/keymaps/rc-wetek-hub.ko
  INSTALL debian/linux-image-6.13.0-sm8250/lib/modules/6.13.0-sm8250/kernel/drivers/media/rc/keymaps/rc-wetek-play2.ko
  INSTALL debian/linux-image-6.13.0-sm8250/lib/modules/6.13.0-sm8250/kernel/drivers/media/rc/keymaps/rc-winfast.ko
  INSTALL debian/linux-image-6.13.0-sm8250/lib/modules/6.13.0-sm8250/kernel/drivers/media/rc/keymaps/rc-winfast-usbii-deluxe.ko
  INSTALL debian/linux-image-6.13.0-sm8250/lib/modules/6.13.0-sm8250/kernel/drivers/media/rc/keymaps/rc-x96max.ko
  INSTALL debian/linux-image-6.13.0-sm8250/lib/modules/6.13.0-sm8250/kernel/drivers/media/rc/keymaps/rc-xbox-360.ko
  INSTALL debian/linux-image-6.13.0-sm8250/lib/modules/6.13.0-sm8250/kernel/drivers/media/rc/keymaps/rc-xbox-dvd.ko
  INSTALL debian/linux-image-6.13.0-sm8250/lib/modules/6.13.0-sm8250/kernel/drivers/media/rc/keymaps/rc-zx-irdec.ko
  STRIP   debian/linux-image-6.13.0-sm8250/lib/modules/6.13.0-sm8250/kernel/drivers/media/rc/keymaps/rc-videomate-m1f.ko
  STRIP   debian/linux-image-6.13.0-sm8250/lib/modules/6.13.0-sm8250/kernel/drivers/media/rc/keymaps/rc-videomate-tv-pvr.ko
  STRIP   debian/linux-image-6.13.0-sm8250/lib/modules/6.13.0-sm8250/kernel/drivers/media/rc/keymaps/rc-videostrong-kii-pro.ko
  STRIP   debian/linux-image-6.13.0-sm8250/lib/modules/6.13.0-sm8250/kernel/drivers/media/rc/keymaps/rc-wetek-hub.ko
  STRIP   debian/linux-image-6.13.0-sm8250/lib/modules/6.13.0-sm8250/kernel/drivers/media/rc/keymaps/rc-wetek-play2.ko
  STRIP   debian/linux-image-6.13.0-sm8250/lib/modules/6.13.0-sm8250/kernel/drivers/media/rc/keymaps/rc-winfast.ko
  STRIP   debian/linux-image-6.13.0-sm8250/lib/modules/6.13.0-sm8250/kernel/drivers/media/rc/keymaps/rc-winfast-usbii-deluxe.ko
  STRIP   debian/linux-image-6.13.0-sm8250/lib/modules/6.13.0-sm8250/kernel/drivers/media/rc/keymaps/rc-xbox-360.ko
  STRIP   debian/linux-image-6.13.0-sm8250/lib/modules/6.13.0-sm8250/kernel/drivers/media/rc/keymaps/rc-x96max.ko
  STRIP   debian/linux-image-6.13.0-sm8250/lib/modules/6.13.0-sm8250/kernel/drivers/media/rc/keymaps/rc-xbox-dvd.ko
  STRIP   debian/linux-image-6.13.0-sm8250/lib/modules/6.13.0-sm8250/kernel/drivers/media/rc/keymaps/rc-zx-irdec.ko
  INSTALL debian/linux-image-6.13.0-sm8250/lib/modules/6.13.0-sm8250/kernel/drivers/media/rc/rc-core.ko
  INSTALL debian/linux-image-6.13.0-sm8250/lib/modules/6.13.0-sm8250/kernel/drivers/media/rc/gpio-ir-recv.ko
  INSTALL debian/linux-image-6.13.0-sm8250/lib/modules/6.13.0-sm8250/kernel/drivers/media/rc/ir-spi.ko
  STRIP   debian/linux-image-6.13.0-sm8250/lib/modules/6.13.0-sm8250/kernel/drivers/media/rc/rc-core.ko
  STRIP   debian/linux-image-6.13.0-sm8250/lib/modules/6.13.0-sm8250/kernel/drivers/media/rc/gpio-ir-recv.ko
  INSTALL debian/linux-image-6.13.0-sm8250/lib/modules/6.13.0-sm8250/kernel/drivers/media/common/videobuf2/videobuf2-common.ko
  STRIP   debian/linux-image-6.13.0-sm8250/lib/modules/6.13.0-sm8250/kernel/drivers/media/rc/ir-spi.ko
  INSTALL debian/linux-image-6.13.0-sm8250/lib/modules/6.13.0-sm8250/kernel/drivers/media/common/videobuf2/videobuf2-dma-contig.ko
  STRIP   debian/linux-image-6.13.0-sm8250/lib/modules/6.13.0-sm8250/kernel/drivers/media/common/videobuf2/videobuf2-common.ko
  STRIP   debian/linux-image-6.13.0-sm8250/lib/modules/6.13.0-sm8250/kernel/drivers/media/common/videobuf2/videobuf2-dma-contig.ko
  INSTALL debian/linux-image-6.13.0-sm8250/lib/modules/6.13.0-sm8250/kernel/drivers/media/common/videobuf2/videobuf2-dma-sg.ko
  STRIP   debian/linux-image-6.13.0-sm8250/lib/modules/6.13.0-sm8250/kernel/drivers/media/common/videobuf2/videobuf2-dma-sg.ko
  INSTALL debian/linux-image-6.13.0-sm8250/lib/modules/6.13.0-sm8250/kernel/drivers/media/common/videobuf2/videobuf2-memops.ko
  INSTALL debian/linux-image-6.13.0-sm8250/lib/modules/6.13.0-sm8250/kernel/drivers/media/common/videobuf2/videobuf2-v4l2.ko
  INSTALL debian/linux-image-6.13.0-sm8250/lib/modules/6.13.0-sm8250/kernel/drivers/media/common/videobuf2/videobuf2-vmalloc.ko
  INSTALL debian/linux-image-6.13.0-sm8250/lib/modules/6.13.0-sm8250/kernel/drivers/media/common/uvc.ko
  INSTALL debian/linux-image-6.13.0-sm8250/lib/modules/6.13.0-sm8250/kernel/drivers/media/platform/cadence/cdns-csi2rx.ko
  STRIP   debian/linux-image-6.13.0-sm8250/lib/modules/6.13.0-sm8250/kernel/drivers/media/common/videobuf2/videobuf2-memops.ko
  STRIP   debian/linux-image-6.13.0-sm8250/lib/modules/6.13.0-sm8250/kernel/drivers/media/common/videobuf2/videobuf2-v4l2.ko
  STRIP   debian/linux-image-6.13.0-sm8250/lib/modules/6.13.0-sm8250/kernel/drivers/media/common/videobuf2/videobuf2-vmalloc.ko
  STRIP   debian/linux-image-6.13.0-sm8250/lib/modules/6.13.0-sm8250/kernel/drivers/media/common/uvc.ko
  STRIP   debian/linux-image-6.13.0-sm8250/lib/modules/6.13.0-sm8250/kernel/drivers/media/platform/cadence/cdns-csi2rx.ko
  INSTALL debian/linux-image-6.13.0-sm8250/lib/modules/6.13.0-sm8250/kernel/drivers/media/platform/qcom/camss/qcom-camss.ko
  INSTALL debian/linux-image-6.13.0-sm8250/lib/modules/6.13.0-sm8250/kernel/drivers/media/platform/qcom/venus/venus-core.ko
  INSTALL debian/linux-image-6.13.0-sm8250/lib/modules/6.13.0-sm8250/kernel/drivers/media/platform/qcom/venus/venus-dec.ko
  STRIP   debian/linux-image-6.13.0-sm8250/lib/modules/6.13.0-sm8250/kernel/drivers/media/platform/qcom/camss/qcom-camss.ko
  INSTALL debian/linux-image-6.13.0-sm8250/lib/modules/6.13.0-sm8250/kernel/drivers/media/platform/qcom/venus/venus-enc.ko
  INSTALL debian/linux-image-6.13.0-sm8250/lib/modules/6.13.0-sm8250/kernel/drivers/media/usb/uvc/uvcvideo.ko
  INSTALL debian/linux-image-6.13.0-sm8250/lib/modules/6.13.0-sm8250/kernel/drivers/media/mc/mc.ko
  STRIP   debian/linux-image-6.13.0-sm8250/lib/modules/6.13.0-sm8250/kernel/drivers/media/platform/qcom/venus/venus-dec.ko
  STRIP   debian/linux-image-6.13.0-sm8250/lib/modules/6.13.0-sm8250/kernel/drivers/media/platform/qcom/venus/venus-enc.ko
  STRIP   debian/linux-image-6.13.0-sm8250/lib/modules/6.13.0-sm8250/kernel/drivers/media/platform/qcom/venus/venus-core.ko
  STRIP   debian/linux-image-6.13.0-sm8250/lib/modules/6.13.0-sm8250/kernel/drivers/media/mc/mc.ko
  STRIP   debian/linux-image-6.13.0-sm8250/lib/modules/6.13.0-sm8250/kernel/drivers/media/usb/uvc/uvcvideo.ko
  INSTALL debian/linux-image-6.13.0-sm8250/lib/modules/6.13.0-sm8250/kernel/drivers/media/v4l2-core/v4l2-async.ko
  INSTALL debian/linux-image-6.13.0-sm8250/lib/modules/6.13.0-sm8250/kernel/drivers/media/v4l2-core/v4l2-fwnode.ko
  INSTALL debian/linux-image-6.13.0-sm8250/lib/modules/6.13.0-sm8250/kernel/drivers/media/v4l2-core/v4l2-dv-timings.ko
  INSTALL debian/linux-image-6.13.0-sm8250/lib/modules/6.13.0-sm8250/kernel/drivers/media/v4l2-core/v4l2-mem2mem.ko
  INSTALL debian/linux-image-6.13.0-sm8250/lib/modules/6.13.0-sm8250/kernel/drivers/media/v4l2-core/videodev.ko
  STRIP   debian/linux-image-6.13.0-sm8250/lib/modules/6.13.0-sm8250/kernel/drivers/media/v4l2-core/v4l2-async.ko
  INSTALL debian/linux-image-6.13.0-sm8250/lib/modules/6.13.0-sm8250/kernel/drivers/media/cec/core/cec.ko
  STRIP   debian/linux-image-6.13.0-sm8250/lib/modules/6.13.0-sm8250/kernel/drivers/media/v4l2-core/v4l2-dv-timings.ko
  STRIP   debian/linux-image-6.13.0-sm8250/lib/modules/6.13.0-sm8250/kernel/drivers/media/v4l2-core/v4l2-mem2mem.ko
  STRIP   debian/linux-image-6.13.0-sm8250/lib/modules/6.13.0-sm8250/kernel/drivers/media/v4l2-core/v4l2-fwnode.ko
  STRIP   debian/linux-image-6.13.0-sm8250/lib/modules/6.13.0-sm8250/kernel/drivers/media/v4l2-core/videodev.ko
  STRIP   debian/linux-image-6.13.0-sm8250/lib/modules/6.13.0-sm8250/kernel/drivers/media/cec/core/cec.ko
  INSTALL debian/linux-image-6.13.0-sm8250/lib/modules/6.13.0-sm8250/kernel/drivers/power/reset/nvmem-reboot-mode.ko
  INSTALL debian/linux-image-6.13.0-sm8250/lib/modules/6.13.0-sm8250/kernel/drivers/power/supply/qcom_battmgr.ko
  INSTALL debian/linux-image-6.13.0-sm8250/lib/modules/6.13.0-sm8250/kernel/drivers/power/supply/max17042_battery.ko
  STRIP   debian/linux-image-6.13.0-sm8250/lib/modules/6.13.0-sm8250/kernel/drivers/power/reset/nvmem-reboot-mode.ko
  STRIP   debian/linux-image-6.13.0-sm8250/lib/modules/6.13.0-sm8250/kernel/drivers/power/supply/qcom_battmgr.ko
  INSTALL debian/linux-image-6.13.0-sm8250/lib/modules/6.13.0-sm8250/kernel/drivers/power/supply/mt6360_charger.ko
  STRIP   debian/linux-image-6.13.0-sm8250/lib/modules/6.13.0-sm8250/kernel/drivers/power/supply/max17042_battery.ko
  INSTALL debian/linux-image-6.13.0-sm8250/lib/modules/6.13.0-sm8250/kernel/drivers/power/supply/bq25890_charger.ko
  INSTALL debian/linux-image-6.13.0-sm8250/lib/modules/6.13.0-sm8250/kernel/drivers/power/supply/bq25980_charger.ko
  STRIP   debian/linux-image-6.13.0-sm8250/lib/modules/6.13.0-sm8250/kernel/drivers/power/supply/mt6360_charger.ko
  INSTALL debian/linux-image-6.13.0-sm8250/lib/modules/6.13.0-sm8250/kernel/drivers/power/supply/rk817_charger.ko
  STRIP   debian/linux-image-6.13.0-sm8250/lib/modules/6.13.0-sm8250/kernel/drivers/power/supply/bq25890_charger.ko
  INSTALL debian/linux-image-6.13.0-sm8250/lib/modules/6.13.0-sm8250/kernel/drivers/power/sequencing/pwrseq-core.ko
  STRIP   debian/linux-image-6.13.0-sm8250/lib/modules/6.13.0-sm8250/kernel/drivers/power/supply/bq25980_charger.ko
  STRIP   debian/linux-image-6.13.0-sm8250/lib/modules/6.13.0-sm8250/kernel/drivers/power/supply/rk817_charger.ko
  STRIP   debian/linux-image-6.13.0-sm8250/lib/modules/6.13.0-sm8250/kernel/drivers/power/sequencing/pwrseq-core.ko
  INSTALL debian/linux-image-6.13.0-sm8250/lib/modules/6.13.0-sm8250/kernel/drivers/power/sequencing/pwrseq-qcom-wcn.ko
  INSTALL debian/linux-image-6.13.0-sm8250/lib/modules/6.13.0-sm8250/kernel/drivers/hwmon/jc42.ko
  INSTALL debian/linux-image-6.13.0-sm8250/lib/modules/6.13.0-sm8250/kernel/drivers/hwmon/lm75.ko
  STRIP   debian/linux-image-6.13.0-sm8250/lib/modules/6.13.0-sm8250/kernel/drivers/power/sequencing/pwrseq-qcom-wcn.ko
  STRIP   debian/linux-image-6.13.0-sm8250/lib/modules/6.13.0-sm8250/kernel/drivers/hwmon/jc42.ko
  STRIP   debian/linux-image-6.13.0-sm8250/lib/modules/6.13.0-sm8250/kernel/drivers/hwmon/lm75.ko
  INSTALL debian/linux-image-6.13.0-sm8250/lib/modules/6.13.0-sm8250/kernel/drivers/thermal/qcom/lmh.ko
  INSTALL debian/linux-image-6.13.0-sm8250/lib/modules/6.13.0-sm8250/kernel/drivers/thermal/qcom/qcom-spmi-adc-tm5.ko
  INSTALL debian/linux-image-6.13.0-sm8250/lib/modules/6.13.0-sm8250/kernel/drivers/thermal/thermal-generic-adc.ko
  STRIP   debian/linux-image-6.13.0-sm8250/lib/modules/6.13.0-sm8250/kernel/drivers/thermal/qcom/qcom-spmi-adc-tm5.ko
  STRIP   debian/linux-image-6.13.0-sm8250/lib/modules/6.13.0-sm8250/kernel/drivers/thermal/qcom/lmh.ko
  STRIP   debian/linux-image-6.13.0-sm8250/lib/modules/6.13.0-sm8250/kernel/drivers/thermal/thermal-generic-adc.ko
  INSTALL debian/linux-image-6.13.0-sm8250/lib/modules/6.13.0-sm8250/kernel/drivers/watchdog/qcom-wdt.ko
  INSTALL debian/linux-image-6.13.0-sm8250/lib/modules/6.13.0-sm8250/kernel/drivers/watchdog/pm8916_wdt.ko
  STRIP   debian/linux-image-6.13.0-sm8250/lib/modules/6.13.0-sm8250/kernel/drivers/watchdog/pm8916_wdt.ko
  INSTALL debian/linux-image-6.13.0-sm8250/lib/modules/6.13.0-sm8250/kernel/drivers/cpufreq/cpufreq_conservative.ko
  STRIP   debian/linux-image-6.13.0-sm8250/lib/modules/6.13.0-sm8250/kernel/drivers/watchdog/qcom-wdt.ko
  INSTALL debian/linux-image-6.13.0-sm8250/lib/modules/6.13.0-sm8250/kernel/drivers/cpufreq/cppc_cpufreq.ko
  INSTALL debian/linux-image-6.13.0-sm8250/lib/modules/6.13.0-sm8250/kernel/drivers/ufs/host/cdns-pltfrm.ko
  INSTALL debian/linux-image-6.13.0-sm8250/lib/modules/6.13.0-sm8250/kernel/drivers/firmware/cirrus/cs_dsp.ko
  STRIP   debian/linux-image-6.13.0-sm8250/lib/modules/6.13.0-sm8250/kernel/drivers/cpufreq/cppc_cpufreq.ko
  STRIP   debian/linux-image-6.13.0-sm8250/lib/modules/6.13.0-sm8250/kernel/drivers/cpufreq/cpufreq_conservative.ko
  INSTALL debian/linux-image-6.13.0-sm8250/lib/modules/6.13.0-sm8250/kernel/drivers/firmware/google/coreboot_table.ko
  STRIP   debian/linux-image-6.13.0-sm8250/lib/modules/6.13.0-sm8250/kernel/drivers/ufs/host/cdns-pltfrm.ko
  STRIP   debian/linux-image-6.13.0-sm8250/lib/modules/6.13.0-sm8250/kernel/drivers/firmware/cirrus/cs_dsp.ko
  STRIP   debian/linux-image-6.13.0-sm8250/lib/modules/6.13.0-sm8250/kernel/drivers/firmware/google/coreboot_table.ko
  INSTALL debian/linux-image-6.13.0-sm8250/lib/modules/6.13.0-sm8250/kernel/drivers/firmware/google/cbmem.ko
  INSTALL debian/linux-image-6.13.0-sm8250/lib/modules/6.13.0-sm8250/kernel/drivers/crypto/hisilicon/hpre/hisi_hpre.ko
  INSTALL debian/linux-image-6.13.0-sm8250/lib/modules/6.13.0-sm8250/kernel/drivers/crypto/hisilicon/sec2/hisi_sec2.ko
  INSTALL debian/linux-image-6.13.0-sm8250/lib/modules/6.13.0-sm8250/kernel/drivers/crypto/hisilicon/hisi_qm.ko
  INSTALL debian/linux-image-6.13.0-sm8250/lib/modules/6.13.0-sm8250/kernel/drivers/crypto/hisilicon/zip/hisi_zip.ko
  STRIP   debian/linux-image-6.13.0-sm8250/lib/modules/6.13.0-sm8250/kernel/drivers/firmware/google/cbmem.ko
  STRIP   debian/linux-image-6.13.0-sm8250/lib/modules/6.13.0-sm8250/kernel/drivers/crypto/hisilicon/hisi_qm.ko
  STRIP   debian/linux-image-6.13.0-sm8250/lib/modules/6.13.0-sm8250/kernel/drivers/crypto/hisilicon/hpre/hisi_hpre.ko
  INSTALL debian/linux-image-6.13.0-sm8250/lib/modules/6.13.0-sm8250/kernel/drivers/crypto/hisilicon/trng/hisi-trng-v2.ko
  INSTALL debian/linux-image-6.13.0-sm8250/lib/modules/6.13.0-sm8250/kernel/drivers/crypto/qcom-rng.ko
  STRIP   debian/linux-image-6.13.0-sm8250/lib/modules/6.13.0-sm8250/kernel/drivers/crypto/hisilicon/sec2/hisi_sec2.ko
  STRIP   debian/linux-image-6.13.0-sm8250/lib/modules/6.13.0-sm8250/kernel/drivers/crypto/hisilicon/zip/hisi_zip.ko
  STRIP   debian/linux-image-6.13.0-sm8250/lib/modules/6.13.0-sm8250/kernel/drivers/crypto/hisilicon/trng/hisi-trng-v2.ko
  STRIP   debian/linux-image-6.13.0-sm8250/lib/modules/6.13.0-sm8250/kernel/drivers/crypto/qcom-rng.ko
  INSTALL debian/linux-image-6.13.0-sm8250/lib/modules/6.13.0-sm8250/kernel/drivers/crypto/amlogic/amlogic-gxl-crypto.ko
  INSTALL debian/linux-image-6.13.0-sm8250/lib/modules/6.13.0-sm8250/kernel/drivers/hid/uhid.ko
  STRIP   debian/linux-image-6.13.0-sm8250/lib/modules/6.13.0-sm8250/kernel/drivers/crypto/amlogic/amlogic-gxl-crypto.ko
  INSTALL debian/linux-image-6.13.0-sm8250/lib/modules/6.13.0-sm8250/kernel/drivers/hid/hid-generic.ko
  INSTALL debian/linux-image-6.13.0-sm8250/lib/modules/6.13.0-sm8250/kernel/drivers/hid/hid-chicony.ko
  STRIP   debian/linux-image-6.13.0-sm8250/lib/modules/6.13.0-sm8250/kernel/drivers/hid/uhid.ko
  INSTALL debian/linux-image-6.13.0-sm8250/lib/modules/6.13.0-sm8250/kernel/drivers/hid/hid-logitech.ko
  INSTALL debian/linux-image-6.13.0-sm8250/lib/modules/6.13.0-sm8250/kernel/drivers/hid/hid-lg-g15.ko
  STRIP   debian/linux-image-6.13.0-sm8250/lib/modules/6.13.0-sm8250/kernel/drivers/hid/hid-generic.ko
  STRIP   debian/linux-image-6.13.0-sm8250/lib/modules/6.13.0-sm8250/kernel/drivers/hid/hid-chicony.ko
  STRIP   debian/linux-image-6.13.0-sm8250/lib/modules/6.13.0-sm8250/kernel/drivers/hid/hid-logitech.ko
  INSTALL debian/linux-image-6.13.0-sm8250/lib/modules/6.13.0-sm8250/kernel/drivers/hid/hid-multitouch.ko
  STRIP   debian/linux-image-6.13.0-sm8250/lib/modules/6.13.0-sm8250/kernel/drivers/hid/hid-lg-g15.ko
  INSTALL debian/linux-image-6.13.0-sm8250/lib/modules/6.13.0-sm8250/kernel/drivers/hid/hid-nintendo.ko
  INSTALL debian/linux-image-6.13.0-sm8250/lib/modules/6.13.0-sm8250/kernel/drivers/hid/hid-sony.ko
  STRIP   debian/linux-image-6.13.0-sm8250/lib/modules/6.13.0-sm8250/kernel/drivers/hid/hid-multitouch.ko
  STRIP   debian/linux-image-6.13.0-sm8250/lib/modules/6.13.0-sm8250/kernel/drivers/hid/hid-nintendo.ko
  INSTALL debian/linux-image-6.13.0-sm8250/lib/modules/6.13.0-sm8250/kernel/drivers/hid/usbhid/usbhid.ko
  INSTALL debian/linux-image-6.13.0-sm8250/lib/modules/6.13.0-sm8250/kernel/drivers/hid/i2c-hid/i2c-hid.ko
  STRIP   debian/linux-image-6.13.0-sm8250/lib/modules/6.13.0-sm8250/kernel/drivers/hid/hid-sony.ko
  STRIP   debian/linux-image-6.13.0-sm8250/lib/modules/6.13.0-sm8250/kernel/drivers/hid/usbhid/usbhid.ko
  STRIP   debian/linux-image-6.13.0-sm8250/lib/modules/6.13.0-sm8250/kernel/drivers/hid/i2c-hid/i2c-hid.ko
  INSTALL debian/linux-image-6.13.0-sm8250/lib/modules/6.13.0-sm8250/kernel/drivers/hid/i2c-hid/i2c-hid-acpi.ko
  INSTALL debian/linux-image-6.13.0-sm8250/lib/modules/6.13.0-sm8250/kernel/drivers/hid/i2c-hid/i2c-hid-of.ko
  INSTALL debian/linux-image-6.13.0-sm8250/lib/modules/6.13.0-sm8250/kernel/drivers/hid/i2c-hid/i2c-hid-of-elan.ko
  STRIP   debian/linux-image-6.13.0-sm8250/lib/modules/6.13.0-sm8250/kernel/drivers/hid/i2c-hid/i2c-hid-acpi.ko
  INSTALL debian/linux-image-6.13.0-sm8250/lib/modules/6.13.0-sm8250/kernel/drivers/staging/media/max96712/max96712.ko
  STRIP   debian/linux-image-6.13.0-sm8250/lib/modules/6.13.0-sm8250/kernel/drivers/hid/i2c-hid/i2c-hid-of.ko
  INSTALL debian/linux-image-6.13.0-sm8250/lib/modules/6.13.0-sm8250/kernel/drivers/remoteproc/qcom_pil_info.ko
  STRIP   debian/linux-image-6.13.0-sm8250/lib/modules/6.13.0-sm8250/kernel/drivers/hid/i2c-hid/i2c-hid-of-elan.ko
  STRIP   debian/linux-image-6.13.0-sm8250/lib/modules/6.13.0-sm8250/kernel/drivers/remoteproc/qcom_pil_info.ko
  STRIP   debian/linux-image-6.13.0-sm8250/lib/modules/6.13.0-sm8250/kernel/drivers/staging/media/max96712/max96712.ko
  INSTALL debian/linux-image-6.13.0-sm8250/lib/modules/6.13.0-sm8250/kernel/drivers/remoteproc/qcom_common.ko
  INSTALL debian/linux-image-6.13.0-sm8250/lib/modules/6.13.0-sm8250/kernel/drivers/remoteproc/qcom_q6v5.ko
  INSTALL debian/linux-image-6.13.0-sm8250/lib/modules/6.13.0-sm8250/kernel/drivers/remoteproc/qcom_q6v5_adsp.ko
  INSTALL debian/linux-image-6.13.0-sm8250/lib/modules/6.13.0-sm8250/kernel/drivers/remoteproc/qcom_q6v5_mss.ko
  STRIP   debian/linux-image-6.13.0-sm8250/lib/modules/6.13.0-sm8250/kernel/drivers/remoteproc/qcom_common.ko
  STRIP   debian/linux-image-6.13.0-sm8250/lib/modules/6.13.0-sm8250/kernel/drivers/remoteproc/qcom_q6v5.ko
  STRIP   debian/linux-image-6.13.0-sm8250/lib/modules/6.13.0-sm8250/kernel/drivers/remoteproc/qcom_q6v5_adsp.ko
  STRIP   debian/linux-image-6.13.0-sm8250/lib/modules/6.13.0-sm8250/kernel/drivers/remoteproc/qcom_q6v5_mss.ko
  INSTALL debian/linux-image-6.13.0-sm8250/lib/modules/6.13.0-sm8250/kernel/drivers/remoteproc/qcom_q6v5_pas.ko
  STRIP   debian/linux-image-6.13.0-sm8250/lib/modules/6.13.0-sm8250/kernel/drivers/remoteproc/qcom_q6v5_pas.ko
  INSTALL debian/linux-image-6.13.0-sm8250/lib/modules/6.13.0-sm8250/kernel/drivers/remoteproc/qcom_sysmon.ko
  INSTALL debian/linux-image-6.13.0-sm8250/lib/modules/6.13.0-sm8250/kernel/drivers/rpmsg/rpmsg_ctrl.ko
  INSTALL debian/linux-image-6.13.0-sm8250/lib/modules/6.13.0-sm8250/kernel/drivers/remoteproc/qcom_wcnss_pil.ko
  STRIP   debian/linux-image-6.13.0-sm8250/lib/modules/6.13.0-sm8250/kernel/drivers/remoteproc/qcom_sysmon.ko
  STRIP   debian/linux-image-6.13.0-sm8250/lib/modules/6.13.0-sm8250/kernel/drivers/rpmsg/rpmsg_ctrl.ko
  INSTALL debian/linux-image-6.13.0-sm8250/lib/modules/6.13.0-sm8250/kernel/drivers/rpmsg/qcom_glink_smem.ko
  STRIP   debian/linux-image-6.13.0-sm8250/lib/modules/6.13.0-sm8250/kernel/drivers/remoteproc/qcom_wcnss_pil.ko
  INSTALL debian/linux-image-6.13.0-sm8250/lib/modules/6.13.0-sm8250/kernel/drivers/devfreq/governor_passive.ko
  INSTALL debian/linux-image-6.13.0-sm8250/lib/modules/6.13.0-sm8250/kernel/drivers/iio/adc/qcom-spmi-vadc.ko
  STRIP   debian/linux-image-6.13.0-sm8250/lib/modules/6.13.0-sm8250/kernel/drivers/rpmsg/qcom_glink_smem.ko
  STRIP   debian/linux-image-6.13.0-sm8250/lib/modules/6.13.0-sm8250/kernel/drivers/iio/adc/qcom-spmi-vadc.ko
  INSTALL debian/linux-image-6.13.0-sm8250/lib/modules/6.13.0-sm8250/kernel/drivers/iio/adc/ti-ads1015.ko
  STRIP   debian/linux-image-6.13.0-sm8250/lib/modules/6.13.0-sm8250/kernel/drivers/devfreq/governor_passive.ko
  STRIP   debian/linux-image-6.13.0-sm8250/lib/modules/6.13.0-sm8250/kernel/drivers/iio/adc/ti-ads1015.ko
  INSTALL debian/linux-image-6.13.0-sm8250/lib/modules/6.13.0-sm8250/kernel/drivers/iio/buffer/industrialio-triggered-buffer.ko
  INSTALL debian/linux-image-6.13.0-sm8250/lib/modules/6.13.0-sm8250/kernel/drivers/iio/buffer/kfifo_buf.ko
  INSTALL debian/linux-image-6.13.0-sm8250/lib/modules/6.13.0-sm8250/kernel/drivers/iio/common/st_sensors/st_sensors_i2c.ko
  STRIP   debian/linux-image-6.13.0-sm8250/lib/modules/6.13.0-sm8250/kernel/drivers/iio/buffer/industrialio-triggered-buffer.ko
  STRIP   debian/linux-image-6.13.0-sm8250/lib/modules/6.13.0-sm8250/kernel/drivers/iio/buffer/kfifo_buf.ko
  STRIP   debian/linux-image-6.13.0-sm8250/lib/modules/6.13.0-sm8250/kernel/drivers/iio/common/st_sensors/st_sensors_i2c.ko
  INSTALL debian/linux-image-6.13.0-sm8250/lib/modules/6.13.0-sm8250/kernel/drivers/iio/common/st_sensors/st_sensors_spi.ko
  INSTALL debian/linux-image-6.13.0-sm8250/lib/modules/6.13.0-sm8250/kernel/drivers/iio/common/st_sensors/st_sensors.ko
  INSTALL debian/linux-image-6.13.0-sm8250/lib/modules/6.13.0-sm8250/kernel/drivers/iio/imu/st_lsm6dsx/st_lsm6dsx.ko
  STRIP   debian/linux-image-6.13.0-sm8250/lib/modules/6.13.0-sm8250/kernel/drivers/iio/common/st_sensors/st_sensors_spi.ko
  STRIP   debian/linux-image-6.13.0-sm8250/lib/modules/6.13.0-sm8250/kernel/drivers/iio/common/st_sensors/st_sensors.ko
  STRIP   debian/linux-image-6.13.0-sm8250/lib/modules/6.13.0-sm8250/kernel/drivers/iio/imu/st_lsm6dsx/st_lsm6dsx.ko
  INSTALL debian/linux-image-6.13.0-sm8250/lib/modules/6.13.0-sm8250/kernel/drivers/iio/imu/st_lsm6dsx/st_lsm6dsx_i2c.ko
Rebuilding host programs with aarch64-linux-gnu-gcc...
make[6]: 进入目录“/root/linux-nikroks-alioth”
make[7]: 进入目录“/root/linux-nikroks-alioth/debian/linux-headers-6.13.0-sm8250/usr/src/linux-headers-6.13.0-sm8250”
  STRIP   debian/linux-image-6.13.0-sm8250/lib/modules/6.13.0-sm8250/kernel/drivers/iio/imu/st_lsm6dsx/st_lsm6dsx_i2c.ko
  INSTALL debian/linux-image-6.13.0-sm8250/lib/modules/6.13.0-sm8250/kernel/drivers/iio/imu/st_lsm6dsx/st_lsm6dsx_spi.ko
  INSTALL debian/linux-image-6.13.0-sm8250/lib/modules/6.13.0-sm8250/kernel/drivers/iio/light/vcnl4000.ko
  INSTALL debian/linux-image-6.13.0-sm8250/lib/modules/6.13.0-sm8250/kernel/drivers/iio/magnetometer/st_magn.ko
  INSTALL debian/linux-image-6.13.0-sm8250/lib/modules/6.13.0-sm8250/kernel/drivers/iio/magnetometer/st_magn_i2c.ko
  STRIP   debian/linux-image-6.13.0-sm8250/lib/modules/6.13.0-sm8250/kernel/drivers/iio/imu/st_lsm6dsx/st_lsm6dsx_spi.ko
  STRIP   debian/linux-image-6.13.0-sm8250/lib/modules/6.13.0-sm8250/kernel/drivers/iio/light/vcnl4000.ko
  STRIP   debian/linux-image-6.13.0-sm8250/lib/modules/6.13.0-sm8250/kernel/drivers/iio/magnetometer/st_magn.ko
  INSTALL debian/linux-image-6.13.0-sm8250/lib/modules/6.13.0-sm8250/kernel/drivers/iio/magnetometer/st_magn_spi.ko
  STRIP   debian/linux-image-6.13.0-sm8250/lib/modules/6.13.0-sm8250/kernel/drivers/iio/magnetometer/st_magn_i2c.ko
  STRIP   debian/linux-image-6.13.0-sm8250/lib/modules/6.13.0-sm8250/kernel/drivers/iio/magnetometer/st_magn_spi.ko
  INSTALL debian/linux-image-6.13.0-sm8250/lib/modules/6.13.0-sm8250/kernel/drivers/perf/arm-cci.ko
  INSTALL debian/linux-image-6.13.0-sm8250/lib/modules/6.13.0-sm8250/kernel/drivers/perf/arm-ccn.ko
  INSTALL debian/linux-image-6.13.0-sm8250/lib/modules/6.13.0-sm8250/kernel/drivers/perf/arm-cmn.ko
  INSTALL debian/linux-image-6.13.0-sm8250/lib/modules/6.13.0-sm8250/kernel/drivers/perf/arm_dsu_pmu.ko
  STRIP   debian/linux-image-6.13.0-sm8250/lib/modules/6.13.0-sm8250/kernel/drivers/perf/arm-cmn.ko
  INSTALL debian/linux-image-6.13.0-sm8250/lib/modules/6.13.0-sm8250/kernel/drivers/perf/arm_smmuv3_pmu.ko
  STRIP   debian/linux-image-6.13.0-sm8250/lib/modules/6.13.0-sm8250/kernel/drivers/perf/arm-ccn.ko
  STRIP   debian/linux-image-6.13.0-sm8250/lib/modules/6.13.0-sm8250/kernel/drivers/perf/arm_dsu_pmu.ko
  STRIP   debian/linux-image-6.13.0-sm8250/lib/modules/6.13.0-sm8250/kernel/drivers/perf/arm-cci.ko
  INSTALL debian/linux-image-6.13.0-sm8250/lib/modules/6.13.0-sm8250/kernel/drivers/perf/arm_spe_pmu.ko
  INSTALL debian/linux-image-6.13.0-sm8250/lib/modules/6.13.0-sm8250/kernel/drivers/perf/arm_dmc620_pmu.ko
  STRIP   debian/linux-image-6.13.0-sm8250/lib/modules/6.13.0-sm8250/kernel/drivers/perf/arm_smmuv3_pmu.ko
  STRIP   debian/linux-image-6.13.0-sm8250/lib/modules/6.13.0-sm8250/kernel/drivers/perf/arm_spe_pmu.ko
  STRIP   debian/linux-image-6.13.0-sm8250/lib/modules/6.13.0-sm8250/kernel/drivers/perf/arm_dmc620_pmu.ko
  INSTALL debian/linux-image-6.13.0-sm8250/lib/modules/6.13.0-sm8250/kernel/drivers/perf/arm_cspmu/arm_cspmu_module.ko
  INSTALL debian/linux-image-6.13.0-sm8250/lib/modules/6.13.0-sm8250/kernel/drivers/perf/arm_cspmu/nvidia_cspmu.ko
  STRIP   debian/linux-image-6.13.0-sm8250/lib/modules/6.13.0-sm8250/kernel/drivers/perf/arm_cspmu/arm_cspmu_module.ko
  STRIP   debian/linux-image-6.13.0-sm8250/lib/modules/6.13.0-sm8250/kernel/drivers/perf/arm_cspmu/nvidia_cspmu.ko
  INSTALL debian/linux-image-6.13.0-sm8250/lib/modules/6.13.0-sm8250/kernel/drivers/nvmem/layouts/sl28vpd.ko
  INSTALL debian/linux-image-6.13.0-sm8250/lib/modules/6.13.0-sm8250/kernel/drivers/nvmem/nvmem_sec_qfprom.ko
  STRIP   debian/linux-image-6.13.0-sm8250/lib/modules/6.13.0-sm8250/kernel/drivers/nvmem/layouts/sl28vpd.ko
  STRIP   debian/linux-image-6.13.0-sm8250/lib/modules/6.13.0-sm8250/kernel/drivers/nvmem/nvmem_sec_qfprom.ko
  INSTALL debian/linux-image-6.13.0-sm8250/lib/modules/6.13.0-sm8250/kernel/drivers/nvmem/nvmem_qcom-spmi-sdam.ko
  INSTALL debian/linux-image-6.13.0-sm8250/lib/modules/6.13.0-sm8250/kernel/drivers/interconnect/qcom/qnoc-msm8916.ko
  INSTALL debian/linux-image-6.13.0-sm8250/lib/modules/6.13.0-sm8250/kernel/drivers/interconnect/qcom/icc-osm-l3.ko
  INSTALL debian/linux-image-6.13.0-sm8250/lib/modules/6.13.0-sm8250/kernel/drivers/bluetooth/hci_uart.ko
  STRIP   debian/linux-image-6.13.0-sm8250/lib/modules/6.13.0-sm8250/kernel/drivers/nvmem/nvmem_qcom-spmi-sdam.ko
  STRIP   debian/linux-image-6.13.0-sm8250/lib/modules/6.13.0-sm8250/kernel/drivers/interconnect/qcom/qnoc-msm8916.ko
  STRIP   debian/linux-image-6.13.0-sm8250/lib/modules/6.13.0-sm8250/kernel/drivers/interconnect/qcom/icc-osm-l3.ko
  STRIP   debian/linux-image-6.13.0-sm8250/lib/modules/6.13.0-sm8250/kernel/drivers/bluetooth/hci_uart.ko
  INSTALL debian/linux-image-6.13.0-sm8250/lib/modules/6.13.0-sm8250/kernel/drivers/bluetooth/btusb.ko
  STRIP   debian/linux-image-6.13.0-sm8250/lib/modules/6.13.0-sm8250/kernel/drivers/bluetooth/btusb.ko
  INSTALL debian/linux-image-6.13.0-sm8250/lib/modules/6.13.0-sm8250/kernel/drivers/bluetooth/btintel.ko
  INSTALL debian/linux-image-6.13.0-sm8250/lib/modules/6.13.0-sm8250/kernel/drivers/bluetooth/btmrvl.ko
  INSTALL debian/linux-image-6.13.0-sm8250/lib/modules/6.13.0-sm8250/kernel/drivers/bluetooth/btmrvl_sdio.ko
  INSTALL debian/linux-image-6.13.0-sm8250/lib/modules/6.13.0-sm8250/kernel/drivers/bluetooth/btqcomsmd.ko
  INSTALL debian/linux-image-6.13.0-sm8250/lib/modules/6.13.0-sm8250/kernel/drivers/bluetooth/btbcm.ko
  STRIP   debian/linux-image-6.13.0-sm8250/lib/modules/6.13.0-sm8250/kernel/drivers/bluetooth/btintel.ko
  STRIP   debian/linux-image-6.13.0-sm8250/lib/modules/6.13.0-sm8250/kernel/drivers/bluetooth/btmrvl.ko
  STRIP   debian/linux-image-6.13.0-sm8250/lib/modules/6.13.0-sm8250/kernel/drivers/bluetooth/btmrvl_sdio.ko
  STRIP   debian/linux-image-6.13.0-sm8250/lib/modules/6.13.0-sm8250/kernel/drivers/bluetooth/btqcomsmd.ko
  STRIP   debian/linux-image-6.13.0-sm8250/lib/modules/6.13.0-sm8250/kernel/drivers/bluetooth/btbcm.ko
  INSTALL debian/linux-image-6.13.0-sm8250/lib/modules/6.13.0-sm8250/kernel/drivers/bluetooth/btrtl.ko
  INSTALL debian/linux-image-6.13.0-sm8250/lib/modules/6.13.0-sm8250/kernel/drivers/bluetooth/btqca.ko
  STRIP   debian/linux-image-6.13.0-sm8250/lib/modules/6.13.0-sm8250/kernel/drivers/bluetooth/btrtl.ko
  STRIP   debian/linux-image-6.13.0-sm8250/lib/modules/6.13.0-sm8250/kernel/drivers/bluetooth/btqca.ko
  INSTALL debian/linux-image-6.13.0-sm8250/lib/modules/6.13.0-sm8250/kernel/drivers/bluetooth/btmtk.ko
  INSTALL debian/linux-image-6.13.0-sm8250/lib/modules/6.13.0-sm8250/kernel/drivers/bluetooth/btnxpuart.ko
  INSTALL debian/linux-image-6.13.0-sm8250/lib/modules/6.13.0-sm8250/kernel/drivers/bluetooth/btrsi.ko
  STRIP   debian/linux-image-6.13.0-sm8250/lib/modules/6.13.0-sm8250/kernel/drivers/bluetooth/btmtk.ko
  INSTALL debian/linux-image-6.13.0-sm8250/lib/modules/6.13.0-sm8250/kernel/drivers/soundwire/soundwire-bus.ko
  INSTALL debian/linux-image-6.13.0-sm8250/lib/modules/6.13.0-sm8250/kernel/drivers/soundwire/soundwire-qcom.ko
  STRIP   debian/linux-image-6.13.0-sm8250/lib/modules/6.13.0-sm8250/kernel/drivers/bluetooth/btnxpuart.ko
  STRIP   debian/linux-image-6.13.0-sm8250/lib/modules/6.13.0-sm8250/kernel/drivers/bluetooth/btrsi.ko
  STRIP   debian/linux-image-6.13.0-sm8250/lib/modules/6.13.0-sm8250/kernel/drivers/soundwire/soundwire-bus.ko
  STRIP   debian/linux-image-6.13.0-sm8250/lib/modules/6.13.0-sm8250/kernel/drivers/soundwire/soundwire-qcom.ko
  INSTALL debian/linux-image-6.13.0-sm8250/lib/modules/6.13.0-sm8250/kernel/drivers/hwtracing/coresight/coresight.ko
  INSTALL debian/linux-image-6.13.0-sm8250/lib/modules/6.13.0-sm8250/kernel/drivers/hwtracing/coresight/coresight-tmc.ko
  INSTALL debian/linux-image-6.13.0-sm8250/lib/modules/6.13.0-sm8250/kernel/drivers/hwtracing/coresight/coresight-tpiu.ko
  STRIP   debian/linux-image-6.13.0-sm8250/lib/modules/6.13.0-sm8250/kernel/drivers/hwtracing/coresight/coresight.ko
  STRIP   debian/linux-image-6.13.0-sm8250/lib/modules/6.13.0-sm8250/kernel/drivers/hwtracing/coresight/coresight-tmc.ko
  STRIP   debian/linux-image-6.13.0-sm8250/lib/modules/6.13.0-sm8250/kernel/drivers/hwtracing/coresight/coresight-tpiu.ko
  INSTALL debian/linux-image-6.13.0-sm8250/lib/modules/6.13.0-sm8250/kernel/drivers/hwtracing/coresight/coresight-etb10.ko
  INSTALL debian/linux-image-6.13.0-sm8250/lib/modules/6.13.0-sm8250/kernel/drivers/hwtracing/coresight/coresight-funnel.ko
  STRIP   debian/linux-image-6.13.0-sm8250/lib/modules/6.13.0-sm8250/kernel/drivers/hwtracing/coresight/coresight-etb10.ko
  STRIP   debian/linux-image-6.13.0-sm8250/lib/modules/6.13.0-sm8250/kernel/drivers/hwtracing/coresight/coresight-funnel.ko
  INSTALL debian/linux-image-6.13.0-sm8250/lib/modules/6.13.0-sm8250/kernel/drivers/hwtracing/coresight/coresight-replicator.ko
  INSTALL debian/linux-image-6.13.0-sm8250/lib/modules/6.13.0-sm8250/kernel/drivers/hwtracing/coresight/coresight-stm.ko
  STRIP   debian/linux-image-6.13.0-sm8250/lib/modules/6.13.0-sm8250/kernel/drivers/hwtracing/coresight/coresight-replicator.ko
  STRIP   debian/linux-image-6.13.0-sm8250/lib/modules/6.13.0-sm8250/kernel/drivers/hwtracing/coresight/coresight-stm.ko
  INSTALL debian/linux-image-6.13.0-sm8250/lib/modules/6.13.0-sm8250/kernel/drivers/hwtracing/coresight/coresight-cpu-debug.ko
  INSTALL debian/linux-image-6.13.0-sm8250/lib/modules/6.13.0-sm8250/kernel/drivers/hwtracing/coresight/coresight-catu.ko
  STRIP   debian/linux-image-6.13.0-sm8250/lib/modules/6.13.0-sm8250/kernel/drivers/hwtracing/coresight/coresight-cpu-debug.ko
  STRIP   debian/linux-image-6.13.0-sm8250/lib/modules/6.13.0-sm8250/kernel/drivers/hwtracing/coresight/coresight-catu.ko
  INSTALL debian/linux-image-6.13.0-sm8250/lib/modules/6.13.0-sm8250/kernel/drivers/hwtracing/coresight/coresight-cti.ko
  INSTALL debian/linux-image-6.13.0-sm8250/lib/modules/6.13.0-sm8250/kernel/drivers/hwtracing/stm/stm_core.ko
  STRIP   debian/linux-image-6.13.0-sm8250/lib/modules/6.13.0-sm8250/kernel/drivers/hwtracing/coresight/coresight-cti.ko
  INSTALL debian/linux-image-6.13.0-sm8250/lib/modules/6.13.0-sm8250/kernel/drivers/mux/mux-core.ko
  INSTALL debian/linux-image-6.13.0-sm8250/lib/modules/6.13.0-sm8250/kernel/drivers/mux/mux-gpio.ko
  INSTALL debian/linux-image-6.13.0-sm8250/lib/modules/6.13.0-sm8250/kernel/drivers/mux/mux-mmio.ko
  STRIP   debian/linux-image-6.13.0-sm8250/lib/modules/6.13.0-sm8250/kernel/drivers/hwtracing/stm/stm_core.ko
  STRIP   debian/linux-image-6.13.0-sm8250/lib/modules/6.13.0-sm8250/kernel/drivers/mux/mux-core.ko
  STRIP   debian/linux-image-6.13.0-sm8250/lib/modules/6.13.0-sm8250/kernel/drivers/mux/mux-gpio.ko
  INSTALL debian/linux-libc-dev/usr/include
  STRIP   debian/linux-image-6.13.0-sm8250/lib/modules/6.13.0-sm8250/kernel/drivers/mux/mux-mmio.ko
  INSTALL debian/linux-image-6.13.0-sm8250/lib/modules/6.13.0-sm8250/kernel/drivers/gnss/gnss.ko
  INSTALL debian/linux-image-6.13.0-sm8250/lib/modules/6.13.0-sm8250/kernel/drivers/counter/counter.ko
  INSTALL debian/linux-image-6.13.0-sm8250/lib/modules/6.13.0-sm8250/kernel/sound/core/snd-hwdep.ko
  STRIP   debian/linux-image-6.13.0-sm8250/lib/modules/6.13.0-sm8250/kernel/drivers/gnss/gnss.ko
  INSTALL debian/linux-image-6.13.0-sm8250/lib/modules/6.13.0-sm8250/kernel/sound/core/snd-rawmidi.ko
  STRIP   debian/linux-image-6.13.0-sm8250/lib/modules/6.13.0-sm8250/kernel/drivers/counter/counter.ko
  STRIP   debian/linux-image-6.13.0-sm8250/lib/modules/6.13.0-sm8250/kernel/sound/core/snd-hwdep.ko
  STRIP   debian/linux-image-6.13.0-sm8250/lib/modules/6.13.0-sm8250/kernel/sound/core/snd-rawmidi.ko
  INSTALL debian/linux-image-6.13.0-sm8250/lib/modules/6.13.0-sm8250/kernel/sound/drivers/snd-aloop.ko
  INSTALL debian/linux-image-6.13.0-sm8250/lib/modules/6.13.0-sm8250/kernel/sound/usb/snd-usb-audio.ko
  STRIP   debian/linux-image-6.13.0-sm8250/lib/modules/6.13.0-sm8250/kernel/sound/drivers/snd-aloop.ko
  INSTALL debian/linux-image-6.13.0-sm8250/lib/modules/6.13.0-sm8250/kernel/sound/usb/snd-usbmidi-lib.ko
  INSTALL debian/linux-image-6.13.0-sm8250/lib/modules/6.13.0-sm8250/kernel/sound/soc/codecs/snd-soc-ak4619.ko
  INSTALL debian/linux-image-6.13.0-sm8250/lib/modules/6.13.0-sm8250/kernel/sound/soc/codecs/snd-soc-bt-sco.ko
  INSTALL debian/linux-image-6.13.0-sm8250/lib/modules/6.13.0-sm8250/kernel/sound/soc/codecs/snd-soc-cs35l41.ko
  STRIP   debian/linux-image-6.13.0-sm8250/lib/modules/6.13.0-sm8250/kernel/sound/usb/snd-usb-audio.ko
  STRIP   debian/linux-image-6.13.0-sm8250/lib/modules/6.13.0-sm8250/kernel/sound/soc/codecs/snd-soc-ak4619.ko
  STRIP   debian/linux-image-6.13.0-sm8250/lib/modules/6.13.0-sm8250/kernel/sound/soc/codecs/snd-soc-bt-sco.ko
  STRIP   debian/linux-image-6.13.0-sm8250/lib/modules/6.13.0-sm8250/kernel/sound/soc/codecs/snd-soc-cs35l41.ko
  STRIP   debian/linux-image-6.13.0-sm8250/lib/modules/6.13.0-sm8250/kernel/sound/usb/snd-usbmidi-lib.ko
  INSTALL debian/linux-image-6.13.0-sm8250/lib/modules/6.13.0-sm8250/kernel/sound/soc/codecs/snd-soc-cs35l41-lib.ko
  INSTALL debian/linux-image-6.13.0-sm8250/lib/modules/6.13.0-sm8250/kernel/sound/soc/codecs/snd-soc-cs35l41-i2c.ko
  STRIP   debian/linux-image-6.13.0-sm8250/lib/modules/6.13.0-sm8250/kernel/sound/soc/codecs/snd-soc-cs35l41-i2c.ko
  STRIP   debian/linux-image-6.13.0-sm8250/lib/modules/6.13.0-sm8250/kernel/sound/soc/codecs/snd-soc-cs35l41-lib.ko
  INSTALL debian/linux-image-6.13.0-sm8250/lib/modules/6.13.0-sm8250/kernel/sound/soc/codecs/snd-soc-da7213.ko
  INSTALL debian/linux-image-6.13.0-sm8250/lib/modules/6.13.0-sm8250/kernel/sound/soc/codecs/snd-soc-dmic.ko
  INSTALL debian/linux-image-6.13.0-sm8250/lib/modules/6.13.0-sm8250/kernel/sound/soc/codecs/snd-soc-es8316.ko
  INSTALL debian/linux-image-6.13.0-sm8250/lib/modules/6.13.0-sm8250/kernel/sound/soc/codecs/snd-soc-max98927.ko
  STRIP   debian/linux-image-6.13.0-sm8250/lib/modules/6.13.0-sm8250/kernel/sound/soc/codecs/snd-soc-da7213.ko
  STRIP   debian/linux-image-6.13.0-sm8250/lib/modules/6.13.0-sm8250/kernel/sound/soc/codecs/snd-soc-dmic.ko
  STRIP   debian/linux-image-6.13.0-sm8250/lib/modules/6.13.0-sm8250/kernel/sound/soc/codecs/snd-soc-es8316.ko
  STRIP   debian/linux-image-6.13.0-sm8250/lib/modules/6.13.0-sm8250/kernel/sound/soc/codecs/snd-soc-max98927.ko
  INSTALL debian/linux-image-6.13.0-sm8250/lib/modules/6.13.0-sm8250/kernel/sound/soc/codecs/snd-soc-max98390.ko
  INSTALL debian/linux-image-6.13.0-sm8250/lib/modules/6.13.0-sm8250/kernel/sound/soc/codecs/snd-soc-msm8916-analog.ko
  STRIP   debian/linux-image-6.13.0-sm8250/lib/modules/6.13.0-sm8250/kernel/sound/soc/codecs/snd-soc-max98390.ko
  STRIP   debian/linux-image-6.13.0-sm8250/lib/modules/6.13.0-sm8250/kernel/sound/soc/codecs/snd-soc-msm8916-analog.ko
  INSTALL debian/linux-image-6.13.0-sm8250/lib/modules/6.13.0-sm8250/kernel/sound/soc/codecs/snd-soc-msm8916-digital.ko
  INSTALL debian/linux-image-6.13.0-sm8250/lib/modules/6.13.0-sm8250/kernel/sound/soc/codecs/snd-soc-mt6357.ko
  INSTALL debian/linux-image-6.13.0-sm8250/lib/modules/6.13.0-sm8250/kernel/sound/soc/codecs/snd-soc-mt6358.ko
  INSTALL debian/linux-image-6.13.0-sm8250/lib/modules/6.13.0-sm8250/kernel/sound/soc/codecs/snd-soc-nau8822.ko
  STRIP   debian/linux-image-6.13.0-sm8250/lib/modules/6.13.0-sm8250/kernel/sound/soc/codecs/snd-soc-mt6357.ko
  STRIP   debian/linux-image-6.13.0-sm8250/lib/modules/6.13.0-sm8250/kernel/sound/soc/codecs/snd-soc-msm8916-digital.ko
  STRIP   debian/linux-image-6.13.0-sm8250/lib/modules/6.13.0-sm8250/kernel/sound/soc/codecs/snd-soc-mt6358.ko
  STRIP   debian/linux-image-6.13.0-sm8250/lib/modules/6.13.0-sm8250/kernel/sound/soc/codecs/snd-soc-nau8822.ko
  INSTALL debian/linux-image-6.13.0-sm8250/lib/modules/6.13.0-sm8250/kernel/sound/soc/codecs/snd-soc-rk817.ko
  INSTALL debian/linux-image-6.13.0-sm8250/lib/modules/6.13.0-sm8250/kernel/sound/soc/codecs/snd-soc-rl6231.ko
  STRIP   debian/linux-image-6.13.0-sm8250/lib/modules/6.13.0-sm8250/kernel/sound/soc/codecs/snd-soc-rl6231.ko
  STRIP   debian/linux-image-6.13.0-sm8250/lib/modules/6.13.0-sm8250/kernel/sound/soc/codecs/snd-soc-rk817.ko
  INSTALL debian/linux-image-6.13.0-sm8250/lib/modules/6.13.0-sm8250/kernel/sound/soc/codecs/snd-soc-rt5640.ko
  INSTALL debian/linux-image-6.13.0-sm8250/lib/modules/6.13.0-sm8250/kernel/sound/soc/codecs/snd-soc-rt5663.ko
  INSTALL debian/linux-image-6.13.0-sm8250/lib/modules/6.13.0-sm8250/kernel/sound/soc/codecs/snd-soc-sgtl5000.ko
  STRIP   debian/linux-image-6.13.0-sm8250/lib/modules/6.13.0-sm8250/kernel/sound/soc/codecs/snd-soc-rt5640.ko
  STRIP   debian/linux-image-6.13.0-sm8250/lib/modules/6.13.0-sm8250/kernel/sound/soc/codecs/snd-soc-rt5663.ko
  INSTALL debian/linux-image-6.13.0-sm8250/lib/modules/6.13.0-sm8250/kernel/sound/soc/codecs/snd-soc-spdif-rx.ko
  STRIP   debian/linux-image-6.13.0-sm8250/lib/modules/6.13.0-sm8250/kernel/sound/soc/codecs/snd-soc-sgtl5000.ko
  INSTALL debian/linux-image-6.13.0-sm8250/lib/modules/6.13.0-sm8250/kernel/sound/soc/codecs/snd-soc-spdif-tx.ko
  STRIP   debian/linux-image-6.13.0-sm8250/lib/modules/6.13.0-sm8250/kernel/sound/soc/codecs/snd-soc-spdif-rx.ko
  INSTALL debian/linux-image-6.13.0-sm8250/lib/modules/6.13.0-sm8250/kernel/sound/soc/codecs/snd-soc-tas2552.ko
  INSTALL debian/linux-image-6.13.0-sm8250/lib/modules/6.13.0-sm8250/kernel/sound/soc/codecs/snd-soc-tlv320aic31xx.ko
  STRIP   debian/linux-image-6.13.0-sm8250/lib/modules/6.13.0-sm8250/kernel/sound/soc/codecs/snd-soc-spdif-tx.ko
  STRIP   debian/linux-image-6.13.0-sm8250/lib/modules/6.13.0-sm8250/kernel/sound/soc/codecs/snd-soc-tlv320aic31xx.ko
  STRIP   debian/linux-image-6.13.0-sm8250/lib/modules/6.13.0-sm8250/kernel/sound/soc/codecs/snd-soc-tas2552.ko
  INSTALL debian/linux-image-6.13.0-sm8250/lib/modules/6.13.0-sm8250/kernel/sound/soc/codecs/snd-soc-tlv320aic32x4.ko
  INSTALL debian/linux-image-6.13.0-sm8250/lib/modules/6.13.0-sm8250/kernel/sound/soc/codecs/snd-soc-tlv320aic32x4-i2c.ko
  INSTALL debian/linux-image-6.13.0-sm8250/lib/modules/6.13.0-sm8250/kernel/sound/soc/codecs/snd-soc-tlv320aic3x.ko
  STRIP   debian/linux-image-6.13.0-sm8250/lib/modules/6.13.0-sm8250/kernel/sound/soc/codecs/snd-soc-tlv320aic32x4.ko
  INSTALL debian/linux-image-6.13.0-sm8250/lib/modules/6.13.0-sm8250/kernel/sound/soc/codecs/snd-soc-tlv320aic3x-i2c.ko
  STRIP   debian/linux-image-6.13.0-sm8250/lib/modules/6.13.0-sm8250/kernel/sound/soc/codecs/snd-soc-tlv320aic32x4-i2c.ko
  STRIP   debian/linux-image-6.13.0-sm8250/lib/modules/6.13.0-sm8250/kernel/sound/soc/codecs/snd-soc-tlv320aic3x.ko
  INSTALL debian/linux-image-6.13.0-sm8250/lib/modules/6.13.0-sm8250/kernel/sound/soc/codecs/snd-soc-ts3a227e.ko
  STRIP   debian/linux-image-6.13.0-sm8250/lib/modules/6.13.0-sm8250/kernel/sound/soc/codecs/snd-soc-tlv320aic3x-i2c.ko
  INSTALL debian/linux-image-6.13.0-sm8250/lib/modules/6.13.0-sm8250/kernel/sound/soc/codecs/snd-soc-wcd-classh.ko
  STRIP   debian/linux-image-6.13.0-sm8250/lib/modules/6.13.0-sm8250/kernel/sound/soc/codecs/snd-soc-ts3a227e.ko
  INSTALL debian/linux-image-6.13.0-sm8250/lib/modules/6.13.0-sm8250/kernel/sound/soc/codecs/snd-soc-wcd-mbhc.ko
  INSTALL debian/linux-image-6.13.0-sm8250/lib/modules/6.13.0-sm8250/kernel/sound/soc/codecs/snd-soc-wcd9335.ko
  STRIP   debian/linux-image-6.13.0-sm8250/lib/modules/6.13.0-sm8250/kernel/sound/soc/codecs/snd-soc-wcd-classh.ko
  STRIP   debian/linux-image-6.13.0-sm8250/lib/modules/6.13.0-sm8250/kernel/sound/soc/codecs/snd-soc-wcd-mbhc.ko
  STRIP   debian/linux-image-6.13.0-sm8250/lib/modules/6.13.0-sm8250/kernel/sound/soc/codecs/snd-soc-wcd9335.ko
  INSTALL debian/linux-image-6.13.0-sm8250/lib/modules/6.13.0-sm8250/kernel/sound/soc/codecs/snd-soc-wcd934x.ko
  INSTALL debian/linux-image-6.13.0-sm8250/lib/modules/6.13.0-sm8250/kernel/sound/soc/codecs/snd-soc-wcd938x.ko
  STRIP   debian/linux-image-6.13.0-sm8250/lib/modules/6.13.0-sm8250/kernel/sound/soc/codecs/snd-soc-wcd934x.ko
  STRIP   debian/linux-image-6.13.0-sm8250/lib/modules/6.13.0-sm8250/kernel/sound/soc/codecs/snd-soc-wcd938x.ko
  INSTALL debian/linux-image-6.13.0-sm8250/lib/modules/6.13.0-sm8250/kernel/sound/soc/codecs/snd-soc-wcd938x-sdw.ko
  INSTALL debian/linux-image-6.13.0-sm8250/lib/modules/6.13.0-sm8250/kernel/sound/soc/codecs/snd-soc-wcd939x.ko
  INSTALL debian/linux-image-6.13.0-sm8250/lib/modules/6.13.0-sm8250/kernel/sound/soc/codecs/snd-soc-wcd939x-sdw.ko
  STRIP   debian/linux-image-6.13.0-sm8250/lib/modules/6.13.0-sm8250/kernel/sound/soc/codecs/snd-soc-wcd938x-sdw.ko
  INSTALL debian/linux-image-6.13.0-sm8250/lib/modules/6.13.0-sm8250/kernel/sound/soc/codecs/snd-soc-wm8524.ko
  STRIP   debian/linux-image-6.13.0-sm8250/lib/modules/6.13.0-sm8250/kernel/sound/soc/codecs/snd-soc-wcd939x.ko
  STRIP   debian/linux-image-6.13.0-sm8250/lib/modules/6.13.0-sm8250/kernel/sound/soc/codecs/snd-soc-wcd939x-sdw.ko
  STRIP   debian/linux-image-6.13.0-sm8250/lib/modules/6.13.0-sm8250/kernel/sound/soc/codecs/snd-soc-wm8524.ko
  INSTALL debian/linux-image-6.13.0-sm8250/lib/modules/6.13.0-sm8250/kernel/sound/soc/codecs/snd-soc-wm8978.ko
  INSTALL debian/linux-image-6.13.0-sm8250/lib/modules/6.13.0-sm8250/kernel/sound/soc/codecs/snd-soc-wm-adsp.ko
  INSTALL debian/linux-image-6.13.0-sm8250/lib/modules/6.13.0-sm8250/kernel/sound/soc/codecs/snd-soc-wsa881x.ko
  INSTALL debian/linux-image-6.13.0-sm8250/lib/modules/6.13.0-sm8250/kernel/sound/soc/codecs/snd-soc-wsa883x.ko
  INSTALL debian/linux-image-6.13.0-sm8250/lib/modules/6.13.0-sm8250/kernel/sound/soc/codecs/snd-soc-wsa884x.ko
  STRIP   debian/linux-image-6.13.0-sm8250/lib/modules/6.13.0-sm8250/kernel/sound/soc/codecs/snd-soc-wm-adsp.ko
  STRIP   debian/linux-image-6.13.0-sm8250/lib/modules/6.13.0-sm8250/kernel/sound/soc/codecs/snd-soc-wm8978.ko
  STRIP   debian/linux-image-6.13.0-sm8250/lib/modules/6.13.0-sm8250/kernel/sound/soc/codecs/snd-soc-wsa881x.ko
  STRIP   debian/linux-image-6.13.0-sm8250/lib/modules/6.13.0-sm8250/kernel/sound/soc/codecs/snd-soc-wsa883x.ko
  STRIP   debian/linux-image-6.13.0-sm8250/lib/modules/6.13.0-sm8250/kernel/sound/soc/codecs/snd-soc-wsa884x.ko
  INSTALL debian/linux-image-6.13.0-sm8250/lib/modules/6.13.0-sm8250/kernel/sound/soc/codecs/snd-soc-lpass-macro-common.ko
  INSTALL debian/linux-image-6.13.0-sm8250/lib/modules/6.13.0-sm8250/kernel/sound/soc/codecs/snd-soc-lpass-wsa-macro.ko
  STRIP   debian/linux-image-6.13.0-sm8250/lib/modules/6.13.0-sm8250/kernel/sound/soc/codecs/snd-soc-lpass-macro-common.ko
  STRIP   debian/linux-image-6.13.0-sm8250/lib/modules/6.13.0-sm8250/kernel/sound/soc/codecs/snd-soc-lpass-wsa-macro.ko
  INSTALL debian/linux-image-6.13.0-sm8250/lib/modules/6.13.0-sm8250/kernel/sound/soc/codecs/snd-soc-lpass-va-macro.ko
  INSTALL debian/linux-image-6.13.0-sm8250/lib/modules/6.13.0-sm8250/kernel/sound/soc/codecs/snd-soc-lpass-rx-macro.ko
  INSTALL debian/linux-image-6.13.0-sm8250/lib/modules/6.13.0-sm8250/kernel/sound/soc/codecs/snd-soc-lpass-tx-macro.ko
  STRIP   debian/linux-image-6.13.0-sm8250/lib/modules/6.13.0-sm8250/kernel/sound/soc/codecs/snd-soc-lpass-va-macro.ko
  INSTALL debian/linux-image-6.13.0-sm8250/lib/modules/6.13.0-sm8250/kernel/sound/soc/codecs/snd-soc-simple-mux.ko
  STRIP   debian/linux-image-6.13.0-sm8250/lib/modules/6.13.0-sm8250/kernel/sound/soc/codecs/snd-soc-lpass-rx-macro.ko
  STRIP   debian/linux-image-6.13.0-sm8250/lib/modules/6.13.0-sm8250/kernel/sound/soc/codecs/snd-soc-lpass-tx-macro.ko
  INSTALL debian/linux-image-6.13.0-sm8250/lib/modules/6.13.0-sm8250/kernel/sound/soc/generic/snd-soc-simple-card-utils.ko
  INSTALL debian/linux-image-6.13.0-sm8250/lib/modules/6.13.0-sm8250/kernel/sound/soc/generic/snd-soc-audio-graph-card2.ko
  STRIP   debian/linux-image-6.13.0-sm8250/lib/modules/6.13.0-sm8250/kernel/sound/soc/codecs/snd-soc-simple-mux.ko
  STRIP   debian/linux-image-6.13.0-sm8250/lib/modules/6.13.0-sm8250/kernel/sound/soc/generic/snd-soc-simple-card-utils.ko
  STRIP   debian/linux-image-6.13.0-sm8250/lib/modules/6.13.0-sm8250/kernel/sound/soc/generic/snd-soc-audio-graph-card2.ko
  INSTALL debian/linux-image-6.13.0-sm8250/lib/modules/6.13.0-sm8250/kernel/sound/soc/fsl/snd-soc-fsl-ssi.ko
  INSTALL debian/linux-image-6.13.0-sm8250/lib/modules/6.13.0-sm8250/kernel/sound/soc/fsl/snd-soc-fsl-esai.ko
  INSTALL debian/linux-image-6.13.0-sm8250/lib/modules/6.13.0-sm8250/kernel/sound/soc/fsl/snd-soc-imx-audmux.ko
  STRIP   debian/linux-image-6.13.0-sm8250/lib/modules/6.13.0-sm8250/kernel/sound/soc/fsl/snd-soc-fsl-esai.ko
  INSTALL debian/linux-image-6.13.0-sm8250/lib/modules/6.13.0-sm8250/kernel/sound/soc/qcom/snd-soc-lpass-cpu.ko
  STRIP   debian/linux-image-6.13.0-sm8250/lib/modules/6.13.0-sm8250/kernel/sound/soc/fsl/snd-soc-fsl-ssi.ko
  STRIP   debian/linux-image-6.13.0-sm8250/lib/modules/6.13.0-sm8250/kernel/sound/soc/fsl/snd-soc-imx-audmux.ko
  INSTALL debian/linux-image-6.13.0-sm8250/lib/modules/6.13.0-sm8250/kernel/sound/soc/qcom/snd-soc-lpass-platform.ko
  STRIP   debian/linux-image-6.13.0-sm8250/lib/modules/6.13.0-sm8250/kernel/sound/soc/qcom/snd-soc-lpass-cpu.ko
  STRIP   debian/linux-image-6.13.0-sm8250/lib/modules/6.13.0-sm8250/kernel/sound/soc/qcom/snd-soc-lpass-platform.ko
  INSTALL debian/linux-image-6.13.0-sm8250/lib/modules/6.13.0-sm8250/kernel/sound/soc/qcom/snd-soc-lpass-apq8016.ko
  INSTALL debian/linux-image-6.13.0-sm8250/lib/modules/6.13.0-sm8250/kernel/sound/soc/qcom/snd-soc-apq8016-sbc.ko
  INSTALL debian/linux-image-6.13.0-sm8250/lib/modules/6.13.0-sm8250/kernel/sound/soc/qcom/snd-soc-apq8096.ko
  INSTALL debian/linux-image-6.13.0-sm8250/lib/modules/6.13.0-sm8250/kernel/sound/soc/qcom/snd-soc-sc8280xp.ko
  STRIP   debian/linux-image-6.13.0-sm8250/lib/modules/6.13.0-sm8250/kernel/sound/soc/qcom/snd-soc-lpass-apq8016.ko
  STRIP   debian/linux-image-6.13.0-sm8250/lib/modules/6.13.0-sm8250/kernel/sound/soc/qcom/snd-soc-apq8016-sbc.ko
  STRIP   debian/linux-image-6.13.0-sm8250/lib/modules/6.13.0-sm8250/kernel/sound/soc/qcom/snd-soc-apq8096.ko
  STRIP   debian/linux-image-6.13.0-sm8250/lib/modules/6.13.0-sm8250/kernel/sound/soc/qcom/snd-soc-sc8280xp.ko
  INSTALL debian/linux-image-6.13.0-sm8250/lib/modules/6.13.0-sm8250/kernel/sound/soc/qcom/snd-soc-sdm845.ko
  INSTALL debian/linux-image-6.13.0-sm8250/lib/modules/6.13.0-sm8250/kernel/sound/soc/qcom/snd-soc-sm8250.ko
  STRIP   debian/linux-image-6.13.0-sm8250/lib/modules/6.13.0-sm8250/kernel/sound/soc/qcom/snd-soc-sdm845.ko
  INSTALL debian/linux-image-6.13.0-sm8250/lib/modules/6.13.0-sm8250/kernel/sound/soc/qcom/snd-soc-qcom-common.ko
  INSTALL debian/linux-image-6.13.0-sm8250/lib/modules/6.13.0-sm8250/kernel/sound/soc/qcom/snd-soc-qcom-sdw.ko
  STRIP   debian/linux-image-6.13.0-sm8250/lib/modules/6.13.0-sm8250/kernel/sound/soc/qcom/snd-soc-sm8250.ko
  INSTALL debian/linux-image-6.13.0-sm8250/lib/modules/6.13.0-sm8250/kernel/sound/soc/qcom/snd-soc-x1e80100.ko
  STRIP   debian/linux-image-6.13.0-sm8250/lib/modules/6.13.0-sm8250/kernel/sound/soc/qcom/snd-soc-qcom-sdw.ko
  STRIP   debian/linux-image-6.13.0-sm8250/lib/modules/6.13.0-sm8250/kernel/sound/soc/qcom/snd-soc-qcom-common.ko
  STRIP   debian/linux-image-6.13.0-sm8250/lib/modules/6.13.0-sm8250/kernel/sound/soc/qcom/snd-soc-x1e80100.ko
  INSTALL debian/linux-image-6.13.0-sm8250/lib/modules/6.13.0-sm8250/kernel/net/802/p8022.ko
  INSTALL debian/linux-image-6.13.0-sm8250/lib/modules/6.13.0-sm8250/kernel/net/802/psnap.ko
  INSTALL debian/linux-image-6.13.0-sm8250/lib/modules/6.13.0-sm8250/kernel/net/802/stp.ko
  STRIP   debian/linux-image-6.13.0-sm8250/lib/modules/6.13.0-sm8250/kernel/net/802/p8022.ko
  STRIP   debian/linux-image-6.13.0-sm8250/lib/modules/6.13.0-sm8250/kernel/net/802/psnap.ko
  STRIP   debian/linux-image-6.13.0-sm8250/lib/modules/6.13.0-sm8250/kernel/net/802/stp.ko
  INSTALL debian/linux-image-6.13.0-sm8250/lib/modules/6.13.0-sm8250/kernel/net/802/garp.ko
  STRIP   debian/linux-image-6.13.0-sm8250/lib/modules/6.13.0-sm8250/kernel/net/802/garp.ko
  INSTALL debian/linux-image-6.13.0-sm8250/lib/modules/6.13.0-sm8250/kernel/net/802/mrp.ko
  INSTALL debian/linux-image-6.13.0-sm8250/lib/modules/6.13.0-sm8250/kernel/net/sched/cls_cgroup.ko
  INSTALL debian/linux-image-6.13.0-sm8250/lib/modules/6.13.0-sm8250/kernel/net/netlink/netlink_diag.ko
  STRIP   debian/linux-image-6.13.0-sm8250/lib/modules/6.13.0-sm8250/kernel/net/802/mrp.ko
  STRIP   debian/linux-image-6.13.0-sm8250/lib/modules/6.13.0-sm8250/kernel/net/sched/cls_cgroup.ko
  STRIP   debian/linux-image-6.13.0-sm8250/lib/modules/6.13.0-sm8250/kernel/net/netlink/netlink_diag.ko
  INSTALL debian/linux-image-6.13.0-sm8250/lib/modules/6.13.0-sm8250/kernel/net/netfilter/nfnetlink.ko
  INSTALL debian/linux-image-6.13.0-sm8250/lib/modules/6.13.0-sm8250/kernel/net/netfilter/nf_conntrack.ko
  INSTALL debian/linux-image-6.13.0-sm8250/lib/modules/6.13.0-sm8250/kernel/net/netfilter/nf_log_syslog.ko
  STRIP   debian/linux-image-6.13.0-sm8250/lib/modules/6.13.0-sm8250/kernel/net/netfilter/nfnetlink.ko
  INSTALL debian/linux-image-6.13.0-sm8250/lib/modules/6.13.0-sm8250/kernel/net/netfilter/nf_nat.ko
  STRIP   debian/linux-image-6.13.0-sm8250/lib/modules/6.13.0-sm8250/kernel/net/netfilter/nf_conntrack.ko
  INSTALL debian/linux-image-6.13.0-sm8250/lib/modules/6.13.0-sm8250/kernel/net/netfilter/nf_tables.ko
  STRIP   debian/linux-image-6.13.0-sm8250/lib/modules/6.13.0-sm8250/kernel/net/netfilter/nf_log_syslog.ko
  STRIP   debian/linux-image-6.13.0-sm8250/lib/modules/6.13.0-sm8250/kernel/net/netfilter/nf_nat.ko
  INSTALL debian/linux-image-6.13.0-sm8250/lib/modules/6.13.0-sm8250/kernel/net/netfilter/nft_ct.ko
  INSTALL debian/linux-image-6.13.0-sm8250/lib/modules/6.13.0-sm8250/kernel/net/netfilter/nft_limit.ko
  STRIP   debian/linux-image-6.13.0-sm8250/lib/modules/6.13.0-sm8250/kernel/net/netfilter/nf_tables.ko
  STRIP   debian/linux-image-6.13.0-sm8250/lib/modules/6.13.0-sm8250/kernel/net/netfilter/nft_ct.ko
  STRIP   debian/linux-image-6.13.0-sm8250/lib/modules/6.13.0-sm8250/kernel/net/netfilter/nft_limit.ko
  INSTALL debian/linux-image-6.13.0-sm8250/lib/modules/6.13.0-sm8250/kernel/net/netfilter/nft_nat.ko
  STRIP   debian/linux-image-6.13.0-sm8250/lib/modules/6.13.0-sm8250/kernel/net/netfilter/nft_nat.ko
  INSTALL debian/linux-image-6.13.0-sm8250/lib/modules/6.13.0-sm8250/kernel/net/netfilter/nft_reject.ko
  INSTALL debian/linux-image-6.13.0-sm8250/lib/modules/6.13.0-sm8250/kernel/net/netfilter/nft_reject_inet.ko
  STRIP   debian/linux-image-6.13.0-sm8250/lib/modules/6.13.0-sm8250/kernel/net/netfilter/nft_reject_inet.ko
  STRIP   debian/linux-image-6.13.0-sm8250/lib/modules/6.13.0-sm8250/kernel/net/netfilter/nft_reject.ko
  INSTALL debian/linux-image-6.13.0-sm8250/lib/modules/6.13.0-sm8250/kernel/net/netfilter/nft_log.ko
  INSTALL debian/linux-image-6.13.0-sm8250/lib/modules/6.13.0-sm8250/kernel/net/netfilter/nft_masq.ko
  INSTALL debian/linux-image-6.13.0-sm8250/lib/modules/6.13.0-sm8250/kernel/net/netfilter/nft_fib.ko
  STRIP   debian/linux-image-6.13.0-sm8250/lib/modules/6.13.0-sm8250/kernel/net/netfilter/nft_log.ko
  STRIP   debian/linux-image-6.13.0-sm8250/lib/modules/6.13.0-sm8250/kernel/net/netfilter/nft_masq.ko
  STRIP   debian/linux-image-6.13.0-sm8250/lib/modules/6.13.0-sm8250/kernel/net/netfilter/nft_fib.ko
  INSTALL debian/linux-image-6.13.0-sm8250/lib/modules/6.13.0-sm8250/kernel/net/netfilter/nft_chain_nat.ko
  STRIP   debian/linux-image-6.13.0-sm8250/lib/modules/6.13.0-sm8250/kernel/net/netfilter/nft_chain_nat.ko
  INSTALL debian/linux-image-6.13.0-sm8250/lib/modules/6.13.0-sm8250/kernel/net/netfilter/xt_tcpudp.ko
  INSTALL debian/linux-image-6.13.0-sm8250/lib/modules/6.13.0-sm8250/kernel/net/netfilter/xt_mark.ko
  INSTALL debian/linux-image-6.13.0-sm8250/lib/modules/6.13.0-sm8250/kernel/net/netfilter/xt_nat.ko
  INSTALL debian/linux-image-6.13.0-sm8250/lib/modules/6.13.0-sm8250/kernel/net/netfilter/x_tables.ko
  INSTALL debian/linux-image-6.13.0-sm8250/lib/modules/6.13.0-sm8250/kernel/net/netfilter/xt_CHECKSUM.ko
  STRIP   debian/linux-image-6.13.0-sm8250/lib/modules/6.13.0-sm8250/kernel/net/netfilter/xt_tcpudp.ko
  STRIP   debian/linux-image-6.13.0-sm8250/lib/modules/6.13.0-sm8250/kernel/net/netfilter/x_tables.ko
  STRIP   debian/linux-image-6.13.0-sm8250/lib/modules/6.13.0-sm8250/kernel/net/netfilter/xt_mark.ko
  STRIP   debian/linux-image-6.13.0-sm8250/lib/modules/6.13.0-sm8250/kernel/net/netfilter/xt_nat.ko
  STRIP   debian/linux-image-6.13.0-sm8250/lib/modules/6.13.0-sm8250/kernel/net/netfilter/xt_CHECKSUM.ko
  INSTALL debian/linux-image-6.13.0-sm8250/lib/modules/6.13.0-sm8250/kernel/net/netfilter/xt_LOG.ko
  INSTALL debian/linux-image-6.13.0-sm8250/lib/modules/6.13.0-sm8250/kernel/net/netfilter/xt_REDIRECT.ko
  INSTALL debian/linux-image-6.13.0-sm8250/lib/modules/6.13.0-sm8250/kernel/net/netfilter/xt_MASQUERADE.ko
  INSTALL debian/linux-image-6.13.0-sm8250/lib/modules/6.13.0-sm8250/kernel/net/netfilter/xt_TCPMSS.ko
  STRIP   debian/linux-image-6.13.0-sm8250/lib/modules/6.13.0-sm8250/kernel/net/netfilter/xt_LOG.ko
  INSTALL debian/linux-image-6.13.0-sm8250/lib/modules/6.13.0-sm8250/kernel/net/netfilter/xt_addrtype.ko
  STRIP   debian/linux-image-6.13.0-sm8250/lib/modules/6.13.0-sm8250/kernel/net/netfilter/xt_REDIRECT.ko
  STRIP   debian/linux-image-6.13.0-sm8250/lib/modules/6.13.0-sm8250/kernel/net/netfilter/xt_TCPMSS.ko
  STRIP   debian/linux-image-6.13.0-sm8250/lib/modules/6.13.0-sm8250/kernel/net/netfilter/xt_MASQUERADE.ko
  HOSTCC  scripts/kallsyms
  STRIP   debian/linux-image-6.13.0-sm8250/lib/modules/6.13.0-sm8250/kernel/net/netfilter/xt_addrtype.ko
  INSTALL debian/linux-image-6.13.0-sm8250/lib/modules/6.13.0-sm8250/kernel/net/netfilter/xt_comment.ko
  INSTALL debian/linux-image-6.13.0-sm8250/lib/modules/6.13.0-sm8250/kernel/net/netfilter/xt_conntrack.ko
  HOSTCC  scripts/sorttable
  HOSTCC  scripts/asn1_compiler
  INSTALL debian/linux-image-6.13.0-sm8250/lib/modules/6.13.0-sm8250/kernel/net/netfilter/xt_ipvs.ko
  STRIP   debian/linux-image-6.13.0-sm8250/lib/modules/6.13.0-sm8250/kernel/net/netfilter/xt_comment.ko
  STRIP   debian/linux-image-6.13.0-sm8250/lib/modules/6.13.0-sm8250/kernel/net/netfilter/xt_ipvs.ko
  STRIP   debian/linux-image-6.13.0-sm8250/lib/modules/6.13.0-sm8250/kernel/net/netfilter/xt_conntrack.ko
  INSTALL debian/linux-image-6.13.0-sm8250/lib/modules/6.13.0-sm8250/kernel/net/netfilter/xt_tcpmss.ko
  INSTALL debian/linux-image-6.13.0-sm8250/lib/modules/6.13.0-sm8250/kernel/net/netfilter/ipvs/ip_vs.ko
  STRIP   debian/linux-image-6.13.0-sm8250/lib/modules/6.13.0-sm8250/kernel/net/netfilter/xt_tcpmss.ko
  INSTALL debian/linux-image-6.13.0-sm8250/lib/modules/6.13.0-sm8250/kernel/net/netfilter/ipvs/ip_vs_rr.ko
  INSTALL debian/linux-image-6.13.0-sm8250/lib/modules/6.13.0-sm8250/kernel/net/ipv4/netfilter/nf_defrag_ipv4.ko
  STRIP   debian/linux-image-6.13.0-sm8250/lib/modules/6.13.0-sm8250/kernel/net/netfilter/ipvs/ip_vs.ko
  STRIP   debian/linux-image-6.13.0-sm8250/lib/modules/6.13.0-sm8250/kernel/net/netfilter/ipvs/ip_vs_rr.ko
  INSTALL debian/linux-image-6.13.0-sm8250/lib/modules/6.13.0-sm8250/kernel/net/ipv4/netfilter/nf_reject_ipv4.ko
  STRIP   debian/linux-image-6.13.0-sm8250/lib/modules/6.13.0-sm8250/kernel/net/ipv4/netfilter/nf_defrag_ipv4.ko
  INSTALL debian/linux-image-6.13.0-sm8250/lib/modules/6.13.0-sm8250/kernel/net/ipv4/netfilter/nft_reject_ipv4.ko
  STRIP   debian/linux-image-6.13.0-sm8250/lib/modules/6.13.0-sm8250/kernel/net/ipv4/netfilter/nf_reject_ipv4.ko
  INSTALL debian/linux-image-6.13.0-sm8250/lib/modules/6.13.0-sm8250/kernel/net/ipv4/netfilter/nft_fib_ipv4.ko
  INSTALL debian/linux-image-6.13.0-sm8250/lib/modules/6.13.0-sm8250/kernel/net/ipv4/netfilter/ip_tables.ko
  STRIP   debian/linux-image-6.13.0-sm8250/lib/modules/6.13.0-sm8250/kernel/net/ipv4/netfilter/nft_reject_ipv4.ko
  INSTALL debian/linux-image-6.13.0-sm8250/lib/modules/6.13.0-sm8250/kernel/net/ipv4/netfilter/iptable_filter.ko
  INSTALL debian/linux-image-6.13.0-sm8250/lib/modules/6.13.0-sm8250/kernel/net/ipv4/netfilter/iptable_mangle.ko
  STRIP   debian/linux-image-6.13.0-sm8250/lib/modules/6.13.0-sm8250/kernel/net/ipv4/netfilter/nft_fib_ipv4.ko
  STRIP   debian/linux-image-6.13.0-sm8250/lib/modules/6.13.0-sm8250/kernel/net/ipv4/netfilter/ip_tables.ko
  STRIP   debian/linux-image-6.13.0-sm8250/lib/modules/6.13.0-sm8250/kernel/net/ipv4/netfilter/iptable_filter.ko
  STRIP   debian/linux-image-6.13.0-sm8250/lib/modules/6.13.0-sm8250/kernel/net/ipv4/netfilter/iptable_mangle.ko
  INSTALL debian/linux-image-6.13.0-sm8250/lib/modules/6.13.0-sm8250/kernel/net/ipv4/netfilter/iptable_nat.ko
  STRIP   debian/linux-image-6.13.0-sm8250/lib/modules/6.13.0-sm8250/kernel/net/ipv4/netfilter/iptable_nat.ko
  INSTALL debian/linux-image-6.13.0-sm8250/lib/modules/6.13.0-sm8250/kernel/net/ipv4/netfilter/ipt_REJECT.ko
  INSTALL debian/linux-image-6.13.0-sm8250/lib/modules/6.13.0-sm8250/kernel/net/ipv4/ip_tunnel.ko
  STRIP   debian/linux-image-6.13.0-sm8250/lib/modules/6.13.0-sm8250/kernel/net/ipv4/netfilter/ipt_REJECT.ko
  STRIP   debian/linux-image-6.13.0-sm8250/lib/modules/6.13.0-sm8250/kernel/net/ipv4/ip_tunnel.ko
  INSTALL debian/linux-image-6.13.0-sm8250/lib/modules/6.13.0-sm8250/kernel/net/ipv4/udp_tunnel.ko
  INSTALL debian/linux-image-6.13.0-sm8250/lib/modules/6.13.0-sm8250/kernel/net/ipv4/tunnel4.ko
  INSTALL debian/linux-image-6.13.0-sm8250/lib/modules/6.13.0-sm8250/kernel/net/ipv4/tcp_bic.ko
  INSTALL debian/linux-image-6.13.0-sm8250/lib/modules/6.13.0-sm8250/kernel/net/ipv4/tcp_htcp.ko
  STRIP   debian/linux-image-6.13.0-sm8250/lib/modules/6.13.0-sm8250/kernel/net/ipv4/udp_tunnel.ko
  STRIP   debian/linux-image-6.13.0-sm8250/lib/modules/6.13.0-sm8250/kernel/net/ipv4/tunnel4.ko
  STRIP   debian/linux-image-6.13.0-sm8250/lib/modules/6.13.0-sm8250/kernel/net/ipv4/tcp_bic.ko
  INSTALL debian/linux-image-6.13.0-sm8250/lib/modules/6.13.0-sm8250/kernel/net/ipv6/netfilter/ip6_tables.ko
  STRIP   debian/linux-image-6.13.0-sm8250/lib/modules/6.13.0-sm8250/kernel/net/ipv4/tcp_htcp.ko
  INSTALL debian/linux-image-6.13.0-sm8250/lib/modules/6.13.0-sm8250/kernel/net/ipv6/netfilter/ip6table_filter.ko
  INSTALL debian/linux-image-6.13.0-sm8250/lib/modules/6.13.0-sm8250/kernel/net/ipv6/netfilter/ip6table_mangle.ko
  STRIP   debian/linux-image-6.13.0-sm8250/lib/modules/6.13.0-sm8250/kernel/net/ipv6/netfilter/ip6_tables.ko
  STRIP   debian/linux-image-6.13.0-sm8250/lib/modules/6.13.0-sm8250/kernel/net/ipv6/netfilter/ip6table_filter.ko
  STRIP   debian/linux-image-6.13.0-sm8250/lib/modules/6.13.0-sm8250/kernel/net/ipv6/netfilter/ip6table_mangle.ko
  INSTALL debian/linux-image-6.13.0-sm8250/lib/modules/6.13.0-sm8250/kernel/net/ipv6/netfilter/ip6table_nat.ko
  INSTALL debian/linux-image-6.13.0-sm8250/lib/modules/6.13.0-sm8250/kernel/net/ipv6/netfilter/nf_defrag_ipv6.ko
  INSTALL debian/linux-image-6.13.0-sm8250/lib/modules/6.13.0-sm8250/kernel/net/ipv6/netfilter/nf_reject_ipv6.ko
  STRIP   debian/linux-image-6.13.0-sm8250/lib/modules/6.13.0-sm8250/kernel/net/ipv6/netfilter/ip6table_nat.ko
  STRIP   debian/linux-image-6.13.0-sm8250/lib/modules/6.13.0-sm8250/kernel/net/ipv6/netfilter/nf_defrag_ipv6.ko
  STRIP   debian/linux-image-6.13.0-sm8250/lib/modules/6.13.0-sm8250/kernel/net/ipv6/netfilter/nf_reject_ipv6.ko
  INSTALL debian/linux-image-6.13.0-sm8250/lib/modules/6.13.0-sm8250/kernel/net/ipv6/netfilter/nft_reject_ipv6.ko
  INSTALL debian/linux-image-6.13.0-sm8250/lib/modules/6.13.0-sm8250/kernel/net/ipv6/netfilter/nft_fib_ipv6.ko
  INSTALL debian/linux-image-6.13.0-sm8250/lib/modules/6.13.0-sm8250/kernel/net/ipv6/netfilter/ip6t_REJECT.ko
  INSTALL debian/linux-image-6.13.0-sm8250/lib/modules/6.13.0-sm8250/kernel/net/ipv6/ipv6.ko
  STRIP   debian/linux-image-6.13.0-sm8250/lib/modules/6.13.0-sm8250/kernel/net/ipv6/netfilter/nft_reject_ipv6.ko
  STRIP   debian/linux-image-6.13.0-sm8250/lib/modules/6.13.0-sm8250/kernel/net/ipv6/netfilter/nft_fib_ipv6.ko
  STRIP   debian/linux-image-6.13.0-sm8250/lib/modules/6.13.0-sm8250/kernel/net/ipv6/netfilter/ip6t_REJECT.ko
  INSTALL debian/linux-image-6.13.0-sm8250/lib/modules/6.13.0-sm8250/kernel/net/ipv6/sit.ko
  STRIP   debian/linux-image-6.13.0-sm8250/lib/modules/6.13.0-sm8250/kernel/net/ipv6/sit.ko
  INSTALL debian/linux-image-6.13.0-sm8250/lib/modules/6.13.0-sm8250/kernel/net/ipv6/ip6_udp_tunnel.ko
  INSTALL debian/linux-image-6.13.0-sm8250/lib/modules/6.13.0-sm8250/kernel/net/8021q/8021q.ko
  STRIP   debian/linux-image-6.13.0-sm8250/lib/modules/6.13.0-sm8250/kernel/net/ipv6/ipv6.ko
  STRIP   debian/linux-image-6.13.0-sm8250/lib/modules/6.13.0-sm8250/kernel/net/ipv6/ip6_udp_tunnel.ko
  INSTALL debian/linux-image-6.13.0-sm8250/lib/modules/6.13.0-sm8250/kernel/net/wireless/cfg80211.ko
  STRIP   debian/linux-image-6.13.0-sm8250/lib/modules/6.13.0-sm8250/kernel/net/8021q/8021q.ko
  INSTALL debian/linux-image-6.13.0-sm8250/lib/modules/6.13.0-sm8250/kernel/net/llc/llc.ko
  STRIP   debian/linux-image-6.13.0-sm8250/lib/modules/6.13.0-sm8250/kernel/net/wireless/cfg80211.ko
  INSTALL debian/linux-image-6.13.0-sm8250/lib/modules/6.13.0-sm8250/kernel/net/bridge/bridge.ko
  INSTALL debian/linux-image-6.13.0-sm8250/lib/modules/6.13.0-sm8250/kernel/net/bridge/br_netfilter.ko
  STRIP   debian/linux-image-6.13.0-sm8250/lib/modules/6.13.0-sm8250/kernel/net/llc/llc.ko
  INSTALL debian/linux-image-6.13.0-sm8250/lib/modules/6.13.0-sm8250/kernel/net/bluetooth/bluetooth.ko
  STRIP   debian/linux-image-6.13.0-sm8250/lib/modules/6.13.0-sm8250/kernel/net/bridge/bridge.ko
  STRIP   debian/linux-image-6.13.0-sm8250/lib/modules/6.13.0-sm8250/kernel/net/bridge/br_netfilter.ko
  INSTALL debian/linux-image-6.13.0-sm8250/lib/modules/6.13.0-sm8250/kernel/net/bluetooth/hidp/hidp.ko
  INSTALL debian/linux-image-6.13.0-sm8250/lib/modules/6.13.0-sm8250/kernel/net/mac80211/mac80211.ko
  STRIP   debian/linux-image-6.13.0-sm8250/lib/modules/6.13.0-sm8250/kernel/net/bluetooth/bluetooth.ko
  STRIP   debian/linux-image-6.13.0-sm8250/lib/modules/6.13.0-sm8250/kernel/net/bluetooth/hidp/hidp.ko
  INSTALL debian/linux-image-6.13.0-sm8250/lib/modules/6.13.0-sm8250/kernel/net/rfkill/rfkill.ko
  INSTALL debian/linux-image-6.13.0-sm8250/lib/modules/6.13.0-sm8250/kernel/net/nfc/nfc.ko
  STRIP   debian/linux-image-6.13.0-sm8250/lib/modules/6.13.0-sm8250/kernel/net/rfkill/rfkill.ko
  INSTALL debian/linux-image-6.13.0-sm8250/lib/modules/6.13.0-sm8250/kernel/net/nfc/nci/nci.ko
  INSTALL debian/linux-image-6.13.0-sm8250/lib/modules/6.13.0-sm8250/kernel/net/qrtr/qrtr.ko
  STRIP   debian/linux-image-6.13.0-sm8250/lib/modules/6.13.0-sm8250/kernel/net/nfc/nfc.ko
  INSTALL debian/linux-image-6.13.0-sm8250/lib/modules/6.13.0-sm8250/kernel/net/qrtr/qrtr-smd.ko
  STRIP   debian/linux-image-6.13.0-sm8250/lib/modules/6.13.0-sm8250/kernel/net/mac80211/mac80211.ko
  STRIP   debian/linux-image-6.13.0-sm8250/lib/modules/6.13.0-sm8250/kernel/net/nfc/nci/nci.ko
  STRIP   debian/linux-image-6.13.0-sm8250/lib/modules/6.13.0-sm8250/kernel/net/qrtr/qrtr.ko
  STRIP   debian/linux-image-6.13.0-sm8250/lib/modules/6.13.0-sm8250/kernel/net/qrtr/qrtr-smd.ko
  INSTALL debian/linux-image-6.13.0-sm8250/lib/modules/6.13.0-sm8250/kernel/net/qrtr/qrtr-tun.ko
  INSTALL debian/linux-image-6.13.0-sm8250/lib/modules/6.13.0-sm8250/kernel/net/qrtr/qrtr-mhi.ko
  STRIP   debian/linux-image-6.13.0-sm8250/lib/modules/6.13.0-sm8250/kernel/net/qrtr/qrtr-mhi.ko
  STRIP   debian/linux-image-6.13.0-sm8250/lib/modules/6.13.0-sm8250/kernel/net/qrtr/qrtr-tun.ko
  DEPMOD  debian/linux-image-6.13.0-sm8250/lib/modules/6.13.0-sm8250
make[7]: 离开目录“/root/linux-nikroks-alioth/debian/linux-headers-6.13.0-sm8250/usr/src/linux-headers-6.13.0-sm8250”
make[6]: 离开目录“/root/linux-nikroks-alioth”
make[6]: 进入目录“/root/linux-nikroks-alioth”
make[7]: 进入目录“/root/linux-nikroks-alioth/debian/linux-headers-6.13.0-sm8250/usr/src/linux-headers-6.13.0-sm8250”
dpkg-deb: 正在 '../linux-libc-dev_6.13.0-9_arm64.deb' 中构建软件包 'linux-libc-dev'。
  HOSTCC  scripts/mod/modpost.o
  HOSTCC  scripts/mod/file2alias.o
  HOSTCC  scripts/mod/sumversion.o
  HOSTCC  scripts/basic/fixdep
  HOSTCC  scripts/mod/symsearch.o
  HOSTLD  scripts/mod/modpost
make[7]: 离开目录“/root/linux-nikroks-alioth/debian/linux-headers-6.13.0-sm8250/usr/src/linux-headers-6.13.0-sm8250”
make[6]: 离开目录“/root/linux-nikroks-alioth”
dpkg-deb: 正在 '../linux-image-6.13.0-sm8250_6.13.0-9_arm64.deb' 中构建软件包 'linux-image-6.13.0-sm8250'。
dpkg-deb: 正在 '../linux-headers-6.13.0-sm8250_6.13.0-9_arm64.deb' 中构建软件包 'linux-headers-6.13.0-sm8250'。
dpkg-deb: 正在 '../linux-image-6.13.0-sm8250-dbg_6.13.0-9_arm64.deb' 中构建软件包 'linux-image-6.13.0-sm8250-dbg'。
[1mdpkg-genchanges: [0m[32minfo[0m: binary-only upload (no source code included)
[1mdpkg-buildpackage: [0m[32minfo[0m: binary-only upload (no source included)
